timestamp,frame_index,source_mode,tracker_source,event,tracking_active,tracker_ok,bbox_x,bbox_y,bbox_w,bbox_h,gt_x,gt_y,gt_w,gt_h,error_x,error_y,area_ratio,iou,center_error,planned_lr,planned_fb,planned_ud,planned_yaw,sent_lr,sent_fb,sent_ud,sent_yaw,flying,battery_level,processing_ms
2026-04-02T15:37:08.101,1,sequence,KCF,auto_initialized,True,True,352,241,28,76,352,241,28,76,46.0,39.0,1.0,1.0,0.0,0,0,-7,10,0,0,0,0,False,-1,12.512
2026-04-02T15:37:08.395,2,sequence,KCF,,True,True,352,241,28,76,352,241,28,76,46.0,39.0,1.0,1.0,0.0,0,0,-7,10,0,0,0,0,False,-1,36.608
2026-04-02T15:37:08.440,3,sequence,KCF,,True,True,352,241,28,76,352,241,28,76,46.0,39.0,1.0,1.0,0.0,0,0,-7,10,0,0,0,0,False,-1,38.49
2026-04-02T15:37:08.481,4,sequence,KCF,,True,True,352,241,28,76,352,241,28,76,46.0,39.0,1.0,1.0,0.0,0,0,-7,10,0,0,0,0,False,-1,35.651
2026-04-02T15:37:08.518,5,sequence,KCF,,True,True,352,241,28,76,352,241,28,76,46.0,39.0,1.0,1.0,0.0,0,0,-7,10,0,0,0,0,False,-1,31.943
2026-04-02T15:37:08.561,6,sequence,KCF,,True,True,355,243,28,76,354,242,28,77,49.0,41.0,1.0,0.919355,1.118034,0,0,-8,10,0,0,0,0,False,-1,38.697
2026-04-02T15:37:08.594,7,sequence,KCF,,True,True,355,243,28,76,354,243,28,77,49.0,41.0,1.0,0.919355,1.118034,0,0,-8,10,0,0,0,0,False,-1,28.169
2026-04-02T15:37:08.632,8,sequence,KCF,,True,True,358,245,28,76,357,245,28,77,52.0,43.0,1.0,0.919355,1.118034,0,0,-8,11,0,0,0,0,False,-1,34.058
2026-04-02T15:37:08.674,9,sequence,KCF,,True,True,360,247,28,76,359,247,29,77,54.0,45.0,1.0,0.952978,0.707107,0,0,-9,11,0,0,0,0,False,-1,34.69
2026-04-02T15:37:08.720,10,sequence,KCF,,True,True,363,249,28,76,362,249,29,78,57.0,47.0,1.0,0.94076,1.118034,0,0,-9,12,0,0,0,0,False,-1,39.044
2026-04-02T15:37:08.759,11,sequence,KCF,,True,True,365,251,28,76,363,250,30,79,59.0,49.0,1.0,0.89789,1.118034,0,0,-9,12,0,0,0,0,False,-1,32.998
2026-04-02T15:37:08.796,12,sequence,KCF,,True,True,367,253,28,76,365,251,30,79,61.0,51.0,1.0,0.89789,1.118034,0,0,-10,13,0,0,0,0,False,-1,30.578
2026-04-02T15:37:08.830,13,sequence,KCF,,True,True,369,254,28,76,366,252,32,80,63.0,52.0,1.0,0.83125,1.0,0,0,-10,13,0,0,0,0,False,-1,28.331
2026-04-02T15:37:08.866,14,sequence,KCF,,True,True,372,255,28,76,368,253,32,80,66.0,53.0,1.0,0.83125,2.0,0,0,-10,14,0,0,0,0,False,-1,28.427
2026-04-02T15:37:08.903,15,sequence,KCF,,True,True,374,256,28,76,371,254,33,80,68.0,54.0,1.0,0.806061,0.5,0,0,-10,14,0,0,0,0,False,-1,29.19
2026-04-02T15:37:08.932,16,sequence,KCF,target_lost,False,False,,,,,373,255,34,80,,,,,,0,0,0,0,0,0,0,0,False,-1,23.002
2026-04-02T15:37:08.963,17,sequence,KCF,,False,,,,,,374,255,35,81,,,,,,0,0,0,0,0,0,0,0,False,-1,24.724
2026-04-02T15:37:08.993,18,sequence,KCF,,False,,,,,,376,256,37,83,,,,,,0,0,0,0,0,0,0,0,False,-1,23.902
2026-04-02T15:37:09.031,19,sequence,KCF,,False,,,,,,378,257,38,85,,,,,,0,0,0,0,0,0,0,0,False,-1,31.828
2026-04-02T15:37:09.063,20,sequence,KCF,,False,,,,,,379,257,38,85,,,,,,0,0,0,0,0,0,0,0,False,-1,25.908
2026-04-02T15:37:09.091,21,sequence,KCF,,False,,,,,,380,258,38,85,,,,,,0,0,0,0,0,0,0,0,False,-1,21.216
2026-04-02T15:37:09.125,22,sequence,KCF,,False,,,,,,381,259,38,85,,,,,,0,0,0,0,0,0,0,0,False,-1,27.79
2026-04-02T15:37:09.166,23,sequence,KCF,,False,,,,,,382,259,38,86,,,,,,0,0,0,0,0,0,0,0,False,-1,36.309
2026-04-02T15:37:09.194,24,sequence,KCF,,False,,,,,,384,259,37,87,,,,,,0,0,0,0,0,0,0,0,False,-1,24.945
2026-04-02T15:37:09.231,25,sequence,KCF,,False,,,,,,386,259,36,89,,,,,,0,0,0,0,0,0,0,0,False,-1,34.754
2026-04-02T15:37:09.259,26,sequence,KCF,,False,,,,,,388,259,36,89,,,,,,0,0,0,0,0,0,0,0,False,-1,24.805
2026-04-02T15:37:09.283,27,sequence,KCF,,False,,,,,,389,258,38,91,,,,,,0,0,0,0,0,0,0,0,False,-1,20.794
2026-04-02T15:37:09.299,28,sequence,KCF,,False,,,,,,390,258,38,91,,,,,,0,0,0,0,0,0,0,0,False,-1,14.502
2026-04-02T15:37:09.315,29,sequence,KCF,,False,,,,,,392,259,38,92,,,,,,0,0,0,0,0,0,0,0,False,-1,12.42
2026-04-02T15:37:09.329,30,sequence,KCF,,False,,,,,,394,259,38,93,,,,,,0,0,0,0,0,0,0,0,False,-1,12.191
2026-04-02T15:37:09.346,31,sequence,KCF,,False,,,,,,396,260,37,93,,,,,,0,0,0,0,0,0,0,0,False,-1,13.945
2026-04-02T15:37:09.364,32,sequence,KCF,,False,,,,,,396,259,38,94,,,,,,0,0,0,0,0,0,0,0,False,-1,14.587
2026-04-02T15:37:09.381,33,sequence,KCF,,False,,,,,,396,259,38,95,,,,,,0,0,0,0,0,0,0,0,False,-1,15.149
2026-04-02T15:37:09.401,34,sequence,KCF,,False,,,,,,396,259,39,95,,,,,,0,0,0,0,0,0,0,0,False,-1,16.016
2026-04-02T15:37:09.422,35,sequence,KCF,,False,,,,,,396,258,39,96,,,,,,0,0,0,0,0,0,0,0,False,-1,17.249
2026-04-02T15:37:09.445,36,sequence,KCF,,False,,,,,,396,257,40,97,,,,,,0,0,0,0,0,0,0,0,False,-1,19.22
2026-04-02T15:37:09.466,37,sequence,KCF,,False,,,,,,396,256,40,98,,,,,,0,0,0,0,0,0,0,0,False,-1,16.922
2026-04-02T15:37:09.481,38,sequence,KCF,,False,,,,,,396,256,40,98,,,,,,0,0,0,0,0,0,0,0,False,-1,12.596
2026-04-02T15:37:09.497,39,sequence,KCF,,False,,,,,,395,256,41,98,,,,,,0,0,0,0,0,0,0,0,False,-1,13.486
2026-04-02T15:37:09.513,40,sequence,KCF,,False,,,,,,395,256,42,98,,,,,,0,0,0,0,0,0,0,0,False,-1,13.197
2026-04-02T15:37:09.535,41,sequence,KCF,,False,,,,,,395,255,43,99,,,,,,0,0,0,0,0,0,0,0,False,-1,18.77
2026-04-02T15:37:09.555,42,sequence,KCF,,False,,,,,,395,255,44,99,,,,,,0,0,0,0,0,0,0,0,False,-1,16.562
2026-04-02T15:37:09.576,43,sequence,KCF,,False,,,,,,395,255,44,100,,,,,,0,0,0,0,0,0,0,0,False,-1,18.454
2026-04-02T15:37:09.596,44,sequence,KCF,,False,,,,,,395,253,45,101,,,,,,0,0,0,0,0,0,0,0,False,-1,16.542
2026-04-02T15:37:09.614,45,sequence,KCF,,False,,,,,,395,253,46,103,,,,,,0,0,0,0,0,0,0,0,False,-1,14.482
2026-04-02T15:37:09.631,46,sequence,KCF,,False,,,,,,395,251,46,105,,,,,,0,0,0,0,0,0,0,0,False,-1,14.713
2026-04-02T15:37:09.647,47,sequence,KCF,,False,,,,,,396,252,46,105,,,,,,0,0,0,0,0,0,0,0,False,-1,12.974
2026-04-02T15:37:09.659,48,sequence,KCF,,False,,,,,,396,252,46,105,,,,,,0,0,0,0,0,0,0,0,False,-1,11.022
2026-04-02T15:37:09.674,49,sequence,KCF,,False,,,,,,397,253,45,105,,,,,,0,0,0,0,0,0,0,0,False,-1,11.74
2026-04-02T15:37:09.688,50,sequence,KCF,,False,,,,,,398,253,46,105,,,,,,0,0,0,0,0,0,0,0,False,-1,12.336
2026-04-02T15:37:09.707,51,sequence,KCF,,False,,,,,,398,252,46,105,,,,,,0,0,0,0,0,0,0,0,False,-1,15.682
2026-04-02T15:37:09.726,52,sequence,KCF,,False,,,,,,398,252,47,106,,,,,,0,0,0,0,0,0,0,0,False,-1,15.705
2026-04-02T15:37:09.745,53,sequence,KCF,,False,,,,,,399,251,48,108,,,,,,0,0,0,0,0,0,0,0,False,-1,16.203
2026-04-02T15:37:09.762,54,sequence,KCF,,False,,,,,,400,251,48,110,,,,,,0,0,0,0,0,0,0,0,False,-1,13.709
2026-04-02T15:37:09.780,55,sequence,KCF,,False,,,,,,400,251,50,112,,,,,,0,0,0,0,0,0,0,0,False,-1,15.502
2026-04-02T15:37:09.802,56,sequence,KCF,,False,,,,,,400,250,50,113,,,,,,0,0,0,0,0,0,0,0,False,-1,18.445
2026-04-02T15:37:09.822,57,sequence,KCF,,False,,,,,,401,249,52,114,,,,,,0,0,0,0,0,0,0,0,False,-1,16.349
2026-04-02T15:37:09.840,58,sequence,KCF,,False,,,,,,401,249,53,115,,,,,,0,0,0,0,0,0,0,0,False,-1,16.208
2026-04-02T15:37:09.859,59,sequence,KCF,,False,,,,,,402,249,54,116,,,,,,0,0,0,0,0,0,0,0,False,-1,15.321
2026-04-02T15:37:09.877,60,sequence,KCF,,False,,,,,,403,248,54,117,,,,,,0,0,0,0,0,0,0,0,False,-1,15.345
2026-04-02T15:37:09.893,61,sequence,KCF,,False,,,,,,404,248,56,119,,,,,,0,0,0,0,0,0,0,0,False,-1,13.048
2026-04-02T15:37:09.908,62,sequence,KCF,,False,,,,,,404,248,56,119,,,,,,0,0,0,0,0,0,0,0,False,-1,12.123
2026-04-02T15:37:09.923,63,sequence,KCF,,False,,,,,,404,247,58,119,,,,,,0,0,0,0,0,0,0,0,False,-1,13.154
2026-04-02T15:37:09.940,64,sequence,KCF,,False,,,,,,403,247,58,119,,,,,,0,0,0,0,0,0,0,0,False,-1,14.287
2026-04-02T15:37:09.959,65,sequence,KCF,,False,,,,,,403,247,60,119,,,,,,0,0,0,0,0,0,0,0,False,-1,16.362
2026-04-02T15:37:09.979,66,sequence,KCF,,False,,,,,,403,247,60,120,,,,,,0,0,0,0,0,0,0,0,False,-1,17.094
2026-04-02T15:37:09.996,67,sequence,KCF,,False,,,,,,403,247,61,121,,,,,,0,0,0,0,0,0,0,0,False,-1,13.816
2026-04-02T15:37:10.010,68,sequence,KCF,,False,,,,,,402,246,62,119,,,,,,0,0,0,0,0,0,0,0,False,-1,11.349
2026-04-02T15:37:10.022,69,sequence,KCF,,False,,,,,,401,245,63,117,,,,,,0,0,0,0,0,0,0,0,False,-1,10.655
2026-04-02T15:37:10.034,70,sequence,KCF,,False,,,,,,400,244,64,116,,,,,,0,0,0,0,0,0,0,0,False,-1,10.116
2026-04-02T15:37:10.047,71,sequence,KCF,,False,,,,,,398,243,65,115,,,,,,0,0,0,0,0,0,0,0,False,-1,10.83
2026-04-02T15:37:10.064,72,sequence,KCF,,False,,,,,,396,243,66,115,,,,,,0,0,0,0,0,0,0,0,False,-1,14.197
2026-04-02T15:37:10.079,73,sequence,KCF,,False,,,,,,395,242,67,115,,,,,,0,0,0,0,0,0,0,0,False,-1,12.817
2026-04-02T15:37:10.098,74,sequence,KCF,,False,,,,,,393,240,68,113,,,,,,0,0,0,0,0,0,0,0,False,-1,16.355
2026-04-02T15:37:10.118,75,sequence,KCF,,False,,,,,,391,239,70,113,,,,,,0,0,0,0,0,0,0,0,False,-1,17.282
2026-04-02T15:37:10.140,76,sequence,KCF,,False,,,,,,389,237,71,111,,,,,,0,0,0,0,0,0,0,0,False,-1,18.068
2026-04-02T15:37:10.160,77,sequence,KCF,,False,,,,,,387,236,72,109,,,,,,0,0,0,0,0,0,0,0,False,-1,16.37
2026-04-02T15:37:10.180,78,sequence,KCF,,False,,,,,,386,235,72,108,,,,,,0,0,0,0,0,0,0,0,False,-1,17.889
2026-04-02T15:37:10.201,79,sequence,KCF,,False,,,,,,384,234,74,106,,,,,,0,0,0,0,0,0,0,0,False,-1,17.835
2026-04-02T15:37:10.219,80,sequence,KCF,,False,,,,,,382,232,72,106,,,,,,0,0,0,0,0,0,0,0,False,-1,14.725
2026-04-02T15:37:10.233,81,sequence,KCF,,False,,,,,,381,231,72,105,,,,,,0,0,0,0,0,0,0,0,False,-1,11.063
2026-04-02T15:37:10.248,82,sequence,KCF,,False,,,,,,380,229,71,105,,,,,,0,0,0,0,0,0,0,0,False,-1,12.924
2026-04-02T15:37:10.262,83,sequence,KCF,,False,,,,,,378,226,72,105,,,,,,0,0,0,0,0,0,0,0,False,-1,12.036
2026-04-02T15:37:10.276,84,sequence,KCF,,False,,,,,,375,224,72,106,,,,,,0,0,0,0,0,0,0,0,False,-1,11.972
2026-04-02T15:37:10.293,85,sequence,KCF,,False,,,,,,373,221,72,106,,,,,,0,0,0,0,0,0,0,0,False,-1,14.482
2026-04-02T15:37:10.313,86,sequence,KCF,,False,,,,,,372,219,73,107,,,,,,0,0,0,0,0,0,0,0,False,-1,16.375
2026-04-02T15:37:10.333,87,sequence,KCF,,False,,,,,,370,217,74,107,,,,,,0,0,0,0,0,0,0,0,False,-1,16.321
2026-04-02T15:37:10.353,88,sequence,KCF,,False,,,,,,368,215,74,108,,,,,,0,0,0,0,0,0,0,0,False,-1,16.911
2026-04-02T15:37:10.373,89,sequence,KCF,,False,,,,,,366,215,74,107,,,,,,0,0,0,0,0,0,0,0,False,-1,17.059
2026-04-02T15:37:10.392,90,sequence,KCF,,False,,,,,,365,215,75,107,,,,,,0,0,0,0,0,0,0,0,False,-1,16.098
2026-04-02T15:37:10.414,91,sequence,KCF,,False,,,,,,363,214,75,106,,,,,,0,0,0,0,0,0,0,0,False,-1,18.395
2026-04-02T15:37:10.435,92,sequence,KCF,,False,,,,,,362,213,76,104,,,,,,0,0,0,0,0,0,0,0,False,-1,16.809
2026-04-02T15:37:10.458,93,sequence,KCF,,False,,,,,,360,213,78,103,,,,,,0,0,0,0,0,0,0,0,False,-1,20.384
2026-04-02T15:37:10.479,94,sequence,KCF,,False,,,,,,358,213,78,101,,,,,,0,0,0,0,0,0,0,0,False,-1,17.372
2026-04-02T15:37:10.501,95,sequence,KCF,,False,,,,,,358,212,78,99,,,,,,0,0,0,0,0,0,0,0,False,-1,18.157
2026-04-02T15:37:10.524,96,sequence,KCF,,False,,,,,,357,212,78,99,,,,,,0,0,0,0,0,0,0,0,False,-1,19.231
2026-04-02T15:37:10.545,97,sequence,KCF,,False,,,,,,356,211,78,97,,,,,,0,0,0,0,0,0,0,0,False,-1,16.743
2026-04-02T15:37:10.565,98,sequence,KCF,,False,,,,,,355,210,79,96,,,,,,0,0,0,0,0,0,0,0,False,-1,17.277
2026-04-02T15:37:10.584,99,sequence,KCF,,False,,,,,,354,209,80,95,,,,,,0,0,0,0,0,0,0,0,False,-1,15.069
2026-04-02T15:37:10.602,100,sequence,KCF,,False,,,,,,353,208,80,94,,,,,,0,0,0,0,0,0,0,0,False,-1,15.374
2026-04-02T15:37:10.619,101,sequence,KCF,,False,,,,,,352,207,80,93,,,,,,0,0,0,0,0,0,0,0,False,-1,14.197
2026-04-02T15:37:10.638,102,sequence,KCF,,False,,,,,,352,206,80,91,,,,,,0,0,0,0,0,0,0,0,False,-1,16.337
2026-04-02T15:37:10.657,103,sequence,KCF,,False,,,,,,350,205,79,89,,,,,,0,0,0,0,0,0,0,0,False,-1,16.387
2026-04-02T15:37:10.672,104,sequence,KCF,,False,,,,,,349,203,80,89,,,,,,0,0,0,0,0,0,0,0,False,-1,12.282
2026-04-02T15:37:10.691,105,sequence,KCF,,False,,,,,,348,201,80,88,,,,,,0,0,0,0,0,0,0,0,False,-1,16.256
2026-04-02T15:37:10.713,106,sequence,KCF,,False,,,,,,346,199,80,87,,,,,,0,0,0,0,0,0,0,0,False,-1,18.305
2026-04-02T15:37:10.733,107,sequence,KCF,,False,,,,,,346,198,80,87,,,,,,0,0,0,0,0,0,0,0,False,-1,17.052
2026-04-02T15:37:10.751,108,sequence,KCF,,False,,,,,,346,197,80,87,,,,,,0,0,0,0,0,0,0,0,False,-1,15.185
2026-04-02T15:37:10.766,109,sequence,KCF,,False,,,,,,346,195,79,87,,,,,,0,0,0,0,0,0,0,0,False,-1,12.753
2026-04-02T15:37:10.784,110,sequence,KCF,,False,,,,,,346,193,78,87,,,,,,0,0,0,0,0,0,0,0,False,-1,15.193
2026-04-02T15:37:10.801,111,sequence,KCF,,False,,,,,,345,191,78,89,,,,,,0,0,0,0,0,0,0,0,False,-1,14.095
2026-04-02T15:37:10.817,112,sequence,KCF,,False,,,,,,344,188,77,89,,,,,,0,0,0,0,0,0,0,0,False,-1,12.936
2026-04-02T15:37:10.829,113,sequence,KCF,,False,,,,,,343,184,78,91,,,,,,0,0,0,0,0,0,0,0,False,-1,11.158
2026-04-02T15:37:10.848,114,sequence,KCF,,False,,,,,,342,180,78,93,,,,,,0,0,0,0,0,0,0,0,False,-1,16.524
2026-04-02T15:37:10.866,115,sequence,KCF,,False,,,,,,340,176,79,95,,,,,,0,0,0,0,0,0,0,0,False,-1,14.338
2026-04-02T15:37:10.883,116,sequence,KCF,,False,,,,,,340,173,78,97,,,,,,0,0,0,0,0,0,0,0,False,-1,14.349
2026-04-02T15:37:10.899,117,sequence,KCF,,False,,,,,,339,171,78,97,,,,,,0,0,0,0,0,0,0,0,False,-1,14.083
2026-04-02T15:37:10.916,118,sequence,KCF,,False,,,,,,338,168,77,99,,,,,,0,0,0,0,0,0,0,0,False,-1,14.395
2026-04-02T15:37:10.931,119,sequence,KCF,,False,,,,,,336,164,76,100,,,,,,0,0,0,0,0,0,0,0,False,-1,12.434
2026-04-02T15:37:10.945,120,sequence,KCF,,False,,,,,,333,161,74,101,,,,,,0,0,0,0,0,0,0,0,False,-1,12.037
2026-04-02T15:37:10.963,121,sequence,KCF,,False,,,,,,330,157,72,102,,,,,,0,0,0,0,0,0,0,0,False,-1,15.67
2026-04-02T15:37:10.981,122,sequence,KCF,,False,,,,,,328,153,72,103,,,,,,0,0,0,0,0,0,0,0,False,-1,15.055
2026-04-02T15:37:11.001,123,sequence,KCF,,False,,,,,,326,151,71,104,,,,,,0,0,0,0,0,0,0,0,False,-1,17.418
2026-04-02T15:37:11.025,124,sequence,KCF,,False,,,,,,323,147,70,105,,,,,,0,0,0,0,0,0,0,0,False,-1,19.93
2026-04-02T15:37:11.047,125,sequence,KCF,,False,,,,,,322,145,68,105,,,,,,0,0,0,0,0,0,0,0,False,-1,18.383
2026-04-02T15:37:11.068,126,sequence,KCF,,False,,,,,,320,144,66,103,,,,,,0,0,0,0,0,0,0,0,False,-1,17.249
2026-04-02T15:37:11.085,127,sequence,KCF,,False,,,,,,318,142,64,103,,,,,,0,0,0,0,0,0,0,0,False,-1,14.237
2026-04-02T15:37:11.098,128,sequence,KCF,,False,,,,,,314,138,63,103,,,,,,0,0,0,0,0,0,0,0,False,-1,11.325
2026-04-02T15:37:11.110,129,sequence,KCF,,False,,,,,,310,133,62,104,,,,,,0,0,0,0,0,0,0,0,False,-1,9.972
2026-04-02T15:37:11.124,130,sequence,KCF,,False,,,,,,305,129,60,105,,,,,,0,0,0,0,0,0,0,0,False,-1,11.423
2026-04-02T15:37:11.140,131,sequence,KCF,,False,,,,,,302,128,60,103,,,,,,0,0,0,0,0,0,0,0,False,-1,14.19
2026-04-02T15:37:11.159,132,sequence,KCF,,False,,,,,,298,127,60,101,,,,,,0,0,0,0,0,0,0,0,False,-1,15.801
2026-04-02T15:37:11.177,133,sequence,KCF,,False,,,,,,294,125,60,99,,,,,,0,0,0,0,0,0,0,0,False,-1,15.345
2026-04-02T15:37:11.192,134,sequence,KCF,,False,,,,,,288,121,60,100,,,,,,0,0,0,0,0,0,0,0,False,-1,12.11
2026-04-02T15:37:11.210,135,sequence,KCF,,False,,,,,,282,117,60,100,,,,,,0,0,0,0,0,0,0,0,False,-1,15.796
2026-04-02T15:37:11.228,136,sequence,KCF,,False,,,,,,276,113,60,101,,,,,,0,0,0,0,0,0,0,0,False,-1,14.846
2026-04-02T15:37:11.247,137,sequence,KCF,,False,,,,,,273,111,58,101,,,,,,0,0,0,0,0,0,0,0,False,-1,15.695
2026-04-02T15:37:11.265,138,sequence,KCF,,False,,,,,,270,109,58,100,,,,,,0,0,0,0,0,0,0,0,False,-1,15.695
2026-04-02T15:37:11.283,139,sequence,KCF,,False,,,,,,266,107,57,100,,,,,,0,0,0,0,0,0,0,0,False,-1,15.631
2026-04-02T15:37:11.303,140,sequence,KCF,,False,,,,,,262,105,56,101,,,,,,0,0,0,0,0,0,0,0,False,-1,16.702
2026-04-02T15:37:11.321,141,sequence,KCF,,False,,,,,,258,101,56,102,,,,,,0,0,0,0,0,0,0,0,False,-1,14.768
2026-04-02T15:37:11.341,142,sequence,KCF,,False,,,,,,254,99,55,103,,,,,,0,0,0,0,0,0,0,0,False,-1,17.011
2026-04-02T15:37:11.362,143,sequence,KCF,,False,,,,,,248,97,54,102,,,,,,0,0,0,0,0,0,0,0,False,-1,18.59
2026-04-02T15:37:11.383,144,sequence,KCF,,False,,,,,,242,94,52,101,,,,,,0,0,0,0,0,0,0,0,False,-1,17.844
2026-04-02T15:37:11.408,145,sequence,KCF,,False,,,,,,236,92,52,101,,,,,,0,0,0,0,0,0,0,0,False,-1,20.076
2026-04-02T15:37:11.430,146,sequence,KCF,,False,,,,,,233,90,50,101,,,,,,0,0,0,0,0,0,0,0,False,-1,18.134
2026-04-02T15:37:11.448,147,sequence,KCF,,False,,,,,,230,89,48,101,,,,,,0,0,0,0,0,0,0,0,False,-1,15.067
2026-04-02T15:37:11.464,148,sequence,KCF,,False,,,,,,226,87,46,102,,,,,,0,0,0,0,0,0,0,0,False,-1,13.147
2026-04-02T15:37:11.477,149,sequence,KCF,,False,,,,,,222,85,46,101,,,,,,0,0,0,0,0,0,0,0,False,-1,11.014
2026-04-02T15:37:11.491,150,sequence,KCF,,False,,,,,,217,85,46,100,,,,,,0,0,0,0,0,0,0,0,False,-1,12.435
2026-04-02T15:37:11.510,151,sequence,KCF,,False,,,,,,212,83,45,99,,,,,,0,0,0,0,0,0,0,0,False,-1,15.642
2026-04-02T15:37:11.528,152,sequence,KCF,,False,,,,,,210,82,44,99,,,,,,0,0,0,0,0,0,0,0,False,-1,15.157
2026-04-02T15:37:11.547,153,sequence,KCF,,False,,,,,,208,81,42,99,,,,,,0,0,0,0,0,0,0,0,False,-1,16.041
2026-04-02T15:37:11.565,154,sequence,KCF,,False,,,,,,206,80,42,100,,,,,,0,0,0,0,0,0,0,0,False,-1,15.591
2026-04-02T15:37:11.585,155,sequence,KCF,,False,,,,,,204,80,41,99,,,,,,0,0,0,0,0,0,0,0,False,-1,16.385
2026-04-02T15:37:11.603,156,sequence,KCF,,False,,,,,,202,81,41,97,,,,,,0,0,0,0,0,0,0,0,False,-1,14.876
2026-04-02T15:37:11.620,157,sequence,KCF,,False,,,,,,199,81,40,95,,,,,,0,0,0,0,0,0,0,0,False,-1,14.647
2026-04-02T15:37:11.638,158,sequence,KCF,,False,,,,,,196,80,40,95,,,,,,0,0,0,0,0,0,0,0,False,-1,15.012
2026-04-02T15:37:11.658,159,sequence,KCF,,False,,,,,,193,80,40,95,,,,,,0,0,0,0,0,0,0,0,False,-1,16.212
2026-04-02T15:37:11.673,160,sequence,KCF,,False,,,,,,190,79,40,95,,,,,,0,0,0,0,0,0,0,0,False,-1,12.904
2026-04-02T15:37:11.687,161,sequence,KCF,,False,,,,,,188,79,40,95,,,,,,0,0,0,0,0,0,0,0,False,-1,11.398
2026-04-02T15:37:11.702,162,sequence,KCF,,False,,,,,,188,80,40,94,,,,,,0,0,0,0,0,0,0,0,False,-1,12.351
2026-04-02T15:37:11.714,163,sequence,KCF,,False,,,,,,186,80,40,93,,,,,,0,0,0,0,0,0,0,0,False,-1,11.362
2026-04-02T15:37:11.730,164,sequence,KCF,,False,,,,,,185,80,40,93,,,,,,0,0,0,0,0,0,0,0,False,-1,12.956
2026-04-02T15:37:11.743,165,sequence,KCF,,False,,,,,,184,80,40,93,,,,,,0,0,0,0,0,0,0,0,False,-1,11.425
2026-04-02T15:37:11.758,166,sequence,KCF,,False,,,,,,182,80,40,93,,,,,,0,0,0,0,0,0,0,0,False,-1,12.131
2026-04-02T15:37:11.774,167,sequence,KCF,,False,,,,,,182,81,39,93,,,,,,0,0,0,0,0,0,0,0,False,-1,13.827
2026-04-02T15:37:11.789,168,sequence,KCF,,False,,,,,,181,82,38,93,,,,,,0,0,0,0,0,0,0,0,False,-1,12.844
2026-04-02T15:37:11.804,169,sequence,KCF,,False,,,,,,180,83,38,92,,,,,,0,0,0,0,0,0,0,0,False,-1,12.603
2026-04-02T15:37:11.821,170,sequence,KCF,,False,,,,,,179,85,38,91,,,,,,0,0,0,0,0,0,0,0,False,-1,13.126
2026-04-02T15:37:11.836,171,sequence,KCF,,False,,,,,,178,87,38,90,,,,,,0,0,0,0,0,0,0,0,False,-1,12.89
2026-04-02T15:37:11.849,172,sequence,KCF,,False,,,,,,176,88,37,89,,,,,,0,0,0,0,0,0,0,0,False,-1,10.891
2026-04-02T15:37:11.862,173,sequence,KCF,,False,,,,,,175,91,36,89,,,,,,0,0,0,0,0,0,0,0,False,-1,11.184
2026-04-02T15:37:11.876,174,sequence,KCF,,False,,,,,,174,93,35,87,,,,,,0,0,0,0,0,0,0,0,False,-1,12.068
2026-04-02T15:37:11.891,175,sequence,KCF,,False,,,,,,172,96,34,87,,,,,,0,0,0,0,0,0,0,0,False,-1,12.752
2026-04-02T15:37:11.910,176,sequence,KCF,,False,,,,,,172,99,33,87,,,,,,0,0,0,0,0,0,0,0,False,-1,15.814
2026-04-02T15:37:11.930,177,sequence,KCF,,False,,,,,,172,102,32,86,,,,,,0,0,0,0,0,0,0,0,False,-1,16.607
2026-04-02T15:37:11.949,178,sequence,KCF,,False,,,,,,172,105,31,86,,,,,,0,0,0,0,0,0,0,0,False,-1,16.857
2026-04-02T15:37:11.970,179,sequence,KCF,,False,,,,,,172,109,30,85,,,,,,0,0,0,0,0,0,0,0,False,-1,17.266
2026-04-02T15:37:11.991,180,sequence,KCF,,False,,,,,,172,114,29,85,,,,,,0,0,0,0,0,0,0,0,False,-1,17.488
2026-04-02T15:37:12.013,181,sequence,KCF,,False,,,,,,172,119,28,84,,,,,,0,0,0,0,0,0,0,0,False,-1,17.771
2026-04-02T15:37:12.032,182,sequence,KCF,,False,,,,,,172,123,28,83,,,,,,0,0,0,0,0,0,0,0,False,-1,16.168
2026-04-02T15:37:12.051,183,sequence,KCF,,False,,,,,,172,127,28,83,,,,,,0,0,0,0,0,0,0,0,False,-1,16.485
2026-04-02T15:37:12.067,184,sequence,KCF,,False,,,,,,172,131,28,83,,,,,,0,0,0,0,0,0,0,0,False,-1,13.143
2026-04-02T15:37:12.086,185,sequence,KCF,,False,,,,,,172,135,28,82,,,,,,0,0,0,0,0,0,0,0,False,-1,16.235
2026-04-02T15:37:12.104,186,sequence,KCF,,False,,,,,,171,139,28,81,,,,,,0,0,0,0,0,0,0,0,False,-1,13.846
2026-04-02T15:37:12.119,187,sequence,KCF,,False,,,,,,171,143,29,80,,,,,,0,0,0,0,0,0,0,0,False,-1,12.307
2026-04-02T15:37:12.134,188,sequence,KCF,,False,,,,,,172,146,29,80,,,,,,0,0,0,0,0,0,0,0,False,-1,13.452
2026-04-02T15:37:12.152,189,sequence,KCF,,False,,,,,,174,149,30,80,,,,,,0,0,0,0,0,0,0,0,False,-1,14.505
2026-04-02T15:37:12.167,190,sequence,KCF,,False,,,,,,174,152,30,80,,,,,,0,0,0,0,0,0,0,0,False,-1,12.068
2026-04-02T15:37:12.183,191,sequence,KCF,,False,,,,,,176,153,30,79,,,,,,0,0,0,0,0,0,0,0,False,-1,13.802
2026-04-02T15:37:12.201,192,sequence,KCF,,False,,,,,,176,154,29,79,,,,,,0,0,0,0,0,0,0,0,False,-1,14.619
2026-04-02T15:37:12.215,193,sequence,KCF,,False,,,,,,177,155,29,78,,,,,,0,0,0,0,0,0,0,0,False,-1,12.035
2026-04-02T15:37:12.231,194,sequence,KCF,,False,,,,,,180,157,29,78,,,,,,0,0,0,0,0,0,0,0,False,-1,13.099
2026-04-02T15:37:12.246,195,sequence,KCF,,False,,,,,,182,159,29,77,,,,,,0,0,0,0,0,0,0,0,False,-1,12.3
2026-04-02T15:37:12.265,196,sequence,KCF,,False,,,,,,184,161,29,77,,,,,,0,0,0,0,0,0,0,0,False,-1,16.484
2026-04-02T15:37:12.287,197,sequence,KCF,,False,,,,,,186,163,29,77,,,,,,0,0,0,0,0,0,0,0,False,-1,18.563
2026-04-02T15:37:12.308,198,sequence,KCF,,False,,,,,,187,165,29,75,,,,,,0,0,0,0,0,0,0,0,False,-1,18.644
2026-04-02T15:37:12.326,199,sequence,KCF,,False,,,,,,188,167,29,75,,,,,,0,0,0,0,0,0,0,0,False,-1,14.804
2026-04-02T15:37:12.342,200,sequence,KCF,,False,,,,,,190,169,29,75,,,,,,0,0,0,0,0,0,0,0,False,-1,13.103
2026-04-02T15:37:12.362,201,sequence,KCF,,False,,,,,,192,171,28,75,,,,,,0,0,0,0,0,0,0,0,False,-1,17.009
2026-04-02T15:37:12.384,202,sequence,KCF,,False,,,,,,194,172,28,75,,,,,,0,0,0,0,0,0,0,0,False,-1,18.77
2026-04-02T15:37:12.402,203,sequence,KCF,,False,,,,,,196,172,28,73,,,,,,0,0,0,0,0,0,0,0,False,-1,15.181
2026-04-02T15:37:12.420,204,sequence,KCF,,False,,,,,,199,172,27,71,,,,,,0,0,0,0,0,0,0,0,False,-1,15.812
2026-04-02T15:37:12.437,205,sequence,KCF,,False,,,,,,202,172,26,69,,,,,,0,0,0,0,0,0,0,0,False,-1,14.881
2026-04-02T15:37:12.455,206,sequence,KCF,,False,,,,,,204,172,26,69,,,,,,0,0,0,0,0,0,0,0,False,-1,15.877
2026-04-02T15:37:12.472,207,sequence,KCF,,False,,,,,,206,171,26,68,,,,,,0,0,0,0,0,0,0,0,False,-1,15.167
2026-04-02T15:37:12.493,208,sequence,KCF,,False,,,,,,208,171,26,67,,,,,,0,0,0,0,0,0,0,0,False,-1,18.281
2026-04-02T15:37:12.512,209,sequence,KCF,,False,,,,,,210,171,26,67,,,,,,0,0,0,0,0,0,0,0,False,-1,16.372
2026-04-02T15:37:12.528,210,sequence,KCF,,False,,,,,,212,171,26,65,,,,,,0,0,0,0,0,0,0,0,False,-1,13.03
2026-04-02T15:37:12.541,211,sequence,KCF,,False,,,,,,214,171,27,65,,,,,,0,0,0,0,0,0,0,0,False,-1,10.628
2026-04-02T15:37:12.558,212,sequence,KCF,,False,,,,,,216,171,27,65,,,,,,0,0,0,0,0,0,0,0,False,-1,14.603
2026-04-02T15:37:12.574,213,sequence,KCF,,False,,,,,,217,171,26,65,,,,,,0,0,0,0,0,0,0,0,False,-1,13.659
2026-04-02T15:37:12.590,214,sequence,KCF,,False,,,,,,219,170,26,65,,,,,,0,0,0,0,0,0,0,0,False,-1,14.135
2026-04-02T15:37:12.605,215,sequence,KCF,,False,,,,,,221,170,26,65,,,,,,0,0,0,0,0,0,0,0,False,-1,11.635
2026-04-02T15:37:12.617,216,sequence,KCF,,False,,,,,,222,169,26,64,,,,,,0,0,0,0,0,0,0,0,False,-1,9.878
2026-04-02T15:37:12.633,217,sequence,KCF,,False,,,,,,224,169,26,64,,,,,,0,0,0,0,0,0,0,0,False,-1,13.514
2026-04-02T15:37:12.648,218,sequence,KCF,,False,,,,,,227,169,26,64,,,,,,0,0,0,0,0,0,0,0,False,-1,11.791
2026-04-02T15:37:12.660,219,sequence,KCF,,False,,,,,,229,168,26,65,,,,,,0,0,0,0,0,0,0,0,False,-1,9.512
2026-04-02T15:37:12.673,220,sequence,KCF,,False,,,,,,232,167,26,65,,,,,,0,0,0,0,0,0,0,0,False,-1,11.498
2026-04-02T15:37:12.688,221,sequence,KCF,,False,,,,,,232,167,26,65,,,,,,0,0,0,0,0,0,0,0,False,-1,13.398
2026-04-02T15:37:12.699,222,sequence,KCF,,False,,,,,,233,166,26,65,,,,,,0,0,0,0,0,0,0,0,False,-1,9.478
2026-04-02T15:37:12.713,223,sequence,KCF,,False,,,,,,234,165,26,65,,,,,,0,0,0,0,0,0,0,0,False,-1,12.597
2026-04-02T15:37:12.730,224,sequence,KCF,,False,,,,,,236,165,26,65,,,,,,0,0,0,0,0,0,0,0,False,-1,13.73
2026-04-02T15:37:12.747,225,sequence,KCF,,False,,,,,,238,165,24,65,,,,,,0,0,0,0,0,0,0,0,False,-1,13.513
2026-04-02T15:37:12.762,226,sequence,KCF,,False,,,,,,240,165,24,65,,,,,,0,0,0,0,0,0,0,0,False,-1,13.068
2026-04-02T15:37:12.777,227,sequence,KCF,,False,,,,,,240,165,24,65,,,,,,0,0,0,0,0,0,0,0,False,-1,12.372
2026-04-02T15:37:12.790,228,sequence,KCF,,False,,,,,,241,166,23,63,,,,,,0,0,0,0,0,0,0,0,False,-1,11.662
2026-04-02T15:37:12.802,229,sequence,KCF,,False,,,,,,242,167,23,63,,,,,,0,0,0,0,0,0,0,0,False,-1,10.746
2026-04-02T15:37:12.815,230,sequence,KCF,,False,,,,,,242,167,22,63,,,,,,0,0,0,0,0,0,0,0,False,-1,10.79
2026-04-02T15:37:12.828,231,sequence,KCF,,False,,,,,,242,166,22,63,,,,,,0,0,0,0,0,0,0,0,False,-1,10.684
2026-04-02T15:37:12.843,232,sequence,KCF,,False,,,,,,242,166,22,64,,,,,,0,0,0,0,0,0,0,0,False,-1,13.536
2026-04-02T15:37:12.857,233,sequence,KCF,,False,,,,,,244,166,22,63,,,,,,0,0,0,0,0,0,0,0,False,-1,12.839
2026-04-02T15:37:12.873,234,sequence,KCF,,False,,,,,,244,166,20,62,,,,,,0,0,0,0,0,0,0,0,False,-1,14.1
2026-04-02T15:37:12.887,235,sequence,KCF,,False,,,,,,246,166,20,61,,,,,,0,0,0,0,0,0,0,0,False,-1,11.122
2026-04-02T15:37:12.903,236,sequence,KCF,,False,,,,,,246,166,20,61,,,,,,0,0,0,0,0,0,0,0,False,-1,13.662
2026-04-02T15:37:12.925,237,sequence,KCF,,False,,,,,,245,166,20,60,,,,,,0,0,0,0,0,0,0,0,False,-1,17.963
2026-04-02T15:37:12.944,238,sequence,KCF,,False,,,,,,245,166,21,59,,,,,,0,0,0,0,0,0,0,0,False,-1,16.059
2026-04-02T15:37:12.961,239,sequence,KCF,,False,,,,,,245,165,22,60,,,,,,0,0,0,0,0,0,0,0,False,-1,13.944
2026-04-02T15:37:12.973,240,sequence,KCF,,False,,,,,,245,165,22,60,,,,,,0,0,0,0,0,0,0,0,False,-1,10.405
2026-04-02T15:37:12.986,241,sequence,KCF,,False,,,,,,245,165,22,61,,,,,,0,0,0,0,0,0,0,0,False,-1,11.324
2026-04-02T15:37:13.003,242,sequence,KCF,,False,,,,,,246,165,22,61,,,,,,0,0,0,0,0,0,0,0,False,-1,13.67
2026-04-02T15:37:13.018,243,sequence,KCF,,False,,,,,,246,165,22,60,,,,,,0,0,0,0,0,0,0,0,False,-1,13.346
2026-04-02T15:37:13.033,244,sequence,KCF,,False,,,,,,247,165,21,60,,,,,,0,0,0,0,0,0,0,0,False,-1,13.162
2026-04-02T15:37:13.052,245,sequence,KCF,,False,,,,,,247,164,22,60,,,,,,0,0,0,0,0,0,0,0,False,-1,15.987
2026-04-02T15:37:13.072,246,sequence,KCF,,False,,,,,,247,164,24,59,,,,,,0,0,0,0,0,0,0,0,False,-1,16.802
2026-04-02T15:37:13.092,247,sequence,KCF,,False,,,,,,247,163,24,59,,,,,,0,0,0,0,0,0,0,0,False,-1,16.713
2026-04-02T15:37:13.112,248,sequence,KCF,,False,,,,,,248,163,24,59,,,,,,0,0,0,0,0,0,0,0,False,-1,17.463
2026-04-02T15:37:13.132,249,sequence,KCF,,False,,,,,,250,163,24,60,,,,,,0,0,0,0,0,0,0,0,False,-1,17.09
2026-04-02T15:37:13.153,250,sequence,KCF,,False,,,,,,252,163,23,60,,,,,,0,0,0,0,0,0,0,0,False,-1,17.489
2026-04-02T15:37:13.171,251,sequence,KCF,,False,,,,,,252,162,22,60,,,,,,0,0,0,0,0,0,0,0,False,-1,14.372
2026-04-02T15:37:13.189,252,sequence,KCF,,False,,,,,,254,161,22,59,,,,,,0,0,0,0,0,0,0,0,False,-1,15.809
2026-04-02T15:37:13.208,253,sequence,KCF,,False,,,,,,254,161,21,59,,,,,,0,0,0,0,0,0,0,0,False,-1,15.451
2026-04-02T15:37:13.228,254,sequence,KCF,,False,,,,,,256,161,20,59,,,,,,0,0,0,0,0,0,0,0,False,-1,16.557
2026-04-02T15:37:13.244,255,sequence,KCF,,False,,,,,,256,161,20,59,,,,,,0,0,0,0,0,0,0,0,False,-1,12.592
2026-04-02T15:37:13.260,256,sequence,KCF,,False,,,,,,257,161,19,58,,,,,,0,0,0,0,0,0,0,0,False,-1,12.925
2026-04-02T15:37:13.272,257,sequence,KCF,,False,,,,,,258,161,19,58,,,,,,0,0,0,0,0,0,0,0,False,-1,11.045
2026-04-02T15:37:13.286,258,sequence,KCF,,False,,,,,,258,160,19,57,,,,,,0,0,0,0,0,0,0,0,False,-1,11.759
2026-04-02T15:37:13.300,259,sequence,KCF,,False,,,,,,259,160,19,57,,,,,,0,0,0,0,0,0,0,0,False,-1,11.439
2026-04-02T15:37:13.315,260,sequence,KCF,,False,,,,,,260,159,19,57,,,,,,0,0,0,0,0,0,0,0,False,-1,12.815
2026-04-02T15:37:13.331,261,sequence,KCF,,False,,,,,,260,159,19,57,,,,,,0,0,0,0,0,0,0,0,False,-1,13.075
2026-04-02T15:37:13.345,262,sequence,KCF,,False,,,,,,260,159,19,57,,,,,,0,0,0,0,0,0,0,0,False,-1,12.181
2026-04-02T15:37:13.359,263,sequence,KCF,,False,,,,,,262,159,19,57,,,,,,0,0,0,0,0,0,0,0,False,-1,11.202
2026-04-02T15:37:13.374,264,sequence,KCF,,False,,,,,,263,158,18,55,,,,,,0,0,0,0,0,0,0,0,False,-1,13.02
2026-04-02T15:37:13.390,265,sequence,KCF,,False,,,,,,264,158,18,55,,,,,,0,0,0,0,0,0,0,0,False,-1,13.071
2026-04-02T15:37:13.408,266,sequence,KCF,,False,,,,,,265,157,18,55,,,,,,0,0,0,0,0,0,0,0,False,-1,14.905
2026-04-02T15:37:13.426,267,sequence,KCF,,False,,,,,,265,157,19,55,,,,,,0,0,0,0,0,0,0,0,False,-1,15.851
2026-04-02T15:37:13.449,268,sequence,KCF,,False,,,,,,266,156,19,56,,,,,,0,0,0,0,0,0,0,0,False,-1,19.341
2026-04-02T15:37:13.466,269,sequence,KCF,,False,,,,,,266,155,19,57,,,,,,0,0,0,0,0,0,0,0,False,-1,13.392
2026-04-02T15:37:13.481,270,sequence,KCF,,False,,,,,,267,155,20,57,,,,,,0,0,0,0,0,0,0,0,False,-1,12.828
2026-04-02T15:37:13.499,271,sequence,KCF,,False,,,,,,268,155,20,58,,,,,,0,0,0,0,0,0,0,0,False,-1,14.702
2026-04-02T15:37:13.516,272,sequence,KCF,,False,,,,,,269,154,19,58,,,,,,0,0,0,0,0,0,0,0,False,-1,15.107
2026-04-02T15:37:13.533,273,sequence,KCF,,False,,,,,,270,154,19,57,,,,,,0,0,0,0,0,0,0,0,False,-1,13.682
2026-04-02T15:37:13.552,274,sequence,KCF,,False,,,,,,272,153,18,57,,,,,,0,0,0,0,0,0,0,0,False,-1,16.466
2026-04-02T15:37:13.571,275,sequence,KCF,,False,,,,,,272,153,18,57,,,,,,0,0,0,0,0,0,0,0,False,-1,15.469
2026-04-02T15:37:13.588,276,sequence,KCF,,False,,,,,,273,153,18,57,,,,,,0,0,0,0,0,0,0,0,False,-1,14.294
2026-04-02T15:37:13.602,277,sequence,KCF,,False,,,,,,274,153,18,57,,,,,,0,0,0,0,0,0,0,0,False,-1,11.897
2026-04-02T15:37:13.617,278,sequence,KCF,,False,,,,,,274,153,18,57,,,,,,0,0,0,0,0,0,0,0,False,-1,12.43
2026-04-02T15:37:13.638,279,sequence,KCF,,False,,,,,,276,153,18,57,,,,,,0,0,0,0,0,0,0,0,False,-1,18.789
2026-04-02T15:37:13.659,280,sequence,KCF,,False,,,,,,276,153,17,57,,,,,,0,0,0,0,0,0,0,0,False,-1,17.402
2026-04-02T15:37:13.675,281,sequence,KCF,,False,,,,,,278,153,18,57,,,,,,0,0,0,0,0,0,0,0,False,-1,12.244
2026-04-02T15:37:13.688,282,sequence,KCF,,False,,,,,,278,153,18,56,,,,,,0,0,0,0,0,0,0,0,False,-1,11.073
2026-04-02T15:37:13.704,283,sequence,KCF,,False,,,,,,279,153,18,55,,,,,,0,0,0,0,0,0,0,0,False,-1,13.653
2026-04-02T15:37:13.720,284,sequence,KCF,,False,,,,,,280,153,18,55,,,,,,0,0,0,0,0,0,0,0,False,-1,13.274
2026-04-02T15:37:13.740,285,sequence,KCF,,False,,,,,,280,153,18,55,,,,,,0,0,0,0,0,0,0,0,False,-1,16.094
2026-04-02T15:37:13.760,286,sequence,KCF,,False,,,,,,282,153,17,55,,,,,,0,0,0,0,0,0,0,0,False,-1,16.322
2026-04-02T15:37:13.776,287,sequence,KCF,,False,,,,,,282,153,17,55,,,,,,0,0,0,0,0,0,0,0,False,-1,14.032
2026-04-02T15:37:13.796,288,sequence,KCF,,False,,,,,,283,153,17,56,,,,,,0,0,0,0,0,0,0,0,False,-1,17.76
2026-04-02T15:37:13.819,289,sequence,KCF,,False,,,,,,284,153,17,56,,,,,,0,0,0,0,0,0,0,0,False,-1,19.303
2026-04-02T15:37:13.842,290,sequence,KCF,,False,,,,,,284,153,18,55,,,,,,0,0,0,0,0,0,0,0,False,-1,18.242
2026-04-02T15:37:13.864,291,sequence,KCF,,False,,,,,,284,153,18,55,,,,,,0,0,0,0,0,0,0,0,False,-1,17.769
2026-04-02T15:37:13.884,292,sequence,KCF,,False,,,,,,285,153,18,55,,,,,,0,0,0,0,0,0,0,0,False,-1,18.067
2026-04-02T15:37:13.903,293,sequence,KCF,,False,,,,,,286,152,18,55,,,,,,0,0,0,0,0,0,0,0,False,-1,14.887
2026-04-02T15:37:13.924,294,sequence,KCF,,False,,,,,,288,151,18,57,,,,,,0,0,0,0,0,0,0,0,False,-1,17.83
2026-04-02T15:37:13.944,295,sequence,KCF,,False,,,,,,289,150,18,57,,,,,,0,0,0,0,0,0,0,0,False,-1,16.35
2026-04-02T15:37:13.960,296,sequence,KCF,,False,,,,,,290,150,18,57,,,,,,0,0,0,0,0,0,0,0,False,-1,13.841
2026-04-02T15:37:13.973,297,sequence,KCF,,False,,,,,,290,150,17,57,,,,,,0,0,0,0,0,0,0,0,False,-1,10.711
2026-04-02T15:37:13.984,298,sequence,KCF,,False,,,,,,292,150,16,57,,,,,,0,0,0,0,0,0,0,0,False,-1,9.718
2026-04-02T15:37:13.996,299,sequence,KCF,,False,,,,,,292,150,17,57,,,,,,0,0,0,0,0,0,0,0,False,-1,9.996
2026-04-02T15:37:14.009,300,sequence,KCF,,False,,,,,,292,149,18,57,,,,,,0,0,0,0,0,0,0,0,False,-1,11.137
2026-04-02T15:37:14.021,301,sequence,KCF,,False,,,,,,293,149,18,57,,,,,,0,0,0,0,0,0,0,0,False,-1,10.415
2026-04-02T15:37:14.035,302,sequence,KCF,,False,,,,,,294,149,18,57,,,,,,0,0,0,0,0,0,0,0,False,-1,11.109
2026-04-02T15:37:14.047,303,sequence,KCF,,False,,,,,,296,149,16,57,,,,,,0,0,0,0,0,0,0,0,False,-1,10.217
2026-04-02T15:37:14.058,304,sequence,KCF,,False,,,,,,298,149,16,57,,,,,,0,0,0,0,0,0,0,0,False,-1,9.898
2026-04-02T15:37:14.071,305,sequence,KCF,,False,,,,,,298,149,16,57,,,,,,0,0,0,0,0,0,0,0,False,-1,10.342
2026-04-02T15:37:14.083,306,sequence,KCF,,False,,,,,,299,148,16,57,,,,,,0,0,0,0,0,0,0,0,False,-1,10.134
2026-04-02T15:37:14.094,307,sequence,KCF,,False,,,,,,300,148,16,56,,,,,,0,0,0,0,0,0,0,0,False,-1,10.064
2026-04-02T15:37:14.106,308,sequence,KCF,,False,,,,,,301,148,16,55,,,,,,0,0,0,0,0,0,0,0,False,-1,10.678
2026-04-02T15:37:14.118,309,sequence,KCF,,False,,,,,,303,148,15,55,,,,,,0,0,0,0,0,0,0,0,False,-1,9.974
2026-04-02T15:37:14.132,310,sequence,KCF,,False,,,,,,304,148,14,54,,,,,,0,0,0,0,0,0,0,0,False,-1,12.065
2026-04-02T15:37:14.146,311,sequence,KCF,,False,,,,,,305,147,14,54,,,,,,0,0,0,0,0,0,0,0,False,-1,12.094
2026-04-02T15:37:14.159,312,sequence,KCF,,False,,,,,,306,147,14,54,,,,,,0,0,0,0,0,0,0,0,False,-1,11.418
2026-04-02T15:37:14.176,313,sequence,KCF,,False,,,,,,306,147,14,54,,,,,,0,0,0,0,0,0,0,0,False,-1,15.011
2026-04-02T15:37:14.189,314,sequence,KCF,,False,,,,,,308,147,15,55,,,,,,0,0,0,0,0,0,0,0,False,-1,10.598
2026-04-02T15:37:14.202,315,sequence,KCF,,False,,,,,,308,146,15,55,,,,,,0,0,0,0,0,0,0,0,False,-1,11.13
2026-04-02T15:37:14.215,316,sequence,KCF,,False,,,,,,309,146,16,55,,,,,,0,0,0,0,0,0,0,0,False,-1,11.073
2026-04-02T15:37:14.228,317,sequence,KCF,,False,,,,,,310,146,15,55,,,,,,0,0,0,0,0,0,0,0,False,-1,10.99
2026-04-02T15:37:14.241,318,sequence,KCF,,False,,,,,,312,146,15,53,,,,,,0,0,0,0,0,0,0,0,False,-1,11.429
2026-04-02T15:37:14.254,319,sequence,KCF,,False,,,,,,313,146,14,53,,,,,,0,0,0,0,0,0,0,0,False,-1,10.951
2026-04-02T15:37:14.266,320,sequence,KCF,,False,,,,,,314,145,14,53,,,,,,0,0,0,0,0,0,0,0,False,-1,10.36
2026-04-02T15:37:14.279,321,sequence,KCF,,False,,,,,,314,145,14,53,,,,,,0,0,0,0,0,0,0,0,False,-1,10.839
2026-04-02T15:37:14.291,322,sequence,KCF,,False,,,,,,316,145,14,54,,,,,,0,0,0,0,0,0,0,0,False,-1,11.004
2026-04-02T15:37:14.304,323,sequence,KCF,,False,,,,,,316,144,14,54,,,,,,0,0,0,0,0,0,0,0,False,-1,10.483
2026-04-02T15:37:14.316,324,sequence,KCF,,False,,,,,,317,144,14,53,,,,,,0,0,0,0,0,0,0,0,False,-1,10.498
2026-04-02T15:37:14.329,325,sequence,KCF,,False,,,,,,318,143,14,53,,,,,,0,0,0,0,0,0,0,0,False,-1,10.688
2026-04-02T15:37:14.343,326,sequence,KCF,,False,,,,,,319,143,14,53,,,,,,0,0,0,0,0,0,0,0,False,-1,11.76
2026-04-02T15:37:14.356,327,sequence,KCF,,False,,,,,,320,143,14,53,,,,,,0,0,0,0,0,0,0,0,False,-1,11.609
2026-04-02T15:37:14.370,328,sequence,KCF,,False,,,,,,320,143,14,53,,,,,,0,0,0,0,0,0,0,0,False,-1,11.695
2026-04-02T15:37:14.383,329,sequence,KCF,,False,,,,,,322,143,14,54,,,,,,0,0,0,0,0,0,0,0,False,-1,11.567
2026-04-02T15:37:14.396,330,sequence,KCF,,False,,,,,,322,143,14,55,,,,,,0,0,0,0,0,0,0,0,False,-1,11.217
2026-04-02T15:37:14.410,331,sequence,KCF,,False,,,,,,323,143,14,55,,,,,,0,0,0,0,0,0,0,0,False,-1,11.919
2026-04-02T15:37:14.423,332,sequence,KCF,,False,,,,,,324,143,14,55,,,,,,0,0,0,0,0,0,0,0,False,-1,11.006
2026-04-02T15:37:14.436,333,sequence,KCF,,False,,,,,,326,142,13,55,,,,,,0,0,0,0,0,0,0,0,False,-1,11.335
2026-04-02T15:37:14.449,334,sequence,KCF,,False,,,,,,327,142,12,55,,,,,,0,0,0,0,0,0,0,0,False,-1,11.336
2026-04-02T15:37:14.463,335,sequence,KCF,,False,,,,,,328,142,13,54,,,,,,0,0,0,0,0,0,0,0,False,-1,11.946
2026-04-02T15:37:14.479,336,sequence,KCF,,False,,,,,,328,141,14,54,,,,,,0,0,0,0,0,0,0,0,False,-1,13.27
2026-04-02T15:37:14.492,337,sequence,KCF,,False,,,,,,328,141,15,53,,,,,,0,0,0,0,0,0,0,0,False,-1,12.178
2026-04-02T15:37:14.506,338,sequence,KCF,,False,,,,,,330,141,15,53,,,,,,0,0,0,0,0,0,0,0,False,-1,11.437
2026-04-02T15:37:14.520,339,sequence,KCF,,False,,,,,,330,141,16,53,,,,,,0,0,0,0,0,0,0,0,False,-1,11.834
2026-04-02T15:37:14.534,340,sequence,KCF,,False,,,,,,332,141,16,53,,,,,,0,0,0,0,0,0,0,0,False,-1,12.152
2026-04-02T15:37:14.548,341,sequence,KCF,,False,,,,,,332,141,16,53,,,,,,0,0,0,0,0,0,0,0,False,-1,12.243
2026-04-02T15:37:14.562,342,sequence,KCF,,False,,,,,,334,141,16,53,,,,,,0,0,0,0,0,0,0,0,False,-1,12.044
2026-04-02T15:37:14.576,343,sequence,KCF,,False,,,,,,334,141,16,53,,,,,,0,0,0,0,0,0,0,0,False,-1,12.164
2026-04-02T15:37:14.590,344,sequence,KCF,,False,,,,,,335,141,16,52,,,,,,0,0,0,0,0,0,0,0,False,-1,11.919
2026-04-02T15:37:14.605,345,sequence,KCF,,False,,,,,,336,141,16,51,,,,,,0,0,0,0,0,0,0,0,False,-1,12.537
2026-04-02T15:37:14.619,346,sequence,KCF,,False,,,,,,336,141,16,51,,,,,,0,0,0,0,0,0,0,0,False,-1,11.749
2026-04-02T15:37:14.633,347,sequence,KCF,,False,,,,,,338,141,16,51,,,,,,0,0,0,0,0,0,0,0,False,-1,12.793
2026-04-02T15:37:14.648,348,sequence,KCF,,False,,,,,,340,140,16,51,,,,,,0,0,0,0,0,0,0,0,False,-1,12.74
2026-04-02T15:37:14.665,349,sequence,KCF,,False,,,,,,341,140,16,52,,,,,,0,0,0,0,0,0,0,0,False,-1,13.711
2026-04-02T15:37:14.684,350,sequence,KCF,,False,,,,,,342,139,16,52,,,,,,0,0,0,0,0,0,0,0,False,-1,15.565
2026-04-02T15:37:14.704,351,sequence,KCF,,False,,,,,,344,139,16,53,,,,,,0,0,0,0,0,0,0,0,False,-1,16.682
2026-04-02T15:37:14.721,352,sequence,KCF,,False,,,,,,345,139,16,53,,,,,,0,0,0,0,0,0,0,0,False,-1,14.774
2026-04-02T15:37:14.740,353,sequence,KCF,,False,,,,,,346,139,16,53,,,,,,0,0,0,0,0,0,0,0,False,-1,16.522
2026-04-02T15:37:14.758,354,sequence,KCF,,False,,,,,,348,139,16,52,,,,,,0,0,0,0,0,0,0,0,False,-1,15.056
2026-04-02T15:37:14.774,355,sequence,KCF,,False,,,,,,350,139,16,52,,,,,,0,0,0,0,0,0,0,0,False,-1,13.073
2026-04-02T15:37:14.788,356,sequence,KCF,,False,,,,,,350,139,16,52,,,,,,0,0,0,0,0,0,0,0,False,-1,12.502
2026-04-02T15:37:14.802,357,sequence,KCF,,False,,,,,,352,139,18,51,,,,,,0,0,0,0,0,0,0,0,False,-1,11.481
2026-04-02T15:37:14.815,358,sequence,KCF,,False,,,,,,352,139,18,51,,,,,,0,0,0,0,0,0,0,0,False,-1,11.027
2026-04-02T15:37:14.827,359,sequence,KCF,,False,,,,,,354,139,18,52,,,,,,0,0,0,0,0,0,0,0,False,-1,9.62
2026-04-02T15:37:14.839,360,sequence,KCF,,False,,,,,,355,137,17,53,,,,,,0,0,0,0,0,0,0,0,False,-1,10.285
2026-04-02T15:37:14.851,361,sequence,KCF,,False,,,,,,356,137,16,53,,,,,,0,0,0,0,0,0,0,0,False,-1,10.116
2026-04-02T15:37:14.866,362,sequence,KCF,,False,,,,,,358,137,16,53,,,,,,0,0,0,0,0,0,0,0,False,-1,12.76
2026-04-02T15:37:14.885,363,sequence,KCF,,False,,,,,,360,137,16,53,,,,,,0,0,0,0,0,0,0,0,False,-1,15.097
2026-04-02T15:37:14.901,364,sequence,KCF,,False,,,,,,362,137,16,53,,,,,,0,0,0,0,0,0,0,0,False,-1,13.724
2026-04-02T15:37:14.918,365,sequence,KCF,,False,,,,,,362,136,16,53,,,,,,0,0,0,0,0,0,0,0,False,-1,13.711
2026-04-02T15:37:14.935,366,sequence,KCF,,False,,,,,,364,136,16,53,,,,,,0,0,0,0,0,0,0,0,False,-1,14.164
2026-04-02T15:37:14.949,367,sequence,KCF,,False,,,,,,364,135,16,54,,,,,,0,0,0,0,0,0,0,0,False,-1,12.674
2026-04-02T15:37:14.965,368,sequence,KCF,,False,,,,,,366,135,16,53,,,,,,0,0,0,0,0,0,0,0,False,-1,13.272
2026-04-02T15:37:14.981,369,sequence,KCF,,False,,,,,,368,136,16,53,,,,,,0,0,0,0,0,0,0,0,False,-1,13.359
2026-04-02T15:37:14.992,370,sequence,KCF,,False,,,,,,369,136,16,53,,,,,,0,0,0,0,0,0,0,0,False,-1,9.88
2026-04-02T15:37:15.005,371,sequence,KCF,,False,,,,,,370,135,16,53,,,,,,0,0,0,0,0,0,0,0,False,-1,10.652
2026-04-02T15:37:15.018,372,sequence,KCF,,False,,,,,,370,135,16,53,,,,,,0,0,0,0,0,0,0,0,False,-1,11.217
2026-04-02T15:37:15.033,373,sequence,KCF,,False,,,,,,370,134,17,54,,,,,,0,0,0,0,0,0,0,0,False,-1,12.376
2026-04-02T15:37:15.050,374,sequence,KCF,,False,,,,,,371,133,18,54,,,,,,0,0,0,0,0,0,0,0,False,-1,13.948
2026-04-02T15:37:15.065,375,sequence,KCF,,False,,,,,,372,133,18,54,,,,,,0,0,0,0,0,0,0,0,False,-1,13.259
2026-04-02T15:37:15.083,376,sequence,KCF,,False,,,,,,372,133,18,54,,,,,,0,0,0,0,0,0,0,0,False,-1,15.759
2026-04-02T15:37:15.104,377,sequence,KCF,,False,,,,,,374,132,17,53,,,,,,0,0,0,0,0,0,0,0,False,-1,18.441
2026-04-02T15:37:15.123,378,sequence,KCF,,False,,,,,,376,131,16,53,,,,,,0,0,0,0,0,0,0,0,False,-1,15.658
2026-04-02T15:37:15.140,379,sequence,KCF,,False,,,,,,377,130,14,53,,,,,,0,0,0,0,0,0,0,0,False,-1,14.241
2026-04-02T15:37:15.158,380,sequence,KCF,,False,,,,,,378,129,14,53,,,,,,0,0,0,0,0,0,0,0,False,-1,15.726
2026-04-02T15:37:15.173,381,sequence,KCF,,False,,,,,,378,129,14,53,,,,,,0,0,0,0,0,0,0,0,False,-1,12.02
2026-04-02T15:37:15.186,382,sequence,KCF,,False,,,,,,379,129,14,54,,,,,,0,0,0,0,0,0,0,0,False,-1,11.498
2026-04-02T15:37:15.202,383,sequence,KCF,,False,,,,,,380,128,14,55,,,,,,0,0,0,0,0,0,0,0,False,-1,13.782
2026-04-02T15:37:15.219,384,sequence,KCF,,False,,,,,,380,127,15,55,,,,,,0,0,0,0,0,0,0,0,False,-1,13.655
2026-04-02T15:37:15.236,385,sequence,KCF,,False,,,,,,380,127,15,56,,,,,,0,0,0,0,0,0,0,0,False,-1,14.477
2026-04-02T15:37:15.258,386,sequence,KCF,,False,,,,,,381,126,15,55,,,,,,0,0,0,0,0,0,0,0,False,-1,18.116
2026-04-02T15:37:15.275,387,sequence,KCF,,False,,,,,,381,125,15,55,,,,,,0,0,0,0,0,0,0,0,False,-1,14.696
2026-04-02T15:37:15.288,388,sequence,KCF,,False,,,,,,382,125,15,54,,,,,,0,0,0,0,0,0,0,0,False,-1,10.984
2026-04-02T15:37:15.303,389,sequence,KCF,,False,,,,,,382,124,15,54,,,,,,0,0,0,0,0,0,0,0,False,-1,12.75
2026-04-02T15:37:15.318,390,sequence,KCF,,False,,,,,,382,123,16,53,,,,,,0,0,0,0,0,0,0,0,False,-1,12.615
2026-04-02T15:37:15.335,391,sequence,KCF,,False,,,,,,382,123,16,53,,,,,,0,0,0,0,0,0,0,0,False,-1,13.84
2026-04-02T15:37:15.354,392,sequence,KCF,,False,,,,,,382,122,16,54,,,,,,0,0,0,0,0,0,0,0,False,-1,16.963
2026-04-02T15:37:15.376,393,sequence,KCF,,False,,,,,,382,121,16,54,,,,,,0,0,0,0,0,0,0,0,False,-1,18.119
2026-04-02T15:37:15.394,394,sequence,KCF,,False,,,,,,383,120,16,55,,,,,,0,0,0,0,0,0,0,0,False,-1,14.668
2026-04-02T15:37:15.408,395,sequence,KCF,,False,,,,,,384,120,15,55,,,,,,0,0,0,0,0,0,0,0,False,-1,12.356
2026-04-02T15:37:15.421,396,sequence,KCF,,False,,,,,,384,119,14,55,,,,,,0,0,0,0,0,0,0,0,False,-1,10.261
2026-04-02T15:37:15.435,397,sequence,KCF,,False,,,,,,384,119,14,55,,,,,,0,0,0,0,0,0,0,0,False,-1,11.999
2026-04-02T15:37:15.449,398,sequence,KCF,,False,,,,,,383,119,14,55,,,,,,0,0,0,0,0,0,0,0,False,-1,11.769
2026-04-02T15:37:15.464,399,sequence,KCF,,False,,,,,,382,117,15,54,,,,,,0,0,0,0,0,0,0,0,False,-1,12.671
2026-04-02T15:37:15.479,400,sequence,KCF,,False,,,,,,382,117,16,53,,,,,,0,0,0,0,0,0,0,0,False,-1,13.126
2026-04-02T15:37:15.495,401,sequence,KCF,,False,,,,,,382,116,15,54,,,,,,0,0,0,0,0,0,0,0,False,-1,13.03
2026-04-02T15:37:15.511,402,sequence,KCF,,False,,,,,,382,115,14,55,,,,,,0,0,0,0,0,0,0,0,False,-1,14.273
2026-04-02T15:37:15.528,403,sequence,KCF,,False,,,,,,382,114,14,56,,,,,,0,0,0,0,0,0,0,0,False,-1,13.856
2026-04-02T15:37:15.543,404,sequence,KCF,,False,,,,,,381,113,14,56,,,,,,0,0,0,0,0,0,0,0,False,-1,12.67
2026-04-02T15:37:15.559,405,sequence,KCF,,False,,,,,,381,113,14,55,,,,,,0,0,0,0,0,0,0,0,False,-1,13.12
2026-04-02T15:37:15.577,406,sequence,KCF,,False,,,,,,380,113,14,55,,,,,,0,0,0,0,0,0,0,0,False,-1,15.185
2026-04-02T15:37:15.594,407,sequence,KCF,,False,,,,,,380,112,14,55,,,,,,0,0,0,0,0,0,0,0,False,-1,15.192
2026-04-02T15:37:15.616,408,sequence,KCF,,False,,,,,,379,111,14,55,,,,,,0,0,0,0,0,0,0,0,False,-1,18.058
2026-04-02T15:37:15.638,409,sequence,KCF,,False,,,,,,378,110,14,55,,,,,,0,0,0,0,0,0,0,0,False,-1,19.153
2026-04-02T15:37:15.664,410,sequence,KCF,,False,,,,,,378,110,14,55,,,,,,0,0,0,0,0,0,0,0,False,-1,21.034
2026-04-02T15:37:15.688,411,sequence,KCF,,False,,,,,,376,109,14,55,,,,,,0,0,0,0,0,0,0,0,False,-1,19.28
2026-04-02T15:37:15.711,412,sequence,KCF,,False,,,,,,376,109,14,55,,,,,,0,0,0,0,0,0,0,0,False,-1,20.425
2026-04-02T15:37:15.735,413,sequence,KCF,,False,,,,,,376,109,14,55,,,,,,0,0,0,0,0,0,0,0,False,-1,20.194
2026-04-02T15:37:15.755,414,sequence,KCF,,False,,,,,,375,108,14,55,,,,,,0,0,0,0,0,0,0,0,False,-1,15.995
2026-04-02T15:37:15.775,415,sequence,KCF,,False,,,,,,374,107,14,55,,,,,,0,0,0,0,0,0,0,0,False,-1,16.009
2026-04-02T15:37:15.793,416,sequence,KCF,,False,,,,,,374,107,14,55,,,,,,0,0,0,0,0,0,0,0,False,-1,15.25
2026-04-02T15:37:15.811,417,sequence,KCF,,False,,,,,,373,108,14,54,,,,,,0,0,0,0,0,0,0,0,False,-1,15.678
2026-04-02T15:37:15.826,418,sequence,KCF,,False,,,,,,372,108,14,53,,,,,,0,0,0,0,0,0,0,0,False,-1,12.826
2026-04-02T15:37:15.841,419,sequence,KCF,,False,,,,,,372,107,14,54,,,,,,0,0,0,0,0,0,0,0,False,-1,12.223
2026-04-02T15:37:15.854,420,sequence,KCF,,False,,,,,,371,107,14,55,,,,,,0,0,0,0,0,0,0,0,False,-1,10.449
2026-04-02T15:37:15.868,421,sequence,KCF,,False,,,,,,370,106,14,56,,,,,,0,0,0,0,0,0,0,0,False,-1,11.566
2026-04-02T15:37:15.881,422,sequence,KCF,,False,,,,,,369,106,14,56,,,,,,0,0,0,0,0,0,0,0,False,-1,10.509
2026-04-02T15:37:15.894,423,sequence,KCF,,False,,,,,,368,106,14,56,,,,,,0,0,0,0,0,0,0,0,False,-1,11.244
2026-04-02T15:37:15.909,424,sequence,KCF,,False,,,,,,366,106,14,56,,,,,,0,0,0,0,0,0,0,0,False,-1,12.497
2026-04-02T15:37:15.923,425,sequence,KCF,,False,,,,,,366,106,14,57,,,,,,0,0,0,0,0,0,0,0,False,-1,11.88
2026-04-02T15:37:15.937,426,sequence,KCF,,False,,,,,,365,106,14,57,,,,,,0,0,0,0,0,0,0,0,False,-1,12.434
2026-04-02T15:37:15.956,427,sequence,KCF,,False,,,,,,364,106,14,57,,,,,,0,0,0,0,0,0,0,0,False,-1,15.77
2026-04-02T15:37:15.975,428,sequence,KCF,,False,,,,,,362,107,14,56,,,,,,0,0,0,0,0,0,0,0,False,-1,16.259
2026-04-02T15:37:15.993,429,sequence,KCF,,False,,,,,,361,108,14,55,,,,,,0,0,0,0,0,0,0,0,False,-1,14.642
2026-04-02T15:37:16.009,430,sequence,KCF,,False,,,,,,360,109,15,53,,,,,,0,0,0,0,0,0,0,0,False,-1,13.559
2026-04-02T15:37:16.028,431,sequence,KCF,,False,,,,,,358,109,14,54,,,,,,0,0,0,0,0,0,0,0,False,-1,15.55
2026-04-02T15:37:16.049,432,sequence,KCF,,False,,,,,,358,109,14,55,,,,,,0,0,0,0,0,0,0,0,False,-1,18.788
2026-04-02T15:37:16.067,433,sequence,KCF,,False,,,,,,356,109,14,55,,,,,,0,0,0,0,0,0,0,0,False,-1,14.771
2026-04-02T15:37:16.085,434,sequence,KCF,,False,,,,,,356,109,14,55,,,,,,0,0,0,0,0,0,0,0,False,-1,14.743
2026-04-02T15:37:16.102,435,sequence,KCF,,False,,,,,,354,109,15,56,,,,,,0,0,0,0,0,0,0,0,False,-1,14.126
2026-04-02T15:37:16.119,436,sequence,KCF,,False,,,,,,353,110,16,56,,,,,,0,0,0,0,0,0,0,0,False,-1,14.144
2026-04-02T15:37:16.138,437,sequence,KCF,,False,,,,,,350,111,16,57,,,,,,0,0,0,0,0,0,0,0,False,-1,16.362
2026-04-02T15:37:16.159,438,sequence,KCF,,False,,,,,,348,112,16,57,,,,,,0,0,0,0,0,0,0,0,False,-1,17.089
2026-04-02T15:37:16.183,439,sequence,KCF,,False,,,,,,344,113,17,57,,,,,,0,0,0,0,0,0,0,0,False,-1,20.209
2026-04-02T15:37:16.207,440,sequence,KCF,,False,,,,,,343,114,18,57,,,,,,0,0,0,0,0,0,0,0,False,-1,18.777
2026-04-02T15:37:16.228,441,sequence,KCF,,False,,,,,,341,115,18,56,,,,,,0,0,0,0,0,0,0,0,False,-1,17.33
2026-04-02T15:37:16.245,442,sequence,KCF,,False,,,,,,340,116,18,55,,,,,,0,0,0,0,0,0,0,0,False,-1,15.341
2026-04-02T15:37:16.263,443,sequence,KCF,,False,,,,,,338,117,18,55,,,,,,0,0,0,0,0,0,0,0,False,-1,14.323
2026-04-02T15:37:16.282,444,sequence,KCF,,False,,,,,,335,118,18,56,,,,,,0,0,0,0,0,0,0,0,False,-1,15.739
2026-04-02T15:37:16.299,445,sequence,KCF,,False,,,,,,333,119,18,56,,,,,,0,0,0,0,0,0,0,0,False,-1,14.291
2026-04-02T15:37:16.319,446,sequence,KCF,,False,,,,,,331,119,18,57,,,,,,0,0,0,0,0,0,0,0,False,-1,17.511
2026-04-02T15:37:16.335,447,sequence,KCF,,False,,,,,,329,120,18,57,,,,,,0,0,0,0,0,0,0,0,False,-1,13.481
2026-04-02T15:37:16.353,448,sequence,KCF,,False,,,,,,327,120,18,57,,,,,,0,0,0,0,0,0,0,0,False,-1,15.121
2026-04-02T15:37:16.377,449,sequence,KCF,,False,,,,,,325,120,18,57,,,,,,0,0,0,0,0,0,0,0,False,-1,19.97
2026-04-02T15:37:16.401,450,sequence,KCF,,False,,,,,,324,121,18,57,,,,,,0,0,0,0,0,0,0,0,False,-1,20.002
2026-04-02T15:37:16.427,451,sequence,KCF,,False,,,,,,322,121,18,56,,,,,,0,0,0,0,0,0,0,0,False,-1,21.297
2026-04-02T15:37:16.450,452,sequence,KCF,,False,,,,,,319,121,18,57,,,,,,0,0,0,0,0,0,0,0,False,-1,20.255
2026-04-02T15:37:16.474,453,sequence,KCF,,False,,,,,,317,121,18,57,,,,,,0,0,0,0,0,0,0,0,False,-1,19.295
2026-04-02T15:37:16.498,454,sequence,KCF,,False,,,,,,314,122,17,57,,,,,,0,0,0,0,0,0,0,0,False,-1,19.531
2026-04-02T15:37:16.525,455,sequence,KCF,,False,,,,,,312,122,18,58,,,,,,0,0,0,0,0,0,0,0,False,-1,22.458
2026-04-02T15:37:16.552,456,sequence,KCF,,False,,,,,,310,123,18,59,,,,,,0,0,0,0,0,0,0,0,False,-1,21.774
2026-04-02T15:37:16.576,457,sequence,KCF,,False,,,,,,307,123,19,59,,,,,,0,0,0,0,0,0,0,0,False,-1,21.267
2026-04-02T15:37:16.601,458,sequence,KCF,,False,,,,,,304,123,19,60,,,,,,0,0,0,0,0,0,0,0,False,-1,19.662
2026-04-02T15:37:16.622,459,sequence,KCF,,False,,,,,,302,124,20,60,,,,,,0,0,0,0,0,0,0,0,False,-1,17.528
2026-04-02T15:37:16.642,460,sequence,KCF,,False,,,,,,299,125,20,61,,,,,,0,0,0,0,0,0,0,0,False,-1,17.106
2026-04-02T15:37:16.662,461,sequence,KCF,,False,,,,,,298,126,19,60,,,,,,0,0,0,0,0,0,0,0,False,-1,16.447
2026-04-02T15:37:16.680,462,sequence,KCF,,False,,,,,,296,127,19,59,,,,,,0,0,0,0,0,0,0,0,False,-1,16.032
2026-04-02T15:37:16.701,463,sequence,KCF,,False,,,,,,294,128,18,58,,,,,,0,0,0,0,0,0,0,0,False,-1,16.44
2026-04-02T15:37:16.723,464,sequence,KCF,,False,,,,,,292,128,18,59,,,,,,0,0,0,0,0,0,0,0,False,-1,18.672
2026-04-02T15:37:16.746,465,sequence,KCF,,False,,,,,,290,127,18,61,,,,,,0,0,0,0,0,0,0,0,False,-1,19.429
2026-04-02T15:37:16.768,466,sequence,KCF,,False,,,,,,289,127,18,63,,,,,,0,0,0,0,0,0,0,0,False,-1,18.155
2026-04-02T15:37:16.784,467,sequence,KCF,,False,,,,,,288,128,18,63,,,,,,0,0,0,0,0,0,0,0,False,-1,13.202
2026-04-02T15:37:16.802,468,sequence,KCF,,False,,,,,,286,129,17,62,,,,,,0,0,0,0,0,0,0,0,False,-1,14.719
2026-04-02T15:37:16.822,469,sequence,KCF,,False,,,,,,286,129,16,62,,,,,,0,0,0,0,0,0,0,0,False,-1,16.691
2026-04-02T15:37:16.844,470,sequence,KCF,,False,,,,,,284,131,18,61,,,,,,0,0,0,0,0,0,0,0,False,-1,18.412
2026-04-02T15:37:16.866,471,sequence,KCF,,False,,,,,,282,131,18,61,,,,,,0,0,0,0,0,0,0,0,False,-1,18.04
2026-04-02T15:37:16.888,472,sequence,KCF,,False,,,,,,280,133,20,60,,,,,,0,0,0,0,0,0,0,0,False,-1,19.998
2026-04-02T15:37:16.910,473,sequence,KCF,,False,,,,,,280,135,20,60,,,,,,0,0,0,0,0,0,0,0,False,-1,18.353
2026-04-02T15:37:16.928,474,sequence,KCF,,False,,,,,,278,136,20,60,,,,,,0,0,0,0,0,0,0,0,False,-1,14.079
2026-04-02T15:37:16.941,475,sequence,KCF,,False,,,,,,277,138,20,60,,,,,,0,0,0,0,0,0,0,0,False,-1,10.79
2026-04-02T15:37:16.954,476,sequence,KCF,,False,,,,,,276,139,20,59,,,,,,0,0,0,0,0,0,0,0,False,-1,10.954
2026-04-02T15:37:16.967,477,sequence,KCF,,False,,,,,,275,141,20,59,,,,,,0,0,0,0,0,0,0,0,False,-1,11.081
2026-04-02T15:37:16.979,478,sequence,KCF,,False,,,,,,274,142,20,58,,,,,,0,0,0,0,0,0,0,0,False,-1,10.044
2026-04-02T15:37:16.992,479,sequence,KCF,,False,,,,,,273,142,20,59,,,,,,0,0,0,0,0,0,0,0,False,-1,10.385
2026-04-02T15:37:17.005,480,sequence,KCF,,False,,,,,,272,142,20,59,,,,,,0,0,0,0,0,0,0,0,False,-1,11.331
2026-04-02T15:37:17.017,481,sequence,KCF,,False,,,,,,270,142,21,60,,,,,,0,0,0,0,0,0,0,0,False,-1,9.475
2026-04-02T15:37:17.029,482,sequence,KCF,,False,,,,,,269,143,21,61,,,,,,0,0,0,0,0,0,0,0,False,-1,10.246
2026-04-02T15:37:17.044,483,sequence,KCF,,False,,,,,,268,145,20,61,,,,,,0,0,0,0,0,0,0,0,False,-1,12.775
2026-04-02T15:37:17.058,484,sequence,KCF,,False,,,,,,266,146,20,61,,,,,,0,0,0,0,0,0,0,0,False,-1,11.26
2026-04-02T15:37:17.072,485,sequence,KCF,,False,,,,,,266,147,20,61,,,,,,0,0,0,0,0,0,0,0,False,-1,11.745
2026-04-02T15:37:17.086,486,sequence,KCF,,False,,,,,,265,147,19,61,,,,,,0,0,0,0,0,0,0,0,False,-1,11.656
2026-04-02T15:37:17.098,487,sequence,KCF,,False,,,,,,264,147,18,61,,,,,,0,0,0,0,0,0,0,0,False,-1,11.222
2026-04-02T15:37:17.110,488,sequence,KCF,,False,,,,,,262,149,18,61,,,,,,0,0,0,0,0,0,0,0,False,-1,9.93
2026-04-02T15:37:17.124,489,sequence,KCF,,False,,,,,,261,150,18,61,,,,,,0,0,0,0,0,0,0,0,False,-1,10.905
2026-04-02T15:37:17.140,490,sequence,KCF,,False,,,,,,260,151,18,60,,,,,,0,0,0,0,0,0,0,0,False,-1,14.175
2026-04-02T15:37:17.159,491,sequence,KCF,,False,,,,,,258,152,18,60,,,,,,0,0,0,0,0,0,0,0,False,-1,15.729
2026-04-02T15:37:17.177,492,sequence,KCF,,False,,,,,,257,153,18,59,,,,,,0,0,0,0,0,0,0,0,False,-1,15.608
2026-04-02T15:37:17.199,493,sequence,KCF,,False,,,,,,256,154,18,59,,,,,,0,0,0,0,0,0,0,0,False,-1,17.531
2026-04-02T15:37:17.216,494,sequence,KCF,,False,,,,,,255,154,18,60,,,,,,0,0,0,0,0,0,0,0,False,-1,13.059
2026-04-02T15:37:17.229,495,sequence,KCF,,False,,,,,,254,155,18,61,,,,,,0,0,0,0,0,0,0,0,False,-1,11.11
2026-04-02T15:37:17.245,496,sequence,KCF,,False,,,,,,254,155,18,61,,,,,,0,0,0,0,0,0,0,0,False,-1,13.118
2026-04-02T15:37:17.262,497,sequence,KCF,,False,,,,,,252,156,18,61,,,,,,0,0,0,0,0,0,0,0,False,-1,15.005
2026-04-02T15:37:17.280,498,sequence,KCF,,False,,,,,,250,157,18,61,,,,,,0,0,0,0,0,0,0,0,False,-1,15.351
2026-04-02T15:37:17.299,499,sequence,KCF,,False,,,,,,249,158,18,61,,,,,,0,0,0,0,0,0,0,0,False,-1,16.129
2026-04-02T15:37:17.321,500,sequence,KCF,,False,,,,,,248,159,18,61,,,,,,0,0,0,0,0,0,0,0,False,-1,17.619
2026-04-02T15:37:17.340,501,sequence,KCF,,False,,,,,,247,159,18,61,,,,,,0,0,0,0,0,0,0,0,False,-1,17.123
2026-04-02T15:37:17.360,502,sequence,KCF,,False,,,,,,246,159,18,61,,,,,,0,0,0,0,0,0,0,0,False,-1,15.969
2026-04-02T15:37:17.380,503,sequence,KCF,,False,,,,,,244,160,18,60,,,,,,0,0,0,0,0,0,0,0,False,-1,15.59
2026-04-02T15:37:17.398,504,sequence,KCF,,False,,,,,,244,161,18,59,,,,,,0,0,0,0,0,0,0,0,False,-1,14.35
2026-04-02T15:37:17.413,505,sequence,KCF,,False,,,,,,242,161,19,59,,,,,,0,0,0,0,0,0,0,0,False,-1,13.19
2026-04-02T15:37:17.431,506,sequence,KCF,,False,,,,,,240,163,20,59,,,,,,0,0,0,0,0,0,0,0,False,-1,14.591
2026-04-02T15:37:17.448,507,sequence,KCF,,False,,,,,,239,163,20,59,,,,,,0,0,0,0,0,0,0,0,False,-1,13.529
2026-04-02T15:37:17.463,508,sequence,KCF,,False,,,,,,238,165,20,59,,,,,,0,0,0,0,0,0,0,0,False,-1,13.273
2026-04-02T15:37:17.480,509,sequence,KCF,,False,,,,,,236,166,22,59,,,,,,0,0,0,0,0,0,0,0,False,-1,12.774
2026-04-02T15:37:17.498,510,sequence,KCF,,False,,,,,,235,168,23,60,,,,,,0,0,0,0,0,0,0,0,False,-1,15.432
2026-04-02T15:37:17.515,511,sequence,KCF,,False,,,,,,234,169,24,60,,,,,,0,0,0,0,0,0,0,0,False,-1,15.975
2026-04-02T15:37:17.535,512,sequence,KCF,,False,,,,,,233,170,24,61,,,,,,0,0,0,0,0,0,0,0,False,-1,16.585
2026-04-02T15:37:17.554,513,sequence,KCF,,False,,,,,,232,171,22,63,,,,,,0,0,0,0,0,0,0,0,False,-1,15.023
2026-04-02T15:37:17.573,514,sequence,KCF,,False,,,,,,232,171,22,64,,,,,,0,0,0,0,0,0,0,0,False,-1,15.161
2026-04-02T15:37:17.592,515,sequence,KCF,,False,,,,,,232,172,21,63,,,,,,0,0,0,0,0,0,0,0,False,-1,15.903
2026-04-02T15:37:17.612,516,sequence,KCF,,False,,,,,,230,173,20,63,,,,,,0,0,0,0,0,0,0,0,False,-1,17.838
2026-04-02T15:37:17.633,517,sequence,KCF,,False,,,,,,230,173,20,62,,,,,,0,0,0,0,0,0,0,0,False,-1,17.697
2026-04-02T15:37:17.653,518,sequence,KCF,,False,,,,,,230,175,20,61,,,,,,0,0,0,0,0,0,0,0,False,-1,16.373
2026-04-02T15:37:17.674,519,sequence,KCF,,False,,,,,,228,175,20,61,,,,,,0,0,0,0,0,0,0,0,False,-1,16.368
2026-04-02T15:37:17.698,520,sequence,KCF,,False,,,,,,228,177,20,60,,,,,,0,0,0,0,0,0,0,0,False,-1,19.71
2026-04-02T15:37:17.721,521,sequence,KCF,,False,,,,,,227,177,20,62,,,,,,0,0,0,0,0,0,0,0,False,-1,20.171
2026-04-02T15:37:17.744,522,sequence,KCF,,False,,,,,,226,177,20,63,,,,,,0,0,0,0,0,0,0,0,False,-1,19.217
2026-04-02T15:37:17.765,523,sequence,KCF,,False,,,,,,224,177,20,65,,,,,,0,0,0,0,0,0,0,0,False,-1,16.361
2026-04-02T15:37:17.782,524,sequence,KCF,,False,,,,,,224,177,20,65,,,,,,0,0,0,0,0,0,0,0,False,-1,14.325
2026-04-02T15:37:17.803,525,sequence,KCF,,False,,,,,,223,176,21,63,,,,,,0,0,0,0,0,0,0,0,False,-1,17.67
2026-04-02T15:37:17.825,526,sequence,KCF,,False,,,,,,222,176,21,63,,,,,,0,0,0,0,0,0,0,0,False,-1,19.692
2026-04-02T15:37:17.848,527,sequence,KCF,,False,,,,,,221,177,22,63,,,,,,0,0,0,0,0,0,0,0,False,-1,19.148
2026-04-02T15:37:17.869,528,sequence,KCF,,False,,,,,,220,177,22,64,,,,,,0,0,0,0,0,0,0,0,False,-1,17.395
2026-04-02T15:37:17.886,529,sequence,KCF,,False,,,,,,219,178,22,65,,,,,,0,0,0,0,0,0,0,0,False,-1,13.27
2026-04-02T15:37:17.901,530,sequence,KCF,,False,,,,,,218,177,22,65,,,,,,0,0,0,0,0,0,0,0,False,-1,11.506
2026-04-02T15:37:17.915,531,sequence,KCF,,False,,,,,,218,177,22,65,,,,,,0,0,0,0,0,0,0,0,False,-1,12.796
2026-04-02T15:37:17.931,532,sequence,KCF,,False,,,,,,217,176,21,65,,,,,,0,0,0,0,0,0,0,0,False,-1,13.863
2026-04-02T15:37:17.948,533,sequence,KCF,,False,,,,,,216,176,21,63,,,,,,0,0,0,0,0,0,0,0,False,-1,14.008
2026-04-02T15:37:17.965,534,sequence,KCF,,False,,,,,,216,177,21,62,,,,,,0,0,0,0,0,0,0,0,False,-1,14.946
2026-04-02T15:37:17.985,535,sequence,KCF,,False,,,,,,215,177,21,61,,,,,,0,0,0,0,0,0,0,0,False,-1,16.49
2026-04-02T15:37:18.003,536,sequence,KCF,,False,,,,,,214,178,21,61,,,,,,0,0,0,0,0,0,0,0,False,-1,15.611
2026-04-02T15:37:18.020,537,sequence,KCF,,False,,,,,,213,179,21,62,,,,,,0,0,0,0,0,0,0,0,False,-1,14.275
2026-04-02T15:37:18.038,538,sequence,KCF,,False,,,,,,212,180,21,63,,,,,,0,0,0,0,0,0,0,0,False,-1,15.047
2026-04-02T15:37:18.058,539,sequence,KCF,,False,,,,,,212,179,21,63,,,,,,0,0,0,0,0,0,0,0,False,-1,17.146
2026-04-02T15:37:18.078,540,sequence,KCF,,False,,,,,,212,177,21,63,,,,,,0,0,0,0,0,0,0,0,False,-1,16.05
2026-04-02T15:37:18.097,541,sequence,KCF,,False,,,,,,211,176,21,64,,,,,,0,0,0,0,0,0,0,0,False,-1,16.402
2026-04-02T15:37:18.113,542,sequence,KCF,,False,,,,,,210,177,21,63,,,,,,0,0,0,0,0,0,0,0,False,-1,13.359
2026-04-02T15:37:18.130,543,sequence,KCF,,False,,,,,,210,177,22,61,,,,,,0,0,0,0,0,0,0,0,False,-1,14.251
2026-04-02T15:37:18.149,544,sequence,KCF,,False,,,,,,209,178,22,60,,,,,,0,0,0,0,0,0,0,0,False,-1,15.912
2026-04-02T15:37:18.170,545,sequence,KCF,,False,,,,,,208,177,22,61,,,,,,0,0,0,0,0,0,0,0,False,-1,17.677
2026-04-02T15:37:18.189,546,sequence,KCF,,False,,,,,,208,177,22,61,,,,,,0,0,0,0,0,0,0,0,False,-1,16.948
2026-04-02T15:37:18.208,547,sequence,KCF,,False,,,,,,207,177,22,62,,,,,,0,0,0,0,0,0,0,0,False,-1,15.029
2026-04-02T15:37:18.226,548,sequence,KCF,,False,,,,,,206,176,22,62,,,,,,0,0,0,0,0,0,0,0,False,-1,14.661
2026-04-02T15:37:18.241,549,sequence,KCF,,False,,,,,,206,175,22,63,,,,,,0,0,0,0,0,0,0,0,False,-1,12.333
2026-04-02T15:37:18.258,550,sequence,KCF,,False,,,,,,206,175,23,63,,,,,,0,0,0,0,0,0,0,0,False,-1,14.604
2026-04-02T15:37:18.275,551,sequence,KCF,,False,,,,,,204,175,24,61,,,,,,0,0,0,0,0,0,0,0,False,-1,14.557
2026-04-02T15:37:18.294,552,sequence,KCF,,False,,,,,,202,175,24,61,,,,,,0,0,0,0,0,0,0,0,False,-1,15.708
2026-04-02T15:37:18.314,553,sequence,KCF,,False,,,,,,200,176,24,59,,,,,,0,0,0,0,0,0,0,0,False,-1,16.898
2026-04-02T15:37:18.334,554,sequence,KCF,,False,,,,,,199,176,25,60,,,,,,0,0,0,0,0,0,0,0,False,-1,16.391
2026-04-02T15:37:18.354,555,sequence,KCF,,False,,,,,,198,176,26,60,,,,,,0,0,0,0,0,0,0,0,False,-1,16.884
2026-04-02T15:37:18.372,556,sequence,KCF,,False,,,,,,197,176,26,61,,,,,,0,0,0,0,0,0,0,0,False,-1,15.145
2026-04-02T15:37:18.393,557,sequence,KCF,,False,,,,,,196,176,28,61,,,,,,0,0,0,0,0,0,0,0,False,-1,18.16
2026-04-02T15:37:18.415,558,sequence,KCF,,False,,,,,,194,176,29,60,,,,,,0,0,0,0,0,0,0,0,False,-1,18.078
2026-04-02T15:37:18.438,559,sequence,KCF,,False,,,,,,193,176,30,60,,,,,,0,0,0,0,0,0,0,0,False,-1,18.765
2026-04-02T15:37:18.461,560,sequence,KCF,,False,,,,,,192,176,30,59,,,,,,0,0,0,0,0,0,0,0,False,-1,19.503
2026-04-02T15:37:18.479,561,sequence,KCF,,False,,,,,,192,177,31,59,,,,,,0,0,0,0,0,0,0,0,False,-1,15.497
2026-04-02T15:37:18.505,562,sequence,KCF,,False,,,,,,192,177,31,59,,,,,,0,0,0,0,0,0,0,0,False,-1,21.116
2026-04-02T15:37:18.526,563,sequence,KCF,,False,,,,,,192,175,31,61,,,,,,0,0,0,0,0,0,0,0,False,-1,17.57
2026-04-02T15:37:18.550,564,sequence,KCF,,False,,,,,,192,174,31,62,,,,,,0,0,0,0,0,0,0,0,False,-1,19.655
2026-04-02T15:37:18.575,565,sequence,KCF,,False,,,,,,192,173,31,64,,,,,,0,0,0,0,0,0,0,0,False,-1,21.16
2026-04-02T15:37:18.604,566,sequence,KCF,,False,,,,,,193,173,30,62,,,,,,0,0,0,0,0,0,0,0,False,-1,22.76
2026-04-02T15:37:18.638,567,sequence,KCF,,False,,,,,,194,175,30,59,,,,,,0,0,0,0,0,0,0,0,False,-1,30.053
2026-04-02T15:37:18.666,568,sequence,KCF,,False,,,,,,194,175,29,57,,,,,,0,0,0,0,0,0,0,0,False,-1,22.231
2026-04-02T15:37:18.692,569,sequence,KCF,,False,,,,,,196,175,29,58,,,,,,0,0,0,0,0,0,0,0,False,-1,21.36
2026-04-02T15:37:18.716,570,sequence,KCF,,False,,,,,,196,175,28,59,,,,,,0,0,0,0,0,0,0,0,False,-1,20.023
2026-04-02T15:37:18.739,571,sequence,KCF,,False,,,,,,197,175,28,60,,,,,,0,0,0,0,0,0,0,0,False,-1,19.451
2026-04-02T15:37:18.761,572,sequence,KCF,,False,,,,,,198,176,28,59,,,,,,0,0,0,0,0,0,0,0,False,-1,18.252
2026-04-02T15:37:18.783,573,sequence,KCF,,False,,,,,,200,176,26,59,,,,,,0,0,0,0,0,0,0,0,False,-1,17.655
2026-04-02T15:37:18.802,574,sequence,KCF,,False,,,,,,202,177,26,59,,,,,,0,0,0,0,0,0,0,0,False,-1,14.527
2026-04-02T15:37:18.824,575,sequence,KCF,,False,,,,,,203,178,26,57,,,,,,0,0,0,0,0,0,0,0,False,-1,18.502
2026-04-02T15:37:18.848,576,sequence,KCF,,False,,,,,,204,179,26,57,,,,,,0,0,0,0,0,0,0,0,False,-1,21.625
2026-04-02T15:37:18.876,577,sequence,KCF,,False,,,,,,205,180,26,55,,,,,,0,0,0,0,0,0,0,0,False,-1,22.537
2026-04-02T15:37:18.905,578,sequence,KCF,,False,,,,,,206,179,26,57,,,,,,0,0,0,0,0,0,0,0,False,-1,22.889
2026-04-02T15:37:18.927,579,sequence,KCF,,False,,,,,,206,179,26,59,,,,,,0,0,0,0,0,0,0,0,False,-1,17.43
2026-04-02T15:37:18.949,580,sequence,KCF,,False,,,,,,208,178,25,61,,,,,,0,0,0,0,0,0,0,0,False,-1,17.805
2026-04-02T15:37:18.967,581,sequence,KCF,,False,,,,,,209,177,24,60,,,,,,0,0,0,0,0,0,0,0,False,-1,14.973
2026-04-02T15:37:18.983,582,sequence,KCF,,False,,,,,,210,176,24,60,,,,,,0,0,0,0,0,0,0,0,False,-1,13.187
2026-04-02T15:37:18.999,583,sequence,KCF,,False,,,,,,212,175,24,59,,,,,,0,0,0,0,0,0,0,0,False,-1,14.272
2026-04-02T15:37:19.018,584,sequence,KCF,,False,,,,,,211,175,24,61,,,,,,0,0,0,0,0,0,0,0,False,-1,15.047
2026-04-02T15:37:19.033,585,sequence,KCF,,False,,,,,,210,174,26,63,,,,,,0,0,0,0,0,0,0,0,False,-1,12.576
2026-04-02T15:37:19.046,586,sequence,KCF,,False,,,,,,210,173,26,65,,,,,,0,0,0,0,0,0,0,0,False,-1,10.428
2026-04-02T15:37:19.059,587,sequence,KCF,,False,,,,,,210,172,26,66,,,,,,0,0,0,0,0,0,0,0,False,-1,11.238
2026-04-02T15:37:19.073,588,sequence,KCF,,False,,,,,,211,171,26,67,,,,,,0,0,0,0,0,0,0,0,False,-1,12.037
2026-04-02T15:37:19.087,589,sequence,KCF,,False,,,,,,212,169,26,68,,,,,,0,0,0,0,0,0,0,0,False,-1,11.906
2026-04-02T15:37:19.103,590,sequence,KCF,,False,,,,,,212,170,26,67,,,,,,0,0,0,0,0,0,0,0,False,-1,12.695
2026-04-02T15:37:19.116,591,sequence,KCF,,False,,,,,,213,171,26,67,,,,,,0,0,0,0,0,0,0,0,False,-1,10.744
2026-04-02T15:37:19.129,592,sequence,KCF,,False,,,,,,214,172,26,67,,,,,,0,0,0,0,0,0,0,0,False,-1,11.323
2026-04-02T15:37:19.147,593,sequence,KCF,,False,,,,,,214,173,26,66,,,,,,0,0,0,0,0,0,0,0,False,-1,14.56
2026-04-02T15:37:19.166,594,sequence,KCF,,False,,,,,,214,174,26,66,,,,,,0,0,0,0,0,0,0,0,False,-1,16.045
2026-04-02T15:37:19.182,595,sequence,KCF,,False,,,,,,214,175,26,65,,,,,,0,0,0,0,0,0,0,0,False,-1,13.396
2026-04-02T15:37:19.200,596,sequence,KCF,,False,,,,,,214,177,27,65,,,,,,0,0,0,0,0,0,0,0,False,-1,16.237
2026-04-02T15:37:19.218,597,sequence,KCF,,False,,,,,,215,177,28,66,,,,,,0,0,0,0,0,0,0,0,False,-1,14.136
2026-04-02T15:37:19.232,598,sequence,KCF,,False,,,,,,216,179,28,66,,,,,,0,0,0,0,0,0,0,0,False,-1,11.843
2026-04-02T15:37:19.246,599,sequence,KCF,,False,,,,,,216,179,29,66,,,,,,0,0,0,0,0,0,0,0,False,-1,11.257
2026-04-02T15:37:19.262,600,sequence,KCF,,False,,,,,,216,179,30,65,,,,,,0,0,0,0,0,0,0,0,False,-1,13.795
2026-04-02T15:37:19.277,601,sequence,KCF,,False,,,,,,216,179,30,65,,,,,,0,0,0,0,0,0,0,0,False,-1,12.223
2026-04-02T15:37:19.291,602,sequence,KCF,,False,,,,,,217,179,30,66,,,,,,0,0,0,0,0,0,0,0,False,-1,11.544
2026-04-02T15:37:19.306,603,sequence,KCF,,False,,,,,,218,179,30,67,,,,,,0,0,0,0,0,0,0,0,False,-1,12.448
2026-04-02T15:37:19.321,604,sequence,KCF,,False,,,,,,220,179,30,68,,,,,,0,0,0,0,0,0,0,0,False,-1,12.394
2026-04-02T15:37:19.338,605,sequence,KCF,,False,,,,,,220,180,30,67,,,,,,0,0,0,0,0,0,0,0,False,-1,13.526
2026-04-02T15:37:19.353,606,sequence,KCF,,False,,,,,,222,181,29,67,,,,,,0,0,0,0,0,0,0,0,False,-1,13.577
2026-04-02T15:37:19.372,607,sequence,KCF,,False,,,,,,222,182,28,66,,,,,,0,0,0,0,0,0,0,0,False,-1,15.17
2026-04-02T15:37:19.390,608,sequence,KCF,,False,,,,,,224,182,28,66,,,,,,0,0,0,0,0,0,0,0,False,-1,15.72
2026-04-02T15:37:19.409,609,sequence,KCF,,False,,,,,,224,183,28,66,,,,,,0,0,0,0,0,0,0,0,False,-1,15.409
2026-04-02T15:37:19.428,610,sequence,KCF,,False,,,,,,225,183,28,66,,,,,,0,0,0,0,0,0,0,0,False,-1,15.903
2026-04-02T15:37:19.446,611,sequence,KCF,,False,,,,,,226,183,28,67,,,,,,0,0,0,0,0,0,0,0,False,-1,15.877
2026-04-02T15:37:19.469,612,sequence,KCF,,False,,,,,,228,183,28,68,,,,,,0,0,0,0,0,0,0,0,False,-1,18.159
2026-04-02T15:37:19.491,613,sequence,KCF,,False,,,,,,228,183,28,69,,,,,,0,0,0,0,0,0,0,0,False,-1,18.116
2026-04-02T15:37:19.513,614,sequence,KCF,,False,,,,,,229,183,29,69,,,,,,0,0,0,0,0,0,0,0,False,-1,17.608
2026-04-02T15:37:19.533,615,sequence,KCF,,False,,,,,,230,183,29,69,,,,,,0,0,0,0,0,0,0,0,False,-1,16.06
2026-04-02T15:37:19.546,616,sequence,KCF,,False,,,,,,230,183,30,69,,,,,,0,0,0,0,0,0,0,0,False,-1,11.89
2026-04-02T15:37:19.561,617,sequence,KCF,,False,,,,,,231,184,30,69,,,,,,0,0,0,0,0,0,0,0,False,-1,12.231
2026-04-02T15:37:19.578,618,sequence,KCF,,False,,,,,,232,185,30,69,,,,,,0,0,0,0,0,0,0,0,False,-1,13.764
2026-04-02T15:37:19.596,619,sequence,KCF,,False,,,,,,234,186,30,69,,,,,,0,0,0,0,0,0,0,0,False,-1,15.039
2026-04-02T15:37:19.615,620,sequence,KCF,,False,,,,,,234,186,30,69,,,,,,0,0,0,0,0,0,0,0,False,-1,15.317
2026-04-02T15:37:19.632,621,sequence,KCF,,False,,,,,,235,187,30,69,,,,,,0,0,0,0,0,0,0,0,False,-1,14.707
2026-04-02T15:37:19.653,622,sequence,KCF,,False,,,,,,236,187,30,69,,,,,,0,0,0,0,0,0,0,0,False,-1,17.61
2026-04-02T15:37:19.670,623,sequence,KCF,,False,,,,,,236,187,30,70,,,,,,0,0,0,0,0,0,0,0,False,-1,14.526
2026-04-02T15:37:19.690,624,sequence,KCF,,False,,,,,,237,186,29,71,,,,,,0,0,0,0,0,0,0,0,False,-1,15.676
2026-04-02T15:37:19.706,625,sequence,KCF,,False,,,,,,238,186,28,72,,,,,,0,0,0,0,0,0,0,0,False,-1,12.753
2026-04-02T15:37:19.723,626,sequence,KCF,,False,,,,,,238,186,28,73,,,,,,0,0,0,0,0,0,0,0,False,-1,13.351
2026-04-02T15:37:19.742,627,sequence,KCF,,False,,,,,,239,186,29,73,,,,,,0,0,0,0,0,0,0,0,False,-1,15.625
2026-04-02T15:37:19.761,628,sequence,KCF,,False,,,,,,240,186,29,73,,,,,,0,0,0,0,0,0,0,0,False,-1,15.757
2026-04-02T15:37:19.781,629,sequence,KCF,,False,,,,,,240,187,28,73,,,,,,0,0,0,0,0,0,0,0,False,-1,16.257
2026-04-02T15:37:19.803,630,sequence,KCF,,False,,,,,,240,188,28,72,,,,,,0,0,0,0,0,0,0,0,False,-1,18.347
2026-04-02T15:37:19.827,631,sequence,KCF,,False,,,,,,241,189,28,71,,,,,,0,0,0,0,0,0,0,0,False,-1,19.679
2026-04-02T15:37:19.851,632,sequence,KCF,,False,,,,,,241,189,29,72,,,,,,0,0,0,0,0,0,0,0,False,-1,19.862
2026-04-02T15:37:19.873,633,sequence,KCF,,False,,,,,,242,189,30,72,,,,,,0,0,0,0,0,0,0,0,False,-1,17.03
2026-04-02T15:37:19.894,634,sequence,KCF,,False,,,,,,242,189,30,73,,,,,,0,0,0,0,0,0,0,0,False,-1,17.334
2026-04-02T15:37:19.916,635,sequence,KCF,,False,,,,,,242,189,30,73,,,,,,0,0,0,0,0,0,0,0,False,-1,18.56
2026-04-02T15:37:19.938,636,sequence,KCF,,False,,,,,,243,189,31,72,,,,,,0,0,0,0,0,0,0,0,False,-1,19.283
2026-04-02T15:37:19.964,637,sequence,KCF,,False,,,,,,244,189,31,72,,,,,,0,0,0,0,0,0,0,0,False,-1,20.847
2026-04-02T15:37:19.987,638,sequence,KCF,,False,,,,,,245,190,30,71,,,,,,0,0,0,0,0,0,0,0,False,-1,18.043
2026-04-02T15:37:20.012,639,sequence,KCF,,False,,,,,,246,191,30,71,,,,,,0,0,0,0,0,0,0,0,False,-1,20.503
2026-04-02T15:37:20.034,640,sequence,KCF,,False,,,,,,248,191,30,71,,,,,,0,0,0,0,0,0,0,0,False,-1,17.387
2026-04-02T15:37:20.056,641,sequence,KCF,,False,,,,,,250,191,30,71,,,,,,0,0,0,0,0,0,0,0,False,-1,19.311
2026-04-02T15:37:20.078,642,sequence,KCF,,False,,,,,,252,190,30,71,,,,,,0,0,0,0,0,0,0,0,False,-1,17.663
2026-04-02T15:37:20.095,643,sequence,KCF,,False,,,,,,255,189,29,71,,,,,,0,0,0,0,0,0,0,0,False,-1,14.577
2026-04-02T15:37:20.115,644,sequence,KCF,,False,,,,,,256,190,29,71,,,,,,0,0,0,0,0,0,0,0,False,-1,16.542
2026-04-02T15:37:20.140,645,sequence,KCF,,False,,,,,,258,191,30,70,,,,,,0,0,0,0,0,0,0,0,False,-1,20.951
2026-04-02T15:37:20.165,646,sequence,KCF,,False,,,,,,260,192,30,69,,,,,,0,0,0,0,0,0,0,0,False,-1,21.446
2026-04-02T15:37:20.192,647,sequence,KCF,,False,,,,,,262,192,30,69,,,,,,0,0,0,0,0,0,0,0,False,-1,21.638
2026-04-02T15:37:20.218,648,sequence,KCF,,False,,,,,,263,193,30,68,,,,,,0,0,0,0,0,0,0,0,False,-1,20.818
2026-04-02T15:37:20.239,649,sequence,KCF,,False,,,,,,265,193,30,67,,,,,,0,0,0,0,0,0,0,0,False,-1,16.695
2026-04-02T15:37:20.258,650,sequence,KCF,,False,,,,,,266,193,30,67,,,,,,0,0,0,0,0,0,0,0,False,-1,15.999
2026-04-02T15:37:20.277,651,sequence,KCF,,False,,,,,,268,193,30,67,,,,,,0,0,0,0,0,0,0,0,False,-1,16.244
2026-04-02T15:37:20.293,652,sequence,KCF,,False,,,,,,269,193,30,67,,,,,,0,0,0,0,0,0,0,0,False,-1,13.04
2026-04-02T15:37:20.314,653,sequence,KCF,,False,,,,,,270,193,30,67,,,,,,0,0,0,0,0,0,0,0,False,-1,17.772
2026-04-02T15:37:20.336,654,sequence,KCF,,False,,,,,,272,194,30,67,,,,,,0,0,0,0,0,0,0,0,False,-1,18.122
2026-04-02T15:37:20.357,655,sequence,KCF,,False,,,,,,274,195,30,66,,,,,,0,0,0,0,0,0,0,0,False,-1,16.895
2026-04-02T15:37:20.375,656,sequence,KCF,,False,,,,,,276,195,30,67,,,,,,0,0,0,0,0,0,0,0,False,-1,15.409
2026-04-02T15:37:20.393,657,sequence,KCF,,False,,,,,,277,194,30,67,,,,,,0,0,0,0,0,0,0,0,False,-1,15.141
2026-04-02T15:37:20.413,658,sequence,KCF,,False,,,,,,279,194,30,68,,,,,,0,0,0,0,0,0,0,0,False,-1,16.438
2026-04-02T15:37:20.432,659,sequence,KCF,,False,,,,,,280,194,30,68,,,,,,0,0,0,0,0,0,0,0,False,-1,15.716
2026-04-02T15:37:20.453,660,sequence,KCF,,False,,,,,,282,193,31,69,,,,,,0,0,0,0,0,0,0,0,False,-1,17.837
2026-04-02T15:37:20.475,661,sequence,KCF,,False,,,,,,283,193,31,69,,,,,,0,0,0,0,0,0,0,0,False,-1,19.628
2026-04-02T15:37:20.499,662,sequence,KCF,,False,,,,,,286,194,31,68,,,,,,0,0,0,0,0,0,0,0,False,-1,18.95
2026-04-02T15:37:20.518,663,sequence,KCF,,False,,,,,,288,194,30,67,,,,,,0,0,0,0,0,0,0,0,False,-1,15.774
2026-04-02T15:37:20.535,664,sequence,KCF,,False,,,,,,291,195,30,67,,,,,,0,0,0,0,0,0,0,0,False,-1,14.238
2026-04-02T15:37:20.551,665,sequence,KCF,,False,,,,,,292,195,30,67,,,,,,0,0,0,0,0,0,0,0,False,-1,12.833
2026-04-02T15:37:20.568,666,sequence,KCF,,False,,,,,,294,195,30,67,,,,,,0,0,0,0,0,0,0,0,False,-1,15.409
2026-04-02T15:37:20.585,667,sequence,KCF,,False,,,,,,296,195,30,67,,,,,,0,0,0,0,0,0,0,0,False,-1,13.67
2026-04-02T15:37:20.599,668,sequence,KCF,,False,,,,,,297,195,30,67,,,,,,0,0,0,0,0,0,0,0,False,-1,12.423
2026-04-02T15:37:20.615,669,sequence,KCF,,False,,,,,,298,195,30,67,,,,,,0,0,0,0,0,0,0,0,False,-1,12.842
2026-04-02T15:37:20.630,670,sequence,KCF,,False,,,,,,300,195,30,67,,,,,,0,0,0,0,0,0,0,0,False,-1,12.787
2026-04-02T15:37:20.647,671,sequence,KCF,,False,,,,,,302,195,29,67,,,,,,0,0,0,0,0,0,0,0,False,-1,14.316
2026-04-02T15:37:20.666,672,sequence,KCF,,False,,,,,,306,195,28,67,,,,,,0,0,0,0,0,0,0,0,False,-1,15.53
2026-04-02T15:37:20.685,673,sequence,KCF,,False,,,,,,308,195,27,67,,,,,,0,0,0,0,0,0,0,0,False,-1,15.906
2026-04-02T15:37:20.705,674,sequence,KCF,,False,,,,,,310,195,28,67,,,,,,0,0,0,0,0,0,0,0,False,-1,14.904
2026-04-02T15:37:20.725,675,sequence,KCF,,False,,,,,,310,194,28,68,,,,,,0,0,0,0,0,0,0,0,False,-1,17.22
2026-04-02T15:37:20.749,676,sequence,KCF,,False,,,,,,311,193,29,69,,,,,,0,0,0,0,0,0,0,0,False,-1,21.14
2026-04-02T15:37:20.772,677,sequence,KCF,,False,,,,,,314,194,28,68,,,,,,0,0,0,0,0,0,0,0,False,-1,19.809
2026-04-02T15:37:20.796,678,sequence,KCF,,False,,,,,,316,195,28,67,,,,,,0,0,0,0,0,0,0,0,False,-1,20.056
2026-04-02T15:37:20.818,679,sequence,KCF,,False,,,,,,318,195,28,66,,,,,,0,0,0,0,0,0,0,0,False,-1,18.188
2026-04-02T15:37:20.836,680,sequence,KCF,,False,,,,,,320,195,27,66,,,,,,0,0,0,0,0,0,0,0,False,-1,14.599
2026-04-02T15:37:20.856,681,sequence,KCF,,False,,,,,,322,196,26,67,,,,,,0,0,0,0,0,0,0,0,False,-1,17.561
2026-04-02T15:37:20.876,682,sequence,KCF,,False,,,,,,323,196,26,67,,,,,,0,0,0,0,0,0,0,0,False,-1,17.314
2026-04-02T15:37:20.904,683,sequence,KCF,,False,,,,,,324,196,25,66,,,,,,0,0,0,0,0,0,0,0,False,-1,23.063
2026-04-02T15:37:20.927,684,sequence,KCF,,False,,,,,,326,197,25,65,,,,,,0,0,0,0,0,0,0,0,False,-1,19.291
2026-04-02T15:37:20.945,685,sequence,KCF,,False,,,,,,328,197,24,64,,,,,,0,0,0,0,0,0,0,0,False,-1,15.234
2026-04-02T15:37:20.968,686,sequence,KCF,,False,,,,,,330,197,25,63,,,,,,0,0,0,0,0,0,0,0,False,-1,18.952
2026-04-02T15:37:20.989,687,sequence,KCF,,False,,,,,,332,197,26,63,,,,,,0,0,0,0,0,0,0,0,False,-1,17.172
2026-04-02T15:37:21.015,688,sequence,KCF,,False,,,,,,334,197,26,62,,,,,,0,0,0,0,0,0,0,0,False,-1,20.607
2026-04-02T15:37:21.035,689,sequence,KCF,,False,,,,,,336,196,27,63,,,,,,0,0,0,0,0,0,0,0,False,-1,17.129
2026-04-02T15:37:21.055,690,sequence,KCF,,False,,,,,,338,196,28,64,,,,,,0,0,0,0,0,0,0,0,False,-1,16.175
2026-04-02T15:37:21.070,691,sequence,KCF,,False,,,,,,339,195,28,65,,,,,,0,0,0,0,0,0,0,0,False,-1,13.161
2026-04-02T15:37:21.086,692,sequence,KCF,,False,,,,,,341,196,28,65,,,,,,0,0,0,0,0,0,0,0,False,-1,13.29
2026-04-02T15:37:21.104,693,sequence,KCF,,False,,,,,,344,196,28,64,,,,,,0,0,0,0,0,0,0,0,False,-1,14.879
2026-04-02T15:37:21.118,694,sequence,KCF,,False,,,,,,346,197,28,64,,,,,,0,0,0,0,0,0,0,0,False,-1,11.959
2026-04-02T15:37:21.135,695,sequence,KCF,,False,,,,,,347,197,28,63,,,,,,0,0,0,0,0,0,0,0,False,-1,13.823
2026-04-02T15:37:21.152,696,sequence,KCF,,False,,,,,,348,197,29,63,,,,,,0,0,0,0,0,0,0,0,False,-1,15.297
2026-04-02T15:37:21.173,697,sequence,KCF,,False,,,,,,350,197,29,62,,,,,,0,0,0,0,0,0,0,0,False,-1,17.728
2026-04-02T15:37:21.198,698,sequence,KCF,,False,,,,,,352,197,28,62,,,,,,0,0,0,0,0,0,0,0,False,-1,19.895
2026-04-02T15:37:21.224,699,sequence,KCF,,False,,,,,,354,197,28,62,,,,,,0,0,0,0,0,0,0,0,False,-1,21.454
2026-04-02T15:37:21.252,700,sequence,KCF,,False,,,,,,355,197,27,62,,,,,,0,0,0,0,0,0,0,0,False,-1,23.878
2026-04-02T15:37:21.278,701,sequence,KCF,,False,,,,,,358,196,27,63,,,,,,0,0,0,0,0,0,0,0,False,-1,22.053
2026-04-02T15:37:21.300,702,sequence,KCF,,False,,,,,,360,196,27,63,,,,,,0,0,0,0,0,0,0,0,False,-1,16.794
2026-04-02T15:37:21.319,703,sequence,KCF,,False,,,,,,363,195,27,64,,,,,,0,0,0,0,0,0,0,0,False,-1,16.135
2026-04-02T15:37:21.338,704,sequence,KCF,,False,,,,,,364,196,26,63,,,,,,0,0,0,0,0,0,0,0,False,-1,15.235
2026-04-02T15:37:21.358,705,sequence,KCF,,False,,,,,,366,197,26,62,,,,,,0,0,0,0,0,0,0,0,False,-1,16.95
2026-04-02T15:37:21.373,706,sequence,KCF,,False,,,,,,368,198,26,61,,,,,,0,0,0,0,0,0,0,0,False,-1,13.391
2026-04-02T15:37:21.393,707,sequence,KCF,,False,,,,,,370,197,26,62,,,,,,0,0,0,0,0,0,0,0,False,-1,16.89
2026-04-02T15:37:21.415,708,sequence,KCF,,False,,,,,,372,196,25,63,,,,,,0,0,0,0,0,0,0,0,False,-1,18.808
2026-04-02T15:37:21.438,709,sequence,KCF,,False,,,,,,375,195,24,64,,,,,,0,0,0,0,0,0,0,0,False,-1,18.937
2026-04-02T15:37:21.466,710,sequence,KCF,,False,,,,,,376,195,24,64,,,,,,0,0,0,0,0,0,0,0,False,-1,22.66
2026-04-02T15:37:21.491,711,sequence,KCF,,False,,,,,,378,195,25,65,,,,,,0,0,0,0,0,0,0,0,False,-1,22.436
2026-04-02T15:37:21.518,712,sequence,KCF,,False,,,,,,380,195,25,65,,,,,,0,0,0,0,0,0,0,0,False,-1,21.863
2026-04-02T15:37:21.539,713,sequence,KCF,,False,,,,,,382,195,24,65,,,,,,0,0,0,0,0,0,0,0,False,-1,18.014
2026-04-02T15:37:21.559,714,sequence,KCF,,False,,,,,,383,195,24,64,,,,,,0,0,0,0,0,0,0,0,False,-1,16.629
2026-04-02T15:37:21.579,715,sequence,KCF,,False,,,,,,384,195,24,64,,,,,,0,0,0,0,0,0,0,0,False,-1,16.427
2026-04-02T15:37:21.598,716,sequence,KCF,,False,,,,,,386,195,24,63,,,,,,0,0,0,0,0,0,0,0,False,-1,16.89
2026-04-02T15:37:21.620,717,sequence,KCF,,False,,,,,,388,195,24,63,,,,,,0,0,0,0,0,0,0,0,False,-1,19.021
2026-04-02T15:37:21.643,718,sequence,KCF,,False,,,,,,390,195,24,63,,,,,,0,0,0,0,0,0,0,0,False,-1,18.282
2026-04-02T15:37:21.669,719,sequence,KCF,,False,,,,,,392,195,24,63,,,,,,0,0,0,0,0,0,0,0,False,-1,21.357
2026-04-02T15:37:21.694,720,sequence,KCF,,False,,,,,,393,194,24,64,,,,,,0,0,0,0,0,0,0,0,False,-1,20.708
2026-04-02T15:37:21.714,721,sequence,KCF,,False,,,,,,394,194,23,65,,,,,,0,0,0,0,0,0,0,0,False,-1,16.847
2026-04-02T15:37:21.733,722,sequence,KCF,,False,,,,,,396,194,22,65,,,,,,0,0,0,0,0,0,0,0,False,-1,16.325
2026-04-02T15:37:21.755,723,sequence,KCF,,False,,,,,,398,194,22,65,,,,,,0,0,0,0,0,0,0,0,False,-1,17.988
2026-04-02T15:37:21.775,724,sequence,KCF,,False,,,,,,400,194,21,65,,,,,,0,0,0,0,0,0,0,0,False,-1,17.191
2026-04-02T15:37:21.800,725,sequence,KCF,,False,,,,,,402,195,21,65,,,,,,0,0,0,0,0,0,0,0,False,-1,20.932
2026-04-02T15:37:21.823,726,sequence,KCF,,False,,,,,,403,195,20,63,,,,,,0,0,0,0,0,0,0,0,False,-1,19.774
2026-04-02T15:37:21.848,727,sequence,KCF,,False,,,,,,404,195,20,63,,,,,,0,0,0,0,0,0,0,0,False,-1,19.701
2026-04-02T15:37:21.869,728,sequence,KCF,,False,,,,,,405,195,20,63,,,,,,0,0,0,0,0,0,0,0,False,-1,17.924
2026-04-02T15:37:21.892,729,sequence,KCF,,False,,,,,,406,195,21,63,,,,,,0,0,0,0,0,0,0,0,False,-1,18.69
2026-04-02T15:37:21.912,730,sequence,KCF,,False,,,,,,406,195,21,63,,,,,,0,0,0,0,0,0,0,0,False,-1,17.588
2026-04-02T15:37:21.933,731,sequence,KCF,,False,,,,,,408,195,20,63,,,,,,0,0,0,0,0,0,0,0,False,-1,18.296
2026-04-02T15:37:21.954,732,sequence,KCF,,False,,,,,,410,195,20,63,,,,,,0,0,0,0,0,0,0,0,False,-1,16.807
2026-04-02T15:37:21.973,733,sequence,KCF,,False,,,,,,412,195,19,64,,,,,,0,0,0,0,0,0,0,0,False,-1,16.629
2026-04-02T15:37:21.994,734,sequence,KCF,,False,,,,,,412,195,20,63,,,,,,0,0,0,0,0,0,0,0,False,-1,16.412
2026-04-02T15:37:22.013,735,sequence,KCF,,False,,,,,,413,195,20,63,,,,,,0,0,0,0,0,0,0,0,False,-1,16.032
2026-04-02T15:37:22.032,736,sequence,KCF,,False,,,,,,414,195,20,63,,,,,,0,0,0,0,0,0,0,0,False,-1,16.85
2026-04-02T15:37:22.056,737,sequence,KCF,,False,,,,,,414,195,20,62,,,,,,0,0,0,0,0,0,0,0,False,-1,19.601
2026-04-02T15:37:22.082,738,sequence,KCF,,False,,,,,,416,195,20,62,,,,,,0,0,0,0,0,0,0,0,False,-1,20.869
2026-04-02T15:37:22.101,739,sequence,KCF,,False,,,,,,416,195,20,61,,,,,,0,0,0,0,0,0,0,0,False,-1,16.159
2026-04-02T15:37:22.119,740,sequence,KCF,,False,,,,,,417,195,20,61,,,,,,0,0,0,0,0,0,0,0,False,-1,14.607
2026-04-02T15:37:22.133,741,sequence,KCF,,False,,,,,,418,195,20,62,,,,,,0,0,0,0,0,0,0,0,False,-1,12.309
2026-04-02T15:37:22.148,742,sequence,KCF,,False,,,,,,418,195,20,62,,,,,,0,0,0,0,0,0,0,0,False,-1,12.789
2026-04-02T15:37:22.166,743,sequence,KCF,,False,,,,,,419,195,20,61,,,,,,0,0,0,0,0,0,0,0,False,-1,14.866
2026-04-02T15:37:22.185,744,sequence,KCF,,False,,,,,,420,195,19,61,,,,,,0,0,0,0,0,0,0,0,False,-1,15.545
2026-04-02T15:37:22.204,745,sequence,KCF,,False,,,,,,420,195,19,60,,,,,,0,0,0,0,0,0,0,0,False,-1,16.04
2026-04-02T15:37:22.221,746,sequence,KCF,,False,,,,,,421,195,18,60,,,,,,0,0,0,0,0,0,0,0,False,-1,13.859
2026-04-02T15:37:22.240,747,sequence,KCF,,False,,,,,,422,195,18,61,,,,,,0,0,0,0,0,0,0,0,False,-1,15.461
2026-04-02T15:37:22.259,748,sequence,KCF,,False,,,,,,422,195,18,61,,,,,,0,0,0,0,0,0,0,0,False,-1,16.302
2026-04-02T15:37:22.279,749,sequence,KCF,,False,,,,,,422,195,18,61,,,,,,0,0,0,0,0,0,0,0,False,-1,16.32
2026-04-02T15:37:22.294,750,sequence,KCF,,False,,,,,,422,195,18,60,,,,,,0,0,0,0,0,0,0,0,False,-1,13.431
2026-04-02T15:37:22.307,751,sequence,KCF,,False,,,,,,422,195,18,60,,,,,,0,0,0,0,0,0,0,0,False,-1,10.935
2026-04-02T15:37:22.320,752,sequence,KCF,,False,,,,,,421,194,18,60,,,,,,0,0,0,0,0,0,0,0,False,-1,11.215
2026-04-02T15:37:22.335,753,sequence,KCF,,False,,,,,,421,194,18,59,,,,,,0,0,0,0,0,0,0,0,False,-1,12.45
2026-04-02T15:37:22.353,754,sequence,KCF,,False,,,,,,420,193,18,59,,,,,,0,0,0,0,0,0,0,0,False,-1,14.932
2026-04-02T15:37:22.370,755,sequence,KCF,,False,,,,,,420,193,18,59,,,,,,0,0,0,0,0,0,0,0,False,-1,14.619
2026-04-02T15:37:22.386,756,sequence,KCF,,False,,,,,,418,193,18,60,,,,,,0,0,0,0,0,0,0,0,False,-1,14.037
2026-04-02T15:37:22.403,757,sequence,KCF,,False,,,,,,417,193,18,60,,,,,,0,0,0,0,0,0,0,0,False,-1,13.642
2026-04-02T15:37:22.423,758,sequence,KCF,,False,,,,,,416,193,18,60,,,,,,0,0,0,0,0,0,0,0,False,-1,16.252
2026-04-02T15:37:22.446,759,sequence,KCF,,False,,,,,,414,193,19,59,,,,,,0,0,0,0,0,0,0,0,False,-1,19.644
2026-04-02T15:37:22.468,760,sequence,KCF,,False,,,,,,414,192,19,59,,,,,,0,0,0,0,0,0,0,0,False,-1,19.284
2026-04-02T15:37:22.489,761,sequence,KCF,,False,,,,,,412,191,19,59,,,,,,0,0,0,0,0,0,0,0,False,-1,16.638
2026-04-02T15:37:22.506,762,sequence,KCF,,False,,,,,,409,191,19,60,,,,,,0,0,0,0,0,0,0,0,False,-1,13.895
2026-04-02T15:37:22.525,763,sequence,KCF,,False,,,,,,407,190,19,60,,,,,,0,0,0,0,0,0,0,0,False,-1,16.951
2026-04-02T15:37:22.544,764,sequence,KCF,,False,,,,,,406,189,19,60,,,,,,0,0,0,0,0,0,0,0,False,-1,15.404
2026-04-02T15:37:22.564,765,sequence,KCF,,False,,,,,,404,189,20,61,,,,,,0,0,0,0,0,0,0,0,False,-1,17.497
2026-04-02T15:37:22.585,766,sequence,KCF,,False,,,,,,404,189,20,61,,,,,,0,0,0,0,0,0,0,0,False,-1,18.051
2026-04-02T15:37:22.605,767,sequence,KCF,,False,,,,,,402,189,20,60,,,,,,0,0,0,0,0,0,0,0,False,-1,16.033
2026-04-02T15:37:22.625,768,sequence,KCF,,False,,,,,,400,189,19,60,,,,,,0,0,0,0,0,0,0,0,False,-1,16.73
2026-04-02T15:37:22.648,769,sequence,KCF,,False,,,,,,398,189,19,59,,,,,,0,0,0,0,0,0,0,0,False,-1,18.804
2026-04-02T15:37:22.671,770,sequence,KCF,,False,,,,,,396,189,18,59,,,,,,0,0,0,0,0,0,0,0,False,-1,18.414
2026-04-02T15:37:22.688,771,sequence,KCF,,False,,,,,,394,189,18,59,,,,,,0,0,0,0,0,0,0,0,False,-1,14.37
2026-04-02T15:37:22.708,772,sequence,KCF,,False,,,,,,392,188,16,59,,,,,,0,0,0,0,0,0,0,0,False,-1,17.588
2026-04-02T15:37:22.730,773,sequence,KCF,,False,,,,,,390,188,16,59,,,,,,0,0,0,0,0,0,0,0,False,-1,18.513
2026-04-02T15:37:22.749,774,sequence,KCF,,False,,,,,,388,188,17,59,,,,,,0,0,0,0,0,0,0,0,False,-1,15.627
2026-04-02T15:37:22.765,775,sequence,KCF,,False,,,,,,387,188,17,58,,,,,,0,0,0,0,0,0,0,0,False,-1,14.604
2026-04-02T15:37:22.783,776,sequence,KCF,,False,,,,,,386,187,17,59,,,,,,0,0,0,0,0,0,0,0,False,-1,15.205
2026-04-02T15:37:22.800,777,sequence,KCF,,False,,,,,,384,186,16,59,,,,,,0,0,0,0,0,0,0,0,False,-1,13.511
2026-04-02T15:37:22.816,778,sequence,KCF,,False,,,,,,383,185,16,59,,,,,,0,0,0,0,0,0,0,0,False,-1,14.225
2026-04-02T15:37:22.832,779,sequence,KCF,,False,,,,,,382,185,16,59,,,,,,0,0,0,0,0,0,0,0,False,-1,13.251
2026-04-02T15:37:22.846,780,sequence,KCF,,False,,,,,,382,185,16,59,,,,,,0,0,0,0,0,0,0,0,False,-1,13.077
2026-04-02T15:37:22.860,781,sequence,KCF,,False,,,,,,381,185,16,59,,,,,,0,0,0,0,0,0,0,0,False,-1,11.11
2026-04-02T15:37:22.873,782,sequence,KCF,,False,,,,,,380,184,16,59,,,,,,0,0,0,0,0,0,0,0,False,-1,10.896
2026-04-02T15:37:22.885,783,sequence,KCF,,False,,,,,,380,184,16,59,,,,,,0,0,0,0,0,0,0,0,False,-1,10.22
2026-04-02T15:37:22.898,784,sequence,KCF,,False,,,,,,379,183,16,59,,,,,,0,0,0,0,0,0,0,0,False,-1,10.892
2026-04-02T15:37:22.910,785,sequence,KCF,,False,,,,,,378,183,16,59,,,,,,0,0,0,0,0,0,0,0,False,-1,9.946
2026-04-02T15:37:22.923,786,sequence,KCF,,False,,,,,,376,182,16,58,,,,,,0,0,0,0,0,0,0,0,False,-1,11.175
2026-04-02T15:37:22.935,787,sequence,KCF,,False,,,,,,375,181,17,57,,,,,,0,0,0,0,0,0,0,0,False,-1,10.523
2026-04-02T15:37:22.947,788,sequence,KCF,,False,,,,,,374,181,16,57,,,,,,0,0,0,0,0,0,0,0,False,-1,10.017
2026-04-02T15:37:22.960,789,sequence,KCF,,False,,,,,,374,182,16,57,,,,,,0,0,0,0,0,0,0,0,False,-1,11.149
2026-04-02T15:37:22.972,790,sequence,KCF,,False,,,,,,374,182,16,56,,,,,,0,0,0,0,0,0,0,0,False,-1,10.602
2026-04-02T15:37:22.988,791,sequence,KCF,,False,,,,,,372,181,16,57,,,,,,0,0,0,0,0,0,0,0,False,-1,13.023
2026-04-02T15:37:23.003,792,sequence,KCF,,False,,,,,,371,181,17,57,,,,,,0,0,0,0,0,0,0,0,False,-1,12.235
2026-04-02T15:37:23.017,793,sequence,KCF,,False,,,,,,370,181,18,58,,,,,,0,0,0,0,0,0,0,0,False,-1,12.1
2026-04-02T15:37:23.032,794,sequence,KCF,,False,,,,,,368,181,18,57,,,,,,0,0,0,0,0,0,0,0,False,-1,11.946
2026-04-02T15:37:23.045,795,sequence,KCF,,False,,,,,,368,180,18,57,,,,,,0,0,0,0,0,0,0,0,False,-1,11.432
2026-04-02T15:37:23.058,796,sequence,KCF,,False,,,,,,367,180,17,56,,,,,,0,0,0,0,0,0,0,0,False,-1,11.932
2026-04-02T15:37:23.073,797,sequence,KCF,,False,,,,,,366,180,17,56,,,,,,0,0,0,0,0,0,0,0,False,-1,12.522
2026-04-02T15:37:23.086,798,sequence,KCF,,False,,,,,,366,179,17,55,,,,,,0,0,0,0,0,0,0,0,False,-1,10.937
2026-04-02T15:37:23.099,799,sequence,KCF,,False,,,,,,365,179,17,55,,,,,,0,0,0,0,0,0,0,0,False,-1,10.894
2026-04-02T15:37:23.113,800,sequence,KCF,,False,,,,,,364,178,17,57,,,,,,0,0,0,0,0,0,0,0,False,-1,12.487
2026-04-02T15:37:23.129,801,sequence,KCF,,False,,,,,,362,177,17,58,,,,,,0,0,0,0,0,0,0,0,False,-1,13.029
2026-04-02T15:37:23.146,802,sequence,KCF,,False,,,,,,361,175,17,59,,,,,,0,0,0,0,0,0,0,0,False,-1,14.242
2026-04-02T15:37:23.166,803,sequence,KCF,,False,,,,,,360,175,18,59,,,,,,0,0,0,0,0,0,0,0,False,-1,16.497
2026-04-02T15:37:23.187,804,sequence,KCF,,False,,,,,,360,176,18,59,,,,,,0,0,0,0,0,0,0,0,False,-1,17.713
2026-04-02T15:37:23.211,805,sequence,KCF,,False,,,,,,358,176,18,59,,,,,,0,0,0,0,0,0,0,0,False,-1,20.474
2026-04-02T15:37:23.230,806,sequence,KCF,,False,,,,,,357,176,19,58,,,,,,0,0,0,0,0,0,0,0,False,-1,15.345
2026-04-02T15:37:23.243,807,sequence,KCF,,False,,,,,,356,176,19,58,,,,,,0,0,0,0,0,0,0,0,False,-1,11.161
2026-04-02T15:37:23.258,808,sequence,KCF,,False,,,,,,354,176,20,57,,,,,,0,0,0,0,0,0,0,0,False,-1,12.132
2026-04-02T15:37:23.273,809,sequence,KCF,,False,,,,,,353,175,18,57,,,,,,0,0,0,0,0,0,0,0,False,-1,12.935
2026-04-02T15:37:23.288,810,sequence,KCF,,False,,,,,,352,175,18,57,,,,,,0,0,0,0,0,0,0,0,False,-1,13.238
2026-04-02T15:37:23.305,811,sequence,KCF,,False,,,,,,352,175,17,57,,,,,,0,0,0,0,0,0,0,0,False,-1,13.677
2026-04-02T15:37:23.323,812,sequence,KCF,,False,,,,,,350,174,18,58,,,,,,0,0,0,0,0,0,0,0,False,-1,15.267
2026-04-02T15:37:23.343,813,sequence,KCF,,False,,,,,,350,173,18,59,,,,,,0,0,0,0,0,0,0,0,False,-1,17.23
2026-04-02T15:37:23.363,814,sequence,KCF,,False,,,,,,349,173,18,59,,,,,,0,0,0,0,0,0,0,0,False,-1,16.127
2026-04-02T15:37:23.386,815,sequence,KCF,,False,,,,,,347,173,18,59,,,,,,0,0,0,0,0,0,0,0,False,-1,19.705
2026-04-02T15:37:23.405,816,sequence,KCF,,False,,,,,,346,173,19,59,,,,,,0,0,0,0,0,0,0,0,False,-1,15.624
2026-04-02T15:37:23.424,817,sequence,KCF,,False,,,,,,344,173,20,59,,,,,,0,0,0,0,0,0,0,0,False,-1,15.385
2026-04-02T15:37:23.443,818,sequence,KCF,,False,,,,,,342,173,20,59,,,,,,0,0,0,0,0,0,0,0,False,-1,16.651
2026-04-02T15:37:23.463,819,sequence,KCF,,False,,,,,,342,173,20,59,,,,,,0,0,0,0,0,0,0,0,False,-1,16.125
2026-04-02T15:37:23.484,820,sequence,KCF,,False,,,,,,340,173,20,59,,,,,,0,0,0,0,0,0,0,0,False,-1,18.182
2026-04-02T15:37:23.503,821,sequence,KCF,,False,,,,,,339,172,20,59,,,,,,0,0,0,0,0,0,0,0,False,-1,16.295
2026-04-02T15:37:23.521,822,sequence,KCF,,False,,,,,,337,172,20,58,,,,,,0,0,0,0,0,0,0,0,False,-1,13.915
2026-04-02T15:37:23.538,823,sequence,KCF,,False,,,,,,336,171,20,57,,,,,,0,0,0,0,0,0,0,0,False,-1,13.817
2026-04-02T15:37:23.555,824,sequence,KCF,,False,,,,,,334,171,20,57,,,,,,0,0,0,0,0,0,0,0,False,-1,13.68
2026-04-02T15:37:23.571,825,sequence,KCF,,False,,,,,,332,170,22,55,,,,,,0,0,0,0,0,0,0,0,False,-1,13.81
2026-04-02T15:37:23.588,826,sequence,KCF,,False,,,,,,330,169,23,55,,,,,,0,0,0,0,0,0,0,0,False,-1,14.128
2026-04-02T15:37:23.605,827,sequence,KCF,,False,,,,,,330,169,22,55,,,,,,0,0,0,0,0,0,0,0,False,-1,14.631
2026-04-02T15:37:23.623,828,sequence,KCF,,False,,,,,,329,169,20,55,,,,,,0,0,0,0,0,0,0,0,False,-1,13.924
2026-04-02T15:37:23.640,829,sequence,KCF,,False,,,,,,328,168,20,55,,,,,,0,0,0,0,0,0,0,0,False,-1,14.16
2026-04-02T15:37:23.654,830,sequence,KCF,,False,,,,,,327,168,20,55,,,,,,0,0,0,0,0,0,0,0,False,-1,12.194
2026-04-02T15:37:23.668,831,sequence,KCF,,False,,,,,,326,168,20,55,,,,,,0,0,0,0,0,0,0,0,False,-1,11.131
2026-04-02T15:37:23.683,832,sequence,KCF,,False,,,,,,324,168,20,54,,,,,,0,0,0,0,0,0,0,0,False,-1,12.205
2026-04-02T15:37:23.696,833,sequence,KCF,,False,,,,,,322,168,22,54,,,,,,0,0,0,0,0,0,0,0,False,-1,10.869
2026-04-02T15:37:23.713,834,sequence,KCF,,False,,,,,,320,168,22,54,,,,,,0,0,0,0,0,0,0,0,False,-1,14.159
2026-04-02T15:37:23.729,835,sequence,KCF,,False,,,,,,318,168,23,54,,,,,,0,0,0,0,0,0,0,0,False,-1,14.351
2026-04-02T15:37:23.748,836,sequence,KCF,,False,,,,,,317,169,22,53,,,,,,0,0,0,0,0,0,0,0,False,-1,15.999
2026-04-02T15:37:23.767,837,sequence,KCF,,False,,,,,,316,169,22,52,,,,,,0,0,0,0,0,0,0,0,False,-1,15.435
2026-04-02T15:37:23.784,838,sequence,KCF,,False,,,,,,314,169,20,51,,,,,,0,0,0,0,0,0,0,0,False,-1,13.465
2026-04-02T15:37:23.803,839,sequence,KCF,,False,,,,,,313,169,20,51,,,,,,0,0,0,0,0,0,0,0,False,-1,16.743
2026-04-02T15:37:23.823,840,sequence,KCF,,False,,,,,,312,169,20,51,,,,,,0,0,0,0,0,0,0,0,False,-1,16.588
2026-04-02T15:37:23.839,841,sequence,KCF,,False,,,,,,312,169,20,51,,,,,,0,0,0,0,0,0,0,0,False,-1,13.443
2026-04-02T15:37:23.859,842,sequence,KCF,,False,,,,,,310,170,21,51,,,,,,0,0,0,0,0,0,0,0,False,-1,15.512
2026-04-02T15:37:23.878,843,sequence,KCF,,False,,,,,,308,171,21,49,,,,,,0,0,0,0,0,0,0,0,False,-1,16.112
2026-04-02T15:37:23.893,844,sequence,KCF,,False,,,,,,307,171,22,49,,,,,,0,0,0,0,0,0,0,0,False,-1,12.66
2026-04-02T15:37:23.905,845,sequence,KCF,,False,,,,,,306,172,21,49,,,,,,0,0,0,0,0,0,0,0,False,-1,10.534
2026-04-02T15:37:23.916,846,sequence,KCF,,False,,,,,,305,172,20,50,,,,,,0,0,0,0,0,0,0,0,False,-1,9.174
2026-04-02T15:37:23.929,847,sequence,KCF,,False,,,,,,304,173,20,51,,,,,,0,0,0,0,0,0,0,0,False,-1,10.809
2026-04-02T15:37:23.946,848,sequence,KCF,,False,,,,,,302,173,20,49,,,,,,0,0,0,0,0,0,0,0,False,-1,14.094
2026-04-02T15:37:23.965,849,sequence,KCF,,False,,,,,,301,173,20,49,,,,,,0,0,0,0,0,0,0,0,False,-1,15.636
2026-04-02T15:37:23.983,850,sequence,KCF,,False,,,,,,300,173,20,47,,,,,,0,0,0,0,0,0,0,0,False,-1,16.2
2026-04-02T15:37:24.007,851,sequence,KCF,,False,,,,,,298,175,22,47,,,,,,0,0,0,0,0,0,0,0,False,-1,20.709
2026-04-02T15:37:24.028,852,sequence,KCF,,False,,,,,,296,175,22,47,,,,,,0,0,0,0,0,0,0,0,False,-1,17.249
2026-04-02T15:37:24.043,853,sequence,KCF,,False,,,,,,294,177,24,46,,,,,,0,0,0,0,0,0,0,0,False,-1,12.778
2026-04-02T15:37:24.058,854,sequence,KCF,,False,,,,,,292,177,23,46,,,,,,0,0,0,0,0,0,0,0,False,-1,11.553
2026-04-02T15:37:24.071,855,sequence,KCF,,False,,,,,,292,178,22,47,,,,,,0,0,0,0,0,0,0,0,False,-1,11.912
2026-04-02T15:37:24.088,856,sequence,KCF,,False,,,,,,291,179,22,47,,,,,,0,0,0,0,0,0,0,0,False,-1,14.047
2026-04-02T15:37:24.103,857,sequence,KCF,,False,,,,,,290,179,22,47,,,,,,0,0,0,0,0,0,0,0,False,-1,12.792
2026-04-02T15:37:24.119,858,sequence,KCF,,False,,,,,,288,179,23,47,,,,,,0,0,0,0,0,0,0,0,False,-1,13.434
2026-04-02T15:37:24.140,859,sequence,KCF,,False,,,,,,287,179,24,48,,,,,,0,0,0,0,0,0,0,0,False,-1,16.836
2026-04-02T15:37:24.157,860,sequence,KCF,,False,,,,,,286,179,22,52,,,,,,0,0,0,0,0,0,0,0,False,-1,14.367
2026-04-02T15:37:24.172,861,sequence,KCF,,False,,,,,,284,180,22,57,,,,,,0,0,0,0,0,0,0,0,False,-1,13.437
2026-04-02T15:37:24.186,862,sequence,KCF,,False,,,,,,284,180,21,61,,,,,,0,0,0,0,0,0,0,0,False,-1,12.26
2026-04-02T15:37:24.200,863,sequence,KCF,,False,,,,,,282,180,21,61,,,,,,0,0,0,0,0,0,0,0,False,-1,10.739
2026-04-02T15:37:24.212,864,sequence,KCF,,False,,,,,,281,180,22,60,,,,,,0,0,0,0,0,0,0,0,False,-1,10.923
2026-04-02T15:37:24.231,865,sequence,KCF,,False,,,,,,280,180,22,60,,,,,,0,0,0,0,0,0,0,0,False,-1,17.401
2026-04-02T15:37:24.243,866,sequence,KCF,,False,,,,,,278,180,22,61,,,,,,0,0,0,0,0,0,0,0,False,-1,9.809
2026-04-02T15:37:24.255,867,sequence,KCF,,False,,,,,,276,180,22,61,,,,,,0,0,0,0,0,0,0,0,False,-1,9.707
2026-04-02T15:37:24.266,868,sequence,KCF,,False,,,,,,274,180,22,62,,,,,,0,0,0,0,0,0,0,0,False,-1,8.707
2026-04-02T15:37:24.278,869,sequence,KCF,,False,,,,,,273,181,22,62,,,,,,0,0,0,0,0,0,0,0,False,-1,10.707
2026-04-02T15:37:24.288,870,sequence,KCF,,False,,,,,,272,181,21,61,,,,,,0,0,0,0,0,0,0,0,False,-1,8.723
2026-04-02T15:37:24.299,871,sequence,KCF,,False,,,,,,270,181,21,61,,,,,,0,0,0,0,0,0,0,0,False,-1,9.073
2026-04-02T15:37:24.311,872,sequence,KCF,,False,,,,,,270,181,20,61,,,,,,0,0,0,0,0,0,0,0,False,-1,9.761
2026-04-02T15:37:24.322,873,sequence,KCF,,False,,,,,,268,182,20,62,,,,,,0,0,0,0,0,0,0,0,False,-1,9.836
2026-04-02T15:37:24.335,874,sequence,KCF,,False,,,,,,267,182,20,62,,,,,,0,0,0,0,0,0,0,0,False,-1,11.081
2026-04-02T15:37:24.348,875,sequence,KCF,,False,,,,,,265,183,20,61,,,,,,0,0,0,0,0,0,0,0,False,-1,10.489
2026-04-02T15:37:24.363,876,sequence,KCF,,False,,,,,,263,184,20,61,,,,,,0,0,0,0,0,0,0,0,False,-1,13.682
2026-04-02T15:37:24.381,877,sequence,KCF,,False,,,,,,261,185,20,61,,,,,,0,0,0,0,0,0,0,0,False,-1,14.497
2026-04-02T15:37:24.402,878,sequence,KCF,,False,,,,,,260,185,20,61,,,,,,0,0,0,0,0,0,0,0,False,-1,16.656
2026-04-02T15:37:24.425,879,sequence,KCF,,False,,,,,,259,185,20,62,,,,,,0,0,0,0,0,0,0,0,False,-1,19.504
2026-04-02T15:37:24.446,880,sequence,KCF,,False,,,,,,258,185,20,63,,,,,,0,0,0,0,0,0,0,0,False,-1,18.443
2026-04-02T15:37:24.466,881,sequence,KCF,,False,,,,,,256,186,21,62,,,,,,0,0,0,0,0,0,0,0,False,-1,16.208
2026-04-02T15:37:24.485,882,sequence,KCF,,False,,,,,,255,187,22,61,,,,,,0,0,0,0,0,0,0,0,False,-1,15.96
2026-04-02T15:37:24.501,883,sequence,KCF,,False,,,,,,254,189,22,60,,,,,,0,0,0,0,0,0,0,0,False,-1,12.934
2026-04-02T15:37:24.517,884,sequence,KCF,,False,,,,,,252,189,22,61,,,,,,0,0,0,0,0,0,0,0,False,-1,13.614
2026-04-02T15:37:24.535,885,sequence,KCF,,False,,,,,,251,189,22,61,,,,,,0,0,0,0,0,0,0,0,False,-1,16.2
2026-04-02T15:37:24.557,886,sequence,KCF,,False,,,,,,250,190,23,62,,,,,,0,0,0,0,0,0,0,0,False,-1,18.416
2026-04-02T15:37:24.579,887,sequence,KCF,,False,,,,,,249,191,24,61,,,,,,0,0,0,0,0,0,0,0,False,-1,18.781
2026-04-02T15:37:24.602,888,sequence,KCF,,False,,,,,,248,192,24,61,,,,,,0,0,0,0,0,0,0,0,False,-1,18.123
2026-04-02T15:37:24.621,889,sequence,KCF,,False,,,,,,248,193,25,61,,,,,,0,0,0,0,0,0,0,0,False,-1,16.131
2026-04-02T15:37:24.646,890,sequence,KCF,,False,,,,,,248,193,26,61,,,,,,0,0,0,0,0,0,0,0,False,-1,20.719
2026-04-02T15:37:24.668,891,sequence,KCF,,False,,,,,,248,193,26,62,,,,,,0,0,0,0,0,0,0,0,False,-1,17.297
2026-04-02T15:37:24.686,892,sequence,KCF,,False,,,,,,248,193,26,63,,,,,,0,0,0,0,0,0,0,0,False,-1,15.386
2026-04-02T15:37:24.705,893,sequence,KCF,,False,,,,,,248,194,26,62,,,,,,0,0,0,0,0,0,0,0,False,-1,15.837
2026-04-02T15:37:24.727,894,sequence,KCF,,False,,,,,,248,195,26,61,,,,,,0,0,0,0,0,0,0,0,False,-1,18.153
2026-04-02T15:37:24.751,895,sequence,KCF,,False,,,,,,249,196,26,61,,,,,,0,0,0,0,0,0,0,0,False,-1,21.328
2026-04-02T15:37:24.776,896,sequence,KCF,,False,,,,,,249,197,26,61,,,,,,0,0,0,0,0,0,0,0,False,-1,20.288
2026-04-02T15:37:24.798,897,sequence,KCF,,False,,,,,,250,197,26,61,,,,,,0,0,0,0,0,0,0,0,False,-1,18.05
2026-04-02T15:37:24.822,898,sequence,KCF,,False,,,,,,250,198,26,62,,,,,,0,0,0,0,0,0,0,0,False,-1,19.605
2026-04-02T15:37:24.843,899,sequence,KCF,,False,,,,,,250,199,26,61,,,,,,0,0,0,0,0,0,0,0,False,-1,17.345
2026-04-02T15:37:24.864,900,sequence,KCF,,False,,,,,,250,200,26,61,,,,,,0,0,0,0,0,0,0,0,False,-1,18.998
2026-04-02T15:37:24.883,901,sequence,KCF,,False,,,,,,250,201,27,60,,,,,,0,0,0,0,0,0,0,0,False,-1,15.156
2026-04-02T15:37:24.902,902,sequence,KCF,,False,,,,,,250,202,28,61,,,,,,0,0,0,0,0,0,0,0,False,-1,16.027
2026-04-02T15:37:24.920,903,sequence,KCF,,False,,,,,,249,203,28,61,,,,,,0,0,0,0,0,0,0,0,False,-1,14.97
2026-04-02T15:37:24.943,904,sequence,KCF,,False,,,,,,248,203,28,62,,,,,,0,0,0,0,0,0,0,0,False,-1,18.308
2026-04-02T15:37:24.962,905,sequence,KCF,,False,,,,,,248,204,28,62,,,,,,0,0,0,0,0,0,0,0,False,-1,16.55
2026-04-02T15:37:24.979,906,sequence,KCF,,False,,,,,,249,204,28,62,,,,,,0,0,0,0,0,0,0,0,False,-1,13.994
2026-04-02T15:37:24.996,907,sequence,KCF,,False,,,,,,249,205,28,62,,,,,,0,0,0,0,0,0,0,0,False,-1,14.834
2026-04-02T15:37:25.016,908,sequence,KCF,,False,,,,,,250,206,28,62,,,,,,0,0,0,0,0,0,0,0,False,-1,16.228
2026-04-02T15:37:25.034,909,sequence,KCF,,False,,,,,,250,207,28,62,,,,,,0,0,0,0,0,0,0,0,False,-1,15.108
2026-04-02T15:37:25.054,910,sequence,KCF,,False,,,,,,250,208,27,62,,,,,,0,0,0,0,0,0,0,0,False,-1,17.327
2026-04-02T15:37:25.080,911,sequence,KCF,,False,,,,,,250,209,26,62,,,,,,0,0,0,0,0,0,0,0,False,-1,21.72
2026-04-02T15:37:25.102,912,sequence,KCF,,False,,,,,,249,209,26,63,,,,,,0,0,0,0,0,0,0,0,False,-1,17.845
2026-04-02T15:37:25.116,913,sequence,KCF,,False,,,,,,248,209,26,63,,,,,,0,0,0,0,0,0,0,0,False,-1,11.516
2026-04-02T15:37:25.132,914,sequence,KCF,,False,,,,,,248,210,26,63,,,,,,0,0,0,0,0,0,0,0,False,-1,12.841
2026-04-02T15:37:25.148,915,sequence,KCF,,False,,,,,,246,211,26,63,,,,,,0,0,0,0,0,0,0,0,False,-1,13.938
2026-04-02T15:37:25.165,916,sequence,KCF,,False,,,,,,245,212,27,63,,,,,,0,0,0,0,0,0,0,0,False,-1,15.134
2026-04-02T15:37:25.185,917,sequence,KCF,,False,,,,,,244,213,27,63,,,,,,0,0,0,0,0,0,0,0,False,-1,16.99
2026-04-02T15:37:25.203,918,sequence,KCF,,False,,,,,,242,213,27,64,,,,,,0,0,0,0,0,0,0,0,False,-1,14.457
2026-04-02T15:37:25.220,919,sequence,KCF,,False,,,,,,242,214,27,65,,,,,,0,0,0,0,0,0,0,0,False,-1,13.641
2026-04-02T15:37:25.235,920,sequence,KCF,,False,,,,,,240,215,28,65,,,,,,0,0,0,0,0,0,0,0,False,-1,13.008
2026-04-02T15:37:25.254,921,sequence,KCF,,False,,,,,,240,216,28,64,,,,,,0,0,0,0,0,0,0,0,False,-1,15.69
2026-04-02T15:37:25.275,922,sequence,KCF,,False,,,,,,238,217,28,64,,,,,,0,0,0,0,0,0,0,0,False,-1,17.384
2026-04-02T15:37:25.297,923,sequence,KCF,,False,,,,,,238,217,28,63,,,,,,0,0,0,0,0,0,0,0,False,-1,18.3
2026-04-02T15:37:25.321,924,sequence,KCF,,False,,,,,,237,218,28,63,,,,,,0,0,0,0,0,0,0,0,False,-1,20.089
2026-04-02T15:37:25.343,925,sequence,KCF,,False,,,,,,236,219,28,63,,,,,,0,0,0,0,0,0,0,0,False,-1,18.873
2026-04-02T15:37:25.369,926,sequence,KCF,,False,,,,,,236,219,28,63,,,,,,0,0,0,0,0,0,0,0,False,-1,21.332
2026-04-02T15:37:25.391,927,sequence,KCF,,False,,,,,,234,220,29,65,,,,,,0,0,0,0,0,0,0,0,False,-1,19.02
2026-04-02T15:37:25.414,928,sequence,KCF,,False,,,,,,234,221,29,65,,,,,,0,0,0,0,0,0,0,0,False,-1,18.877
2026-04-02T15:37:25.437,929,sequence,KCF,,False,,,,,,233,221,28,65,,,,,,0,0,0,0,0,0,0,0,False,-1,18.907
2026-04-02T15:37:25.456,930,sequence,KCF,,False,,,,,,232,221,28,65,,,,,,0,0,0,0,0,0,0,0,False,-1,15.982
2026-04-02T15:37:25.475,931,sequence,KCF,,False,,,,,,232,222,28,64,,,,,,0,0,0,0,0,0,0,0,False,-1,16.24
2026-04-02T15:37:25.495,932,sequence,KCF,,False,,,,,,232,223,28,64,,,,,,0,0,0,0,0,0,0,0,False,-1,16.817
2026-04-02T15:37:25.513,933,sequence,KCF,,False,,,,,,230,223,28,65,,,,,,0,0,0,0,0,0,0,0,False,-1,14.447
2026-04-02T15:37:25.533,934,sequence,KCF,,False,,,,,,230,223,28,65,,,,,,0,0,0,0,0,0,0,0,False,-1,17.058
2026-04-02T15:37:25.549,935,sequence,KCF,,False,,,,,,230,225,28,64,,,,,,0,0,0,0,0,0,0,0,False,-1,13.805
2026-04-02T15:37:25.565,936,sequence,KCF,,False,,,,,,230,227,27,63,,,,,,0,0,0,0,0,0,0,0,False,-1,12.768
2026-04-02T15:37:25.580,937,sequence,KCF,,False,,,,,,230,228,26,62,,,,,,0,0,0,0,0,0,0,0,False,-1,13.283
2026-04-02T15:37:25.595,938,sequence,KCF,,False,,,,,,230,229,26,62,,,,,,0,0,0,0,0,0,0,0,False,-1,12.178
2026-04-02T15:37:25.610,939,sequence,KCF,,False,,,,,,229,229,26,61,,,,,,0,0,0,0,0,0,0,0,False,-1,12.542
2026-04-02T15:37:25.625,940,sequence,KCF,,False,,,,,,229,230,26,61,,,,,,0,0,0,0,0,0,0,0,False,-1,13.349
2026-04-02T15:37:25.643,941,sequence,KCF,,False,,,,,,229,231,26,62,,,,,,0,0,0,0,0,0,0,0,False,-1,15.016
2026-04-02T15:37:25.659,942,sequence,KCF,,False,,,,,,228,231,26,63,,,,,,0,0,0,0,0,0,0,0,False,-1,12.861
2026-04-02T15:37:25.676,943,sequence,KCF,,False,,,,,,228,231,26,64,,,,,,0,0,0,0,0,0,0,0,False,-1,14.508
2026-04-02T15:37:25.692,944,sequence,KCF,,False,,,,,,230,232,26,63,,,,,,0,0,0,0,0,0,0,0,False,-1,12.877
2026-04-02T15:37:25.708,945,sequence,KCF,,False,,,,,,231,233,26,63,,,,,,0,0,0,0,0,0,0,0,False,-1,14.488
2026-04-02T15:37:25.726,946,sequence,KCF,,False,,,,,,232,233,26,63,,,,,,0,0,0,0,0,0,0,0,False,-1,14.597
2026-04-02T15:37:25.744,947,sequence,KCF,,False,,,,,,233,233,26,63,,,,,,0,0,0,0,0,0,0,0,False,-1,15.271
2026-04-02T15:37:25.763,948,sequence,KCF,,False,,,,,,234,234,26,62,,,,,,0,0,0,0,0,0,0,0,False,-1,15.614
2026-04-02T15:37:25.782,949,sequence,KCF,,False,,,,,,234,234,27,62,,,,,,0,0,0,0,0,0,0,0,False,-1,16.288
2026-04-02T15:37:25.804,950,sequence,KCF,,False,,,,,,234,235,28,62,,,,,,0,0,0,0,0,0,0,0,False,-1,18.239
2026-04-02T15:37:25.829,951,sequence,KCF,,False,,,,,,234,235,28,61,,,,,,0,0,0,0,0,0,0,0,False,-1,20.482
2026-04-02T15:37:25.851,952,sequence,KCF,,False,,,,,,234,236,29,61,,,,,,0,0,0,0,0,0,0,0,False,-1,18.357
2026-04-02T15:37:25.874,953,sequence,KCF,,False,,,,,,234,236,30,62,,,,,,0,0,0,0,0,0,0,0,False,-1,18.691
2026-04-02T15:37:25.898,954,sequence,KCF,,False,,,,,,233,237,31,63,,,,,,0,0,0,0,0,0,0,0,False,-1,20.868
2026-04-02T15:37:25.917,955,sequence,KCF,,False,,,,,,232,237,32,64,,,,,,0,0,0,0,0,0,0,0,False,-1,16.079
2026-04-02T15:37:25.934,956,sequence,KCF,,False,,,,,,230,238,32,63,,,,,,0,0,0,0,0,0,0,0,False,-1,14.907
2026-04-02T15:37:25.953,957,sequence,KCF,,False,,,,,,228,240,32,62,,,,,,0,0,0,0,0,0,0,0,False,-1,15.307
2026-04-02T15:37:25.974,958,sequence,KCF,,False,,,,,,226,241,33,61,,,,,,0,0,0,0,0,0,0,0,False,-1,18.172
2026-04-02T15:37:25.998,959,sequence,KCF,,False,,,,,,224,242,32,61,,,,,,0,0,0,0,0,0,0,0,False,-1,20.527
2026-04-02T15:37:26.017,960,sequence,KCF,,False,,,,,,224,242,32,61,,,,,,0,0,0,0,0,0,0,0,False,-1,15.894
2026-04-02T15:37:26.032,961,sequence,KCF,,False,,,,,,222,243,30,61,,,,,,0,0,0,0,0,0,0,0,False,-1,12.558
2026-04-02T15:37:26.049,962,sequence,KCF,,False,,,,,,220,243,31,61,,,,,,0,0,0,0,0,0,0,0,False,-1,14.561
2026-04-02T15:37:26.069,963,sequence,KCF,,False,,,,,,218,243,31,61,,,,,,0,0,0,0,0,0,0,0,False,-1,16.934
2026-04-02T15:37:26.089,964,sequence,KCF,,False,,,,,,216,243,32,61,,,,,,0,0,0,0,0,0,0,0,False,-1,16.832
2026-04-02T15:37:26.109,965,sequence,KCF,,False,,,,,,214,243,31,61,,,,,,0,0,0,0,0,0,0,0,False,-1,17.303
2026-04-02T15:37:26.129,966,sequence,KCF,,False,,,,,,212,244,30,61,,,,,,0,0,0,0,0,0,0,0,False,-1,17.093
2026-04-02T15:37:26.149,967,sequence,KCF,,False,,,,,,210,245,30,61,,,,,,0,0,0,0,0,0,0,0,False,-1,16.05
2026-04-02T15:37:26.169,968,sequence,KCF,,False,,,,,,208,245,30,61,,,,,,0,0,0,0,0,0,0,0,False,-1,16.749
2026-04-02T15:37:26.185,969,sequence,KCF,,False,,,,,,205,245,32,61,,,,,,0,0,0,0,0,0,0,0,False,-1,12.357
2026-04-02T15:37:26.201,970,sequence,KCF,,False,,,,,,202,245,32,61,,,,,,0,0,0,0,0,0,0,0,False,-1,14.954
2026-04-02T15:37:26.220,971,sequence,KCF,,False,,,,,,200,245,32,63,,,,,,0,0,0,0,0,0,0,0,False,-1,14.634
2026-04-02T15:37:26.238,972,sequence,KCF,,False,,,,,,198,246,34,64,,,,,,0,0,0,0,0,0,0,0,False,-1,15.408
2026-04-02T15:37:26.259,973,sequence,KCF,,False,,,,,,195,246,34,65,,,,,,0,0,0,0,0,0,0,0,False,-1,17.844
2026-04-02T15:37:26.280,974,sequence,KCF,,False,,,,,,194,247,34,65,,,,,,0,0,0,0,0,0,0,0,False,-1,17.592
2026-04-02T15:37:26.298,975,sequence,KCF,,False,,,,,,192,247,34,65,,,,,,0,0,0,0,0,0,0,0,False,-1,15.002
2026-04-02T15:37:26.319,976,sequence,KCF,,False,,,,,,190,247,34,64,,,,,,0,0,0,0,0,0,0,0,False,-1,17.655
2026-04-02T15:37:26.344,977,sequence,KCF,,False,,,,,,189,248,34,63,,,,,,0,0,0,0,0,0,0,0,False,-1,20.213
2026-04-02T15:37:26.366,978,sequence,KCF,,False,,,,,,188,248,36,63,,,,,,0,0,0,0,0,0,0,0,False,-1,18.275
2026-04-02T15:37:26.386,979,sequence,KCF,,False,,,,,,186,249,36,63,,,,,,0,0,0,0,0,0,0,0,False,-1,16.215
2026-04-02T15:37:26.405,980,sequence,KCF,,False,,,,,,184,250,37,62,,,,,,0,0,0,0,0,0,0,0,False,-1,16.531
2026-04-02T15:37:26.426,981,sequence,KCF,,False,,,,,,182,251,38,62,,,,,,0,0,0,0,0,0,0,0,False,-1,17.474
2026-04-02T15:37:26.448,982,sequence,KCF,,False,,,,,,179,252,40,61,,,,,,0,0,0,0,0,0,0,0,False,-1,18.291
2026-04-02T15:37:26.470,983,sequence,KCF,,False,,,,,,178,252,40,61,,,,,,0,0,0,0,0,0,0,0,False,-1,18.27
2026-04-02T15:37:26.492,984,sequence,KCF,,False,,,,,,176,252,40,62,,,,,,0,0,0,0,0,0,0,0,False,-1,17.977
2026-04-02T15:37:26.509,985,sequence,KCF,,False,,,,,,174,252,40,62,,,,,,0,0,0,0,0,0,0,0,False,-1,14.605
2026-04-02T15:37:26.529,986,sequence,KCF,,False,,,,,,174,252,40,63,,,,,,0,0,0,0,0,0,0,0,False,-1,16.597
2026-04-02T15:37:26.552,987,sequence,KCF,,False,,,,,,173,253,40,64,,,,,,0,0,0,0,0,0,0,0,False,-1,19.621
2026-04-02T15:37:26.569,988,sequence,KCF,,False,,,,,,172,253,40,65,,,,,,0,0,0,0,0,0,0,0,False,-1,14.018
2026-04-02T15:37:26.584,989,sequence,KCF,,False,,,,,,172,253,40,65,,,,,,0,0,0,0,0,0,0,0,False,-1,12.455
2026-04-02T15:37:26.602,990,sequence,KCF,,False,,,,,,172,253,40,65,,,,,,0,0,0,0,0,0,0,0,False,-1,16.515
2026-04-02T15:37:26.621,991,sequence,KCF,,False,,,,,,172,253,41,66,,,,,,0,0,0,0,0,0,0,0,False,-1,15.039
2026-04-02T15:37:26.639,992,sequence,KCF,,False,,,,,,171,253,41,66,,,,,,0,0,0,0,0,0,0,0,False,-1,14.284
2026-04-02T15:37:26.654,993,sequence,KCF,,False,,,,,,171,253,42,67,,,,,,0,0,0,0,0,0,0,0,False,-1,12.381
2026-04-02T15:37:26.669,994,sequence,KCF,,False,,,,,,170,253,42,67,,,,,,0,0,0,0,0,0,0,0,False,-1,13.016
2026-04-02T15:37:26.684,995,sequence,KCF,,False,,,,,,170,254,42,67,,,,,,0,0,0,0,0,0,0,0,False,-1,12.374
2026-04-02T15:37:26.700,996,sequence,KCF,,False,,,,,,170,254,42,68,,,,,,0,0,0,0,0,0,0,0,False,-1,13.412
2026-04-02T15:37:26.715,997,sequence,KCF,,False,,,,,,169,255,42,69,,,,,,0,0,0,0,0,0,0,0,False,-1,12.25
2026-04-02T15:37:26.733,998,sequence,KCF,,False,,,,,,169,255,42,69,,,,,,0,0,0,0,0,0,0,0,False,-1,15.339
2026-04-02T15:37:26.755,999,sequence,KCF,,False,,,,,,169,255,41,70,,,,,,0,0,0,0,0,0,0,0,False,-1,18.148
2026-04-02T15:37:26.771,1000,sequence,KCF,,False,,,,,,169,255,41,71,,,,,,0,0,0,0,0,0,0,0,False,-1,14.017
2026-04-02T15:37:26.785,1001,sequence,KCF,,False,,,,,,168,256,42,70,,,,,,0,0,0,0,0,0,0,0,False,-1,11.233
2026-04-02T15:37:26.798,1002,sequence,KCF,,False,,,,,,168,257,42,69,,,,,,0,0,0,0,0,0,0,0,False,-1,10.797
2026-04-02T15:37:26.812,1003,sequence,KCF,,False,,,,,,166,258,43,68,,,,,,0,0,0,0,0,0,0,0,False,-1,12.144
2026-04-02T15:37:26.828,1004,sequence,KCF,,False,,,,,,167,258,42,68,,,,,,0,0,0,0,0,0,0,0,False,-1,13.588
2026-04-02T15:37:26.844,1005,sequence,KCF,,False,,,,,,167,258,42,67,,,,,,0,0,0,0,0,0,0,0,False,-1,13.399
2026-04-02T15:37:26.860,1006,sequence,KCF,,False,,,,,,168,258,42,67,,,,,,0,0,0,0,0,0,0,0,False,-1,13.54
2026-04-02T15:37:26.878,1007,sequence,KCF,,False,,,,,,168,257,41,68,,,,,,0,0,0,0,0,0,0,0,False,-1,14.659
2026-04-02T15:37:26.895,1008,sequence,KCF,,False,,,,,,169,256,40,69,,,,,,0,0,0,0,0,0,0,0,False,-1,14.39
2026-04-02T15:37:26.912,1009,sequence,KCF,,False,,,,,,170,255,40,69,,,,,,0,0,0,0,0,0,0,0,False,-1,15.431
2026-04-02T15:37:26.931,1010,sequence,KCF,,False,,,,,,170,255,40,69,,,,,,0,0,0,0,0,0,0,0,False,-1,14.913
2026-04-02T15:37:26.948,1011,sequence,KCF,,False,,,,,,171,254,40,69,,,,,,0,0,0,0,0,0,0,0,False,-1,14.983
2026-04-02T15:37:26.968,1012,sequence,KCF,,False,,,,,,172,253,40,69,,,,,,0,0,0,0,0,0,0,0,False,-1,16.239
2026-04-02T15:37:26.989,1013,sequence,KCF,,False,,,,,,175,253,41,69,,,,,,0,0,0,0,0,0,0,0,False,-1,17.934
2026-04-02T15:37:27.011,1014,sequence,KCF,,False,,,,,,178,252,42,69,,,,,,0,0,0,0,0,0,0,0,False,-1,18.929
2026-04-02T15:37:27.030,1015,sequence,KCF,,False,,,,,,181,251,42,68,,,,,,0,0,0,0,0,0,0,0,False,-1,15.922
2026-04-02T15:37:27.054,1016,sequence,KCF,,False,,,,,,186,250,42,69,,,,,,0,0,0,0,0,0,0,0,False,-1,19.032
2026-04-02T15:37:27.074,1017,sequence,KCF,,False,,,,,,190,248,41,70,,,,,,0,0,0,0,0,0,0,0,False,-1,16.578
2026-04-02T15:37:27.089,1018,sequence,KCF,,False,,,,,,194,247,40,71,,,,,,0,0,0,0,0,0,0,0,False,-1,11.899
2026-04-02T15:37:27.106,1019,sequence,KCF,,False,,,,,,201,246,41,69,,,,,,0,0,0,0,0,0,0,0,False,-1,15.32
2026-04-02T15:37:27.124,1020,sequence,KCF,,False,,,,,,208,245,41,69,,,,,,0,0,0,0,0,0,0,0,False,-1,14.223
2026-04-02T15:37:27.136,1021,sequence,KCF,,False,,,,,,214,244,42,67,,,,,,0,0,0,0,0,0,0,0,False,-1,10.35
2026-04-02T15:37:27.149,1022,sequence,KCF,,False,,,,,,218,243,42,67,,,,,,0,0,0,0,0,0,0,0,False,-1,10.418
2026-04-02T15:37:27.161,1023,sequence,KCF,,False,,,,,,223,242,43,67,,,,,,0,0,0,0,0,0,0,0,False,-1,9.68
2026-04-02T15:37:27.173,1024,sequence,KCF,,False,,,,,,227,241,44,66,,,,,,0,0,0,0,0,0,0,0,False,-1,10.748
2026-04-02T15:37:27.185,1025,sequence,KCF,,False,,,,,,234,239,44,66,,,,,,0,0,0,0,0,0,0,0,False,-1,10.558
2026-04-02T15:37:27.199,1026,sequence,KCF,,False,,,,,,240,238,42,67,,,,,,0,0,0,0,0,0,0,0,False,-1,10.902
2026-04-02T15:37:27.211,1027,sequence,KCF,,False,,,,,,247,236,42,67,,,,,,0,0,0,0,0,0,0,0,False,-1,9.732
2026-04-02T15:37:27.222,1028,sequence,KCF,,False,,,,,,250,235,42,66,,,,,,0,0,0,0,0,0,0,0,False,-1,9.769
2026-04-02T15:37:27.233,1029,sequence,KCF,,False,,,,,,254,235,43,66,,,,,,0,0,0,0,0,0,0,0,False,-1,9.53
2026-04-02T15:37:27.247,1030,sequence,KCF,,False,,,,,,256,235,44,65,,,,,,0,0,0,0,0,0,0,0,False,-1,11.788
2026-04-02T15:37:27.262,1031,sequence,KCF,,False,,,,,,257,234,44,65,,,,,,0,0,0,0,0,0,0,0,False,-1,13.077
2026-04-02T15:37:27.278,1032,sequence,KCF,,False,,,,,,258,233,45,66,,,,,,0,0,0,0,0,0,0,0,False,-1,12.535
2026-04-02T15:37:27.292,1033,sequence,KCF,,False,,,,,,258,233,46,66,,,,,,0,0,0,0,0,0,0,0,False,-1,11.829
2026-04-02T15:37:27.308,1034,sequence,KCF,,False,,,,,,258,231,46,66,,,,,,0,0,0,0,0,0,0,0,False,-1,14.385
2026-04-02T15:37:27.326,1035,sequence,KCF,,False,,,,,,258,231,45,66,,,,,,0,0,0,0,0,0,0,0,False,-1,14.064
2026-04-02T15:37:27.344,1036,sequence,KCF,,False,,,,,,258,229,45,66,,,,,,0,0,0,0,0,0,0,0,False,-1,15.253
2026-04-02T15:37:27.363,1037,sequence,KCF,,False,,,,,,258,229,45,65,,,,,,0,0,0,0,0,0,0,0,False,-1,16.277
2026-04-02T15:37:27.384,1038,sequence,KCF,,False,,,,,,259,229,44,65,,,,,,0,0,0,0,0,0,0,0,False,-1,17.171
2026-04-02T15:37:27.401,1039,sequence,KCF,,False,,,,,,259,229,44,65,,,,,,0,0,0,0,0,0,0,0,False,-1,15.916
2026-04-02T15:37:27.419,1040,sequence,KCF,,False,,,,,,260,227,44,65,,,,,,0,0,0,0,0,0,0,0,False,-1,14.24
2026-04-02T15:37:27.435,1041,sequence,KCF,,False,,,,,,260,225,44,66,,,,,,0,0,0,0,0,0,0,0,False,-1,13.389
2026-04-02T15:37:27.449,1042,sequence,KCF,,False,,,,,,260,223,44,67,,,,,,0,0,0,0,0,0,0,0,False,-1,12.428
2026-04-02T15:37:27.463,1043,sequence,KCF,,False,,,,,,260,223,44,66,,,,,,0,0,0,0,0,0,0,0,False,-1,11.628
2026-04-02T15:37:27.478,1044,sequence,KCF,,False,,,,,,260,223,44,65,,,,,,0,0,0,0,0,0,0,0,False,-1,13.459
2026-04-02T15:37:27.495,1045,sequence,KCF,,False,,,,,,260,223,45,64,,,,,,0,0,0,0,0,0,0,0,False,-1,13.875
2026-04-02T15:37:27.508,1046,sequence,KCF,,False,,,,,,261,221,45,65,,,,,,0,0,0,0,0,0,0,0,False,-1,10.923
2026-04-02T15:37:27.521,1047,sequence,KCF,,False,,,,,,262,219,45,65,,,,,,0,0,0,0,0,0,0,0,False,-1,10.433
2026-04-02T15:37:27.537,1048,sequence,KCF,,False,,,,,,264,218,45,65,,,,,,0,0,0,0,0,0,0,0,False,-1,13.445
2026-04-02T15:37:27.553,1049,sequence,KCF,,False,,,,,,267,215,44,65,,,,,,0,0,0,0,0,0,0,0,False,-1,14.351
2026-04-02T15:37:27.571,1050,sequence,KCF,,False,,,,,,270,212,44,65,,,,,,0,0,0,0,0,0,0,0,False,-1,15.298
2026-04-02T15:37:27.590,1051,sequence,KCF,,False,,,,,,274,209,44,64,,,,,,0,0,0,0,0,0,0,0,False,-1,15.813
2026-04-02T15:37:27.605,1052,sequence,KCF,,False,,,,,,275,207,44,65,,,,,,0,0,0,0,0,0,0,0,False,-1,12.069
2026-04-02T15:37:27.621,1053,sequence,KCF,,False,,,,,,276,204,44,65,,,,,,0,0,0,0,0,0,0,0,False,-1,13.226
2026-04-02T15:37:27.636,1054,sequence,KCF,,False,,,,,,277,202,44,65,,,,,,0,0,0,0,0,0,0,0,False,-1,13.536
2026-04-02T15:37:27.655,1055,sequence,KCF,,False,,,,,,278,200,44,64,,,,,,0,0,0,0,0,0,0,0,False,-1,15.824
2026-04-02T15:37:27.671,1056,sequence,KCF,,False,,,,,,279,197,44,63,,,,,,0,0,0,0,0,0,0,0,False,-1,13.266
2026-04-02T15:37:27.686,1057,sequence,KCF,,False,,,,,,280,195,44,62,,,,,,0,0,0,0,0,0,0,0,False,-1,12.706
2026-04-02T15:37:27.702,1058,sequence,KCF,,False,,,,,,282,193,44,63,,,,,,0,0,0,0,0,0,0,0,False,-1,13.128
2026-04-02T15:37:27.720,1059,sequence,KCF,,False,,,,,,282,191,44,63,,,,,,0,0,0,0,0,0,0,0,False,-1,16.423
2026-04-02T15:37:27.740,1060,sequence,KCF,,False,,,,,,284,189,43,64,,,,,,0,0,0,0,0,0,0,0,False,-1,15.976
2026-04-02T15:37:27.764,1061,sequence,KCF,,False,,,,,,284,187,44,65,,,,,,0,0,0,0,0,0,0,0,False,-1,20.056
2026-04-02T15:37:27.782,1062,sequence,KCF,,False,,,,,,284,185,44,65,,,,,,0,0,0,0,0,0,0,0,False,-1,14.346
2026-04-02T15:37:27.800,1063,sequence,KCF,,False,,,,,,284,183,44,65,,,,,,0,0,0,0,0,0,0,0,False,-1,14.72
2026-04-02T15:37:27.815,1064,sequence,KCF,,False,,,,,,284,180,44,66,,,,,,0,0,0,0,0,0,0,0,False,-1,13.478
2026-04-02T15:37:27.828,1065,sequence,KCF,,False,,,,,,285,177,45,66,,,,,,0,0,0,0,0,0,0,0,False,-1,10.871
2026-04-02T15:37:27.841,1066,sequence,KCF,,False,,,,,,285,174,46,67,,,,,,0,0,0,0,0,0,0,0,False,-1,10.662
2026-04-02T15:37:27.855,1067,sequence,KCF,,False,,,,,,286,172,45,67,,,,,,0,0,0,0,0,0,0,0,False,-1,11.713
2026-04-02T15:37:27.871,1068,sequence,KCF,,False,,,,,,286,170,45,66,,,,,,0,0,0,0,0,0,0,0,False,-1,13.816
2026-04-02T15:37:27.888,1069,sequence,KCF,,False,,,,,,286,168,44,66,,,,,,0,0,0,0,0,0,0,0,False,-1,15.028
2026-04-02T15:37:27.906,1070,sequence,KCF,,False,,,,,,288,165,44,67,,,,,,0,0,0,0,0,0,0,0,False,-1,14.918
2026-04-02T15:37:27.929,1071,sequence,KCF,,False,,,,,,288,162,44,67,,,,,,0,0,0,0,0,0,0,0,False,-1,19.387
2026-04-02T15:37:27.955,1072,sequence,KCF,,False,,,,,,290,159,44,68,,,,,,0,0,0,0,0,0,0,0,False,-1,20.916
2026-04-02T15:37:27.979,1073,sequence,KCF,,False,,,,,,291,157,43,67,,,,,,0,0,0,0,0,0,0,0,False,-1,20.256
2026-04-02T15:37:28.003,1074,sequence,KCF,,False,,,,,,292,156,42,66,,,,,,0,0,0,0,0,0,0,0,False,-1,20.69
2026-04-02T15:37:28.023,1075,sequence,KCF,,False,,,,,,294,155,42,65,,,,,,0,0,0,0,0,0,0,0,False,-1,16.177
2026-04-02T15:37:28.041,1076,sequence,KCF,,False,,,,,,296,153,42,66,,,,,,0,0,0,0,0,0,0,0,False,-1,14.848
2026-04-02T15:37:28.064,1077,sequence,KCF,,False,,,,,,298,151,42,67,,,,,,0,0,0,0,0,0,0,0,False,-1,18.118
2026-04-02T15:37:28.083,1078,sequence,KCF,,False,,,,,,299,149,42,68,,,,,,0,0,0,0,0,0,0,0,False,-1,16.323
2026-04-02T15:37:28.099,1079,sequence,KCF,,False,,,,,,300,147,42,67,,,,,,0,0,0,0,0,0,0,0,False,-1,13.831
2026-04-02T15:37:28.118,1080,sequence,KCF,,False,,,,,,302,145,42,67,,,,,,0,0,0,0,0,0,0,0,False,-1,15.523
2026-04-02T15:37:28.134,1081,sequence,KCF,,False,,,,,,304,143,42,66,,,,,,0,0,0,0,0,0,0,0,False,-1,12.958
2026-04-02T15:37:28.152,1082,sequence,KCF,,False,,,,,,304,142,42,66,,,,,,0,0,0,0,0,0,0,0,False,-1,14.737
2026-04-02T15:37:28.174,1083,sequence,KCF,,False,,,,,,304,141,42,67,,,,,,0,0,0,0,0,0,0,0,False,-1,19.172
2026-04-02T15:37:28.198,1084,sequence,KCF,,False,,,,,,305,140,42,67,,,,,,0,0,0,0,0,0,0,0,False,-1,20.347
2026-04-02T15:37:28.222,1085,sequence,KCF,,False,,,,,,306,139,42,67,,,,,,0,0,0,0,0,0,0,0,False,-1,19.673
2026-04-02T15:37:28.244,1086,sequence,KCF,,False,,,,,,308,138,41,69,,,,,,0,0,0,0,0,0,0,0,False,-1,17.478
2026-04-02T15:37:28.266,1087,sequence,KCF,,False,,,,,,309,137,40,69,,,,,,0,0,0,0,0,0,0,0,False,-1,18.595
2026-04-02T15:37:28.285,1088,sequence,KCF,,False,,,,,,310,137,40,69,,,,,,0,0,0,0,0,0,0,0,False,-1,16.202
2026-04-02T15:37:28.309,1089,sequence,KCF,,False,,,,,,310,137,40,69,,,,,,0,0,0,0,0,0,0,0,False,-1,21.079
2026-04-02T15:37:28.329,1090,sequence,KCF,,False,,,,,,310,138,40,69,,,,,,0,0,0,0,0,0,0,0,False,-1,16.591
2026-04-02T15:37:28.344,1091,sequence,KCF,,False,,,,,,312,138,40,69,,,,,,0,0,0,0,0,0,0,0,False,-1,12.223
2026-04-02T15:37:28.360,1092,sequence,KCF,,False,,,,,,312,138,40,68,,,,,,0,0,0,0,0,0,0,0,False,-1,13.317
2026-04-02T15:37:28.374,1093,sequence,KCF,,False,,,,,,314,138,40,68,,,,,,0,0,0,0,0,0,0,0,False,-1,11.335
2026-04-02T15:37:28.385,1094,sequence,KCF,,False,,,,,,314,137,40,69,,,,,,0,0,0,0,0,0,0,0,False,-1,9.725
2026-04-02T15:37:28.398,1095,sequence,KCF,,False,,,,,,315,137,40,70,,,,,,0,0,0,0,0,0,0,0,False,-1,10.6
2026-04-02T15:37:28.413,1096,sequence,KCF,,False,,,,,,316,137,41,71,,,,,,0,0,0,0,0,0,0,0,False,-1,12.559
2026-04-02T15:37:28.428,1097,sequence,KCF,,False,,,,,,316,137,40,70,,,,,,0,0,0,0,0,0,0,0,False,-1,12.206
2026-04-02T15:37:28.442,1098,sequence,KCF,,False,,,,,,317,137,40,69,,,,,,0,0,0,0,0,0,0,0,False,-1,12.564
2026-04-02T15:37:28.459,1099,sequence,KCF,,False,,,,,,318,138,40,68,,,,,,0,0,0,0,0,0,0,0,False,-1,14.688
2026-04-02T15:37:28.477,1100,sequence,KCF,,False,,,,,,319,138,40,68,,,,,,0,0,0,0,0,0,0,0,False,-1,14.615
2026-04-02T15:37:28.494,1101,sequence,KCF,,False,,,,,,320,139,40,69,,,,,,0,0,0,0,0,0,0,0,False,-1,14.212
2026-04-02T15:37:28.513,1102,sequence,KCF,,False,,,,,,320,139,40,69,,,,,,0,0,0,0,0,0,0,0,False,-1,16.824
2026-04-02T15:37:28.537,1103,sequence,KCF,,False,,,,,,322,139,40,69,,,,,,0,0,0,0,0,0,0,0,False,-1,19.735
2026-04-02T15:37:28.557,1104,sequence,KCF,,False,,,,,,324,138,39,68,,,,,,0,0,0,0,0,0,0,0,False,-1,17.039
2026-04-02T15:37:28.579,1105,sequence,KCF,,False,,,,,,325,138,38,68,,,,,,0,0,0,0,0,0,0,0,False,-1,19.074
2026-04-02T15:37:28.601,1106,sequence,KCF,,False,,,,,,326,138,38,67,,,,,,0,0,0,0,0,0,0,0,False,-1,17.785
2026-04-02T15:37:28.622,1107,sequence,KCF,,False,,,,,,326,139,39,67,,,,,,0,0,0,0,0,0,0,0,False,-1,18.224
2026-04-02T15:37:28.642,1108,sequence,KCF,,False,,,,,,326,139,39,67,,,,,,0,0,0,0,0,0,0,0,False,-1,16.228
2026-04-02T15:37:28.661,1109,sequence,KCF,,False,,,,,,328,138,39,67,,,,,,0,0,0,0,0,0,0,0,False,-1,16.959
2026-04-02T15:37:28.682,1110,sequence,KCF,,False,,,,,,330,137,38,68,,,,,,0,0,0,0,0,0,0,0,False,-1,17.53
2026-04-02T15:37:28.705,1111,sequence,KCF,,False,,,,,,331,136,38,69,,,,,,0,0,0,0,0,0,0,0,False,-1,19.129
2026-04-02T15:37:28.730,1112,sequence,KCF,,False,,,,,,332,136,39,69,,,,,,0,0,0,0,0,0,0,0,False,-1,20.965
2026-04-02T15:37:28.749,1113,sequence,KCF,,False,,,,,,332,136,40,68,,,,,,0,0,0,0,0,0,0,0,False,-1,15.545
2026-04-02T15:37:28.768,1114,sequence,KCF,,False,,,,,,333,136,40,68,,,,,,0,0,0,0,0,0,0,0,False,-1,16.375
2026-04-02T15:37:28.790,1115,sequence,KCF,,False,,,,,,334,135,40,68,,,,,,0,0,0,0,0,0,0,0,False,-1,18.586
2026-04-02T15:37:28.815,1116,sequence,KCF,,False,,,,,,334,135,40,68,,,,,,0,0,0,0,0,0,0,0,False,-1,19.98
2026-04-02T15:37:28.835,1117,sequence,KCF,,False,,,,,,336,135,39,68,,,,,,0,0,0,0,0,0,0,0,False,-1,16.805
2026-04-02T15:37:28.858,1118,sequence,KCF,,False,,,,,,336,134,39,69,,,,,,0,0,0,0,0,0,0,0,False,-1,18.663
2026-04-02T15:37:28.880,1119,sequence,KCF,,False,,,,,,336,133,39,70,,,,,,0,0,0,0,0,0,0,0,False,-1,19.955
2026-04-02T15:37:28.899,1120,sequence,KCF,,False,,,,,,337,132,39,71,,,,,,0,0,0,0,0,0,0,0,False,-1,16.161
2026-04-02T15:37:28.922,1121,sequence,KCF,,False,,,,,,338,132,38,70,,,,,,0,0,0,0,0,0,0,0,False,-1,18.771
2026-04-02T15:37:28.943,1122,sequence,KCF,,False,,,,,,338,133,38,69,,,,,,0,0,0,0,0,0,0,0,False,-1,17.585
2026-04-02T15:37:28.968,1123,sequence,KCF,,False,,,,,,338,133,37,68,,,,,,0,0,0,0,0,0,0,0,False,-1,20.82
2026-04-02T15:37:28.992,1124,sequence,KCF,,False,,,,,,337,132,37,68,,,,,,0,0,0,0,0,0,0,0,False,-1,20.873
2026-04-02T15:37:29.010,1125,sequence,KCF,,False,,,,,,336,132,36,68,,,,,,0,0,0,0,0,0,0,0,False,-1,14.152
2026-04-02T15:37:29.025,1126,sequence,KCF,,False,,,,,,334,131,36,68,,,,,,0,0,0,0,0,0,0,0,False,-1,13.352
2026-04-02T15:37:29.038,1127,sequence,KCF,,False,,,,,,333,131,37,68,,,,,,0,0,0,0,0,0,0,0,False,-1,10.893
2026-04-02T15:37:29.052,1128,sequence,KCF,,False,,,,,,332,131,38,67,,,,,,0,0,0,0,0,0,0,0,False,-1,11.441
2026-04-02T15:37:29.069,1129,sequence,KCF,,False,,,,,,330,130,38,67,,,,,,0,0,0,0,0,0,0,0,False,-1,15.241
2026-04-02T15:37:29.093,1130,sequence,KCF,,False,,,,,,328,129,38,67,,,,,,0,0,0,0,0,0,0,0,False,-1,19.73
2026-04-02T15:37:29.116,1131,sequence,KCF,,False,,,,,,326,128,38,67,,,,,,0,0,0,0,0,0,0,0,False,-1,18.542
2026-04-02T15:37:29.133,1132,sequence,KCF,,False,,,,,,324,127,38,67,,,,,,0,0,0,0,0,0,0,0,False,-1,13.991
2026-04-02T15:37:29.148,1133,sequence,KCF,,False,,,,,,324,127,38,67,,,,,,0,0,0,0,0,0,0,0,False,-1,12.085
2026-04-02T15:37:29.161,1134,sequence,KCF,,False,,,,,,323,127,38,67,,,,,,0,0,0,0,0,0,0,0,False,-1,11.96
2026-04-02T15:37:29.177,1135,sequence,KCF,,False,,,,,,322,126,37,67,,,,,,0,0,0,0,0,0,0,0,False,-1,13.742
2026-04-02T15:37:29.193,1136,sequence,KCF,,False,,,,,,321,126,38,66,,,,,,0,0,0,0,0,0,0,0,False,-1,13.728
2026-04-02T15:37:29.210,1137,sequence,KCF,,False,,,,,,320,125,38,65,,,,,,0,0,0,0,0,0,0,0,False,-1,14.39
2026-04-02T15:37:29.227,1138,sequence,KCF,,False,,,,,,318,125,38,65,,,,,,0,0,0,0,0,0,0,0,False,-1,14.119
2026-04-02T15:37:29.245,1139,sequence,KCF,,False,,,,,,319,125,38,65,,,,,,0,0,0,0,0,0,0,0,False,-1,16.499
2026-04-02T15:37:29.264,1140,sequence,KCF,,False,,,,,,319,123,37,64,,,,,,0,0,0,0,0,0,0,0,False,-1,14.649
2026-04-02T15:37:29.284,1141,sequence,KCF,,False,,,,,,320,123,36,64,,,,,,0,0,0,0,0,0,0,0,False,-1,16.93
2026-04-02T15:37:29.301,1142,sequence,KCF,,False,,,,,,320,121,36,65,,,,,,0,0,0,0,0,0,0,0,False,-1,13.73
2026-04-02T15:37:29.319,1143,sequence,KCF,,False,,,,,,320,120,36,65,,,,,,0,0,0,0,0,0,0,0,False,-1,14.582
2026-04-02T15:37:29.338,1144,sequence,KCF,,False,,,,,,320,119,36,65,,,,,,0,0,0,0,0,0,0,0,False,-1,17.189
2026-04-02T15:37:29.355,1145,sequence,KCF,,False,,,,,,320,118,36,65,,,,,,0,0,0,0,0,0,0,0,False,-1,13.423
2026-04-02T15:37:29.372,1146,sequence,KCF,,False,,,,,,320,117,36,66,,,,,,0,0,0,0,0,0,0,0,False,-1,14.434
2026-04-02T15:37:29.390,1147,sequence,KCF,,False,,,,,,320,116,36,66,,,,,,0,0,0,0,0,0,0,0,False,-1,14.748
2026-04-02T15:37:29.408,1148,sequence,KCF,,False,,,,,,319,117,36,65,,,,,,0,0,0,0,0,0,0,0,False,-1,14.823
2026-04-02T15:37:29.427,1149,sequence,KCF,,False,,,,,,319,117,36,63,,,,,,0,0,0,0,0,0,0,0,False,-1,16.746
2026-04-02T15:37:29.443,1150,sequence,KCF,,False,,,,,,318,118,36,61,,,,,,0,0,0,0,0,0,0,0,False,-1,13.469
2026-04-02T15:37:29.464,1151,sequence,KCF,,False,,,,,,318,117,36,61,,,,,,0,0,0,0,0,0,0,0,False,-1,17.405
2026-04-02T15:37:29.485,1152,sequence,KCF,,False,,,,,,318,117,36,61,,,,,,0,0,0,0,0,0,0,0,False,-1,17.401
2026-04-02T15:37:29.506,1153,sequence,KCF,,False,,,,,,318,117,36,60,,,,,,0,0,0,0,0,0,0,0,False,-1,16.955
2026-04-02T15:37:29.522,1154,sequence,KCF,,False,,,,,,317,116,36,61,,,,,,0,0,0,0,0,0,0,0,False,-1,12.875
2026-04-02T15:37:29.539,1155,sequence,KCF,,False,,,,,,316,115,36,61,,,,,,0,0,0,0,0,0,0,0,False,-1,14.832
2026-04-02T15:37:29.560,1156,sequence,KCF,,False,,,,,,314,114,36,62,,,,,,0,0,0,0,0,0,0,0,False,-1,16.958
2026-04-02T15:37:29.578,1157,sequence,KCF,,False,,,,,,314,114,36,61,,,,,,0,0,0,0,0,0,0,0,False,-1,15.026
2026-04-02T15:37:29.594,1158,sequence,KCF,,False,,,,,,313,114,36,59,,,,,,0,0,0,0,0,0,0,0,False,-1,13.249
2026-04-02T15:37:29.610,1159,sequence,KCF,,False,,,,,,312,114,36,58,,,,,,0,0,0,0,0,0,0,0,False,-1,14.146
2026-04-02T15:37:29.628,1160,sequence,KCF,,False,,,,,,311,113,36,59,,,,,,0,0,0,0,0,0,0,0,False,-1,14.702
2026-04-02T15:37:29.643,1161,sequence,KCF,,False,,,,,,310,112,35,60,,,,,,0,0,0,0,0,0,0,0,False,-1,12.182
2026-04-02T15:37:29.662,1162,sequence,KCF,,False,,,,,,310,111,35,61,,,,,,0,0,0,0,0,0,0,0,False,-1,16.574
2026-04-02T15:37:29.683,1163,sequence,KCF,,False,,,,,,309,111,34,60,,,,,,0,0,0,0,0,0,0,0,False,-1,17.873
2026-04-02T15:37:29.707,1164,sequence,KCF,,False,,,,,,308,111,34,59,,,,,,0,0,0,0,0,0,0,0,False,-1,20.789
2026-04-02T15:37:29.733,1165,sequence,KCF,,False,,,,,,308,111,34,59,,,,,,0,0,0,0,0,0,0,0,False,-1,21.807
2026-04-02T15:37:29.759,1166,sequence,KCF,,False,,,,,,308,111,34,59,,,,,,0,0,0,0,0,0,0,0,False,-1,21.027
2026-04-02T15:37:29.783,1167,sequence,KCF,,False,,,,,,306,112,34,58,,,,,,0,0,0,0,0,0,0,0,False,-1,19.099
2026-04-02T15:37:29.801,1168,sequence,KCF,,False,,,,,,306,112,34,58,,,,,,0,0,0,0,0,0,0,0,False,-1,15.343
2026-04-02T15:37:29.816,1169,sequence,KCF,,False,,,,,,304,111,34,59,,,,,,0,0,0,0,0,0,0,0,False,-1,12.849
2026-04-02T15:37:29.828,1170,sequence,KCF,,False,,,,,,304,111,34,59,,,,,,0,0,0,0,0,0,0,0,False,-1,9.928
2026-04-02T15:37:29.840,1171,sequence,KCF,,False,,,,,,302,110,34,59,,,,,,0,0,0,0,0,0,0,0,False,-1,9.451
2026-04-02T15:37:29.853,1172,sequence,KCF,,False,,,,,,302,111,33,58,,,,,,0,0,0,0,0,0,0,0,False,-1,11.025
2026-04-02T15:37:29.865,1173,sequence,KCF,,False,,,,,,302,112,32,57,,,,,,0,0,0,0,0,0,0,0,False,-1,10.584
2026-04-02T15:37:29.878,1174,sequence,KCF,,False,,,,,,301,113,32,56,,,,,,0,0,0,0,0,0,0,0,False,-1,10.908
2026-04-02T15:37:29.892,1175,sequence,KCF,,False,,,,,,300,113,32,57,,,,,,0,0,0,0,0,0,0,0,False,-1,12.628
2026-04-02T15:37:29.908,1176,sequence,KCF,,False,,,,,,298,113,32,57,,,,,,0,0,0,0,0,0,0,0,False,-1,13.612
2026-04-02T15:37:29.927,1177,sequence,KCF,,False,,,,,,296,113,33,57,,,,,,0,0,0,0,0,0,0,0,False,-1,16.028
2026-04-02T15:37:29.948,1178,sequence,KCF,,False,,,,,,296,113,32,57,,,,,,0,0,0,0,0,0,0,0,False,-1,17.595
2026-04-02T15:37:29.967,1179,sequence,KCF,,False,,,,,,297,114,30,55,,,,,,0,0,0,0,0,0,0,0,False,-1,16.697
2026-04-02T15:37:29.990,1180,sequence,KCF,,False,,,,,,297,115,30,55,,,,,,0,0,0,0,0,0,0,0,False,-1,19.256
2026-04-02T15:37:30.010,1181,sequence,KCF,,False,,,,,,296,115,29,55,,,,,,0,0,0,0,0,0,0,0,False,-1,16.526
2026-04-02T15:37:30.032,1182,sequence,KCF,,False,,,,,,296,115,29,55,,,,,,0,0,0,0,0,0,0,0,False,-1,18.113
2026-04-02T15:37:30.051,1183,sequence,KCF,,False,,,,,,295,116,28,55,,,,,,0,0,0,0,0,0,0,0,False,-1,15.854
2026-04-02T15:37:30.069,1184,sequence,KCF,,False,,,,,,294,116,27,55,,,,,,0,0,0,0,0,0,0,0,False,-1,15.64
2026-04-02T15:37:30.086,1185,sequence,KCF,,False,,,,,,294,117,26,57,,,,,,0,0,0,0,0,0,0,0,False,-1,14.224
2026-04-02T15:37:30.105,1186,sequence,KCF,,False,,,,,,293,117,24,57,,,,,,0,0,0,0,0,0,0,0,False,-1,16.372
2026-04-02T15:37:30.125,1187,sequence,KCF,,False,,,,,,292,118,24,57,,,,,,0,0,0,0,0,0,0,0,False,-1,16.581
2026-04-02T15:37:30.147,1188,sequence,KCF,,False,,,,,,290,119,25,57,,,,,,0,0,0,0,0,0,0,0,False,-1,18.259
2026-04-02T15:37:30.163,1189,sequence,KCF,,False,,,,,,289,120,25,57,,,,,,0,0,0,0,0,0,0,0,False,-1,14.035
2026-04-02T15:37:30.180,1190,sequence,KCF,,False,,,,,,288,120,24,58,,,,,,0,0,0,0,0,0,0,0,False,-1,13.634
2026-04-02T15:37:30.194,1191,sequence,KCF,,False,,,,,,288,121,23,58,,,,,,0,0,0,0,0,0,0,0,False,-1,11.669
2026-04-02T15:37:30.212,1192,sequence,KCF,,False,,,,,,287,121,22,59,,,,,,0,0,0,0,0,0,0,0,False,-1,14.586
2026-04-02T15:37:30.232,1193,sequence,KCF,,False,,,,,,286,121,23,59,,,,,,0,0,0,0,0,0,0,0,False,-1,17.424
2026-04-02T15:37:30.254,1194,sequence,KCF,,False,,,,,,284,122,24,59,,,,,,0,0,0,0,0,0,0,0,False,-1,19.286
2026-04-02T15:37:30.277,1195,sequence,KCF,,False,,,,,,283,123,24,59,,,,,,0,0,0,0,0,0,0,0,False,-1,19.148
2026-04-02T15:37:30.302,1196,sequence,KCF,,False,,,,,,282,123,24,59,,,,,,0,0,0,0,0,0,0,0,False,-1,20.23
2026-04-02T15:37:30.325,1197,sequence,KCF,,False,,,,,,282,123,24,60,,,,,,0,0,0,0,0,0,0,0,False,-1,18.386
2026-04-02T15:37:30.352,1198,sequence,KCF,,False,,,,,,282,123,23,60,,,,,,0,0,0,0,0,0,0,0,False,-1,22.14
2026-04-02T15:37:30.375,1199,sequence,KCF,,False,,,,,,281,125,24,59,,,,,,0,0,0,0,0,0,0,0,False,-1,20.437
2026-04-02T15:37:30.399,1200,sequence,KCF,,False,,,,,,280,126,24,59,,,,,,0,0,0,0,0,0,0,0,False,-1,18.641
2026-04-02T15:37:30.416,1201,sequence,KCF,,False,,,,,,279,127,24,59,,,,,,0,0,0,0,0,0,0,0,False,-1,14.182
2026-04-02T15:37:30.431,1202,sequence,KCF,,False,,,,,,278,128,24,59,,,,,,0,0,0,0,0,0,0,0,False,-1,11.632
2026-04-02T15:37:30.448,1203,sequence,KCF,,False,,,,,,278,128,24,59,,,,,,0,0,0,0,0,0,0,0,False,-1,14.472
2026-04-02T15:37:30.467,1204,sequence,KCF,,False,,,,,,277,129,24,59,,,,,,0,0,0,0,0,0,0,0,False,-1,16.876
2026-04-02T15:37:30.488,1205,sequence,KCF,,False,,,,,,276,129,24,59,,,,,,0,0,0,0,0,0,0,0,False,-1,18.05
2026-04-02T15:37:30.508,1206,sequence,KCF,,False,,,,,,276,131,25,59,,,,,,0,0,0,0,0,0,0,0,False,-1,16.098
2026-04-02T15:37:30.528,1207,sequence,KCF,,False,,,,,,276,131,25,59,,,,,,0,0,0,0,0,0,0,0,False,-1,16.584
2026-04-02T15:37:30.549,1208,sequence,KCF,,False,,,,,,276,133,26,58,,,,,,0,0,0,0,0,0,0,0,False,-1,17.425
2026-04-02T15:37:30.570,1209,sequence,KCF,,False,,,,,,276,134,26,56,,,,,,0,0,0,0,0,0,0,0,False,-1,18.774
2026-04-02T15:37:30.588,1210,sequence,KCF,,False,,,,,,275,135,26,55,,,,,,0,0,0,0,0,0,0,0,False,-1,14.245
2026-04-02T15:37:30.608,1211,sequence,KCF,,False,,,,,,274,136,26,54,,,,,,0,0,0,0,0,0,0,0,False,-1,17.462
2026-04-02T15:37:30.625,1212,sequence,KCF,,False,,,,,,274,136,26,54,,,,,,0,0,0,0,0,0,0,0,False,-1,13.614
2026-04-02T15:37:30.642,1213,sequence,KCF,,False,,,,,,273,137,26,53,,,,,,0,0,0,0,0,0,0,0,False,-1,14.941
2026-04-02T15:37:30.663,1214,sequence,KCF,,False,,,,,,273,137,26,54,,,,,,0,0,0,0,0,0,0,0,False,-1,18.182
2026-04-02T15:37:30.684,1215,sequence,KCF,,False,,,,,,274,136,25,55,,,,,,0,0,0,0,0,0,0,0,False,-1,16.174
2026-04-02T15:37:30.704,1216,sequence,KCF,,False,,,,,,274,136,24,56,,,,,,0,0,0,0,0,0,0,0,False,-1,16.584
2026-04-02T15:37:30.725,1217,sequence,KCF,,False,,,,,,274,136,24,55,,,,,,0,0,0,0,0,0,0,0,False,-1,17.602
2026-04-02T15:37:30.745,1218,sequence,KCF,,False,,,,,,273,137,25,55,,,,,,0,0,0,0,0,0,0,0,False,-1,15.772
2026-04-02T15:37:30.766,1219,sequence,KCF,,False,,,,,,273,137,25,55,,,,,,0,0,0,0,0,0,0,0,False,-1,18.72
2026-04-02T15:37:30.786,1220,sequence,KCF,,False,,,,,,274,137,24,54,,,,,,0,0,0,0,0,0,0,0,False,-1,16.799
2026-04-02T15:37:30.805,1221,sequence,KCF,,False,,,,,,274,138,24,54,,,,,,0,0,0,0,0,0,0,0,False,-1,15.538
2026-04-02T15:37:30.822,1222,sequence,KCF,,False,,,,,,274,139,24,53,,,,,,0,0,0,0,0,0,0,0,False,-1,14.031
2026-04-02T15:37:30.836,1223,sequence,KCF,,False,,,,,,275,139,24,54,,,,,,0,0,0,0,0,0,0,0,False,-1,12.592
2026-04-02T15:37:30.852,1224,sequence,KCF,,False,,,,,,276,139,22,55,,,,,,0,0,0,0,0,0,0,0,False,-1,13.92
2026-04-02T15:37:30.869,1225,sequence,KCF,,False,,,,,,276,139,22,56,,,,,,0,0,0,0,0,0,0,0,False,-1,13.976
2026-04-02T15:37:30.887,1226,sequence,KCF,,False,,,,,,276,139,22,55,,,,,,0,0,0,0,0,0,0,0,False,-1,14.473
2026-04-02T15:37:30.903,1227,sequence,KCF,,False,,,,,,276,139,22,55,,,,,,0,0,0,0,0,0,0,0,False,-1,13.84
2026-04-02T15:37:30.922,1228,sequence,KCF,,False,,,,,,276,139,22,54,,,,,,0,0,0,0,0,0,0,0,False,-1,15.747
2026-04-02T15:37:30.941,1229,sequence,KCF,,False,,,,,,278,141,22,53,,,,,,0,0,0,0,0,0,0,0,False,-1,16.249
2026-04-02T15:37:30.962,1230,sequence,KCF,,False,,,,,,278,141,23,52,,,,,,0,0,0,0,0,0,0,0,False,-1,17.622
2026-04-02T15:37:30.983,1231,sequence,KCF,,False,,,,,,279,143,24,51,,,,,,0,0,0,0,0,0,0,0,False,-1,17.534
2026-04-02T15:37:31.000,1232,sequence,KCF,,False,,,,,,280,143,24,51,,,,,,0,0,0,0,0,0,0,0,False,-1,14.002
2026-04-02T15:37:31.021,1233,sequence,KCF,,False,,,,,,280,142,24,51,,,,,,0,0,0,0,0,0,0,0,False,-1,17.291
2026-04-02T15:37:31.041,1234,sequence,KCF,,False,,,,,,281,142,24,51,,,,,,0,0,0,0,0,0,0,0,False,-1,17.239
2026-04-02T15:37:31.062,1235,sequence,KCF,,False,,,,,,283,143,24,51,,,,,,0,0,0,0,0,0,0,0,False,-1,18.044
2026-04-02T15:37:31.083,1236,sequence,KCF,,False,,,,,,285,143,24,51,,,,,,0,0,0,0,0,0,0,0,False,-1,17.619
2026-04-02T15:37:31.102,1237,sequence,KCF,,False,,,,,,287,143,24,51,,,,,,0,0,0,0,0,0,0,0,False,-1,15.863
2026-04-02T15:37:31.124,1238,sequence,KCF,,False,,,,,,288,144,24,51,,,,,,0,0,0,0,0,0,0,0,False,-1,17.585
2026-04-02T15:37:31.148,1239,sequence,KCF,,False,,,,,,289,144,24,52,,,,,,0,0,0,0,0,0,0,0,False,-1,21.508
2026-04-02T15:37:31.171,1240,sequence,KCF,,False,,,,,,290,145,24,52,,,,,,0,0,0,0,0,0,0,0,False,-1,18.909
2026-04-02T15:37:31.186,1241,sequence,KCF,,False,,,,,,290,145,24,52,,,,,,0,0,0,0,0,0,0,0,False,-1,13.036
2026-04-02T15:37:31.204,1242,sequence,KCF,,False,,,,,,291,145,24,51,,,,,,0,0,0,0,0,0,0,0,False,-1,14.421
2026-04-02T15:37:31.223,1243,sequence,KCF,,False,,,,,,292,145,24,51,,,,,,0,0,0,0,0,0,0,0,False,-1,15.228
2026-04-02T15:37:31.244,1244,sequence,KCF,,False,,,,,,292,145,23,52,,,,,,0,0,0,0,0,0,0,0,False,-1,18.598
2026-04-02T15:37:31.263,1245,sequence,KCF,,False,,,,,,294,145,22,52,,,,,,0,0,0,0,0,0,0,0,False,-1,15.534
2026-04-02T15:37:31.283,1246,sequence,KCF,,False,,,,,,295,145,22,53,,,,,,0,0,0,0,0,0,0,0,False,-1,17.175
2026-04-02T15:37:31.306,1247,sequence,KCF,,False,,,,,,296,146,21,52,,,,,,0,0,0,0,0,0,0,0,False,-1,19.131
2026-04-02T15:37:31.331,1248,sequence,KCF,,False,,,,,,296,147,20,52,,,,,,0,0,0,0,0,0,0,0,False,-1,19.616
2026-04-02T15:37:31.354,1249,sequence,KCF,,False,,,,,,297,147,20,51,,,,,,0,0,0,0,0,0,0,0,False,-1,20.736
2026-04-02T15:37:31.379,1250,sequence,KCF,,False,,,,,,298,147,20,52,,,,,,0,0,0,0,0,0,0,0,False,-1,19.47
2026-04-02T15:37:31.401,1251,sequence,KCF,,False,,,,,,298,147,20,52,,,,,,0,0,0,0,0,0,0,0,False,-1,18.748
2026-04-02T15:37:31.422,1252,sequence,KCF,,False,,,,,,298,147,20,53,,,,,,0,0,0,0,0,0,0,0,False,-1,16.866
2026-04-02T15:37:31.441,1253,sequence,KCF,,False,,,,,,298,148,20,52,,,,,,0,0,0,0,0,0,0,0,False,-1,16.645
2026-04-02T15:37:31.456,1254,sequence,KCF,,False,,,,,,298,149,22,52,,,,,,0,0,0,0,0,0,0,0,False,-1,12.579
2026-04-02T15:37:31.470,1255,sequence,KCF,,False,,,,,,297,150,22,51,,,,,,0,0,0,0,0,0,0,0,False,-1,11.903
2026-04-02T15:37:31.490,1256,sequence,KCF,,False,,,,,,298,150,22,51,,,,,,0,0,0,0,0,0,0,0,False,-1,16.555
2026-04-02T15:37:31.506,1257,sequence,KCF,,False,,,,,,298,149,22,51,,,,,,0,0,0,0,0,0,0,0,False,-1,13.273
2026-04-02T15:37:31.522,1258,sequence,KCF,,False,,,,,,298,149,22,51,,,,,,0,0,0,0,0,0,0,0,False,-1,14.574
2026-04-02T15:37:31.539,1259,sequence,KCF,,False,,,,,,298,150,22,51,,,,,,0,0,0,0,0,0,0,0,False,-1,14.233
2026-04-02T15:37:31.555,1260,sequence,KCF,,False,,,,,,299,151,22,52,,,,,,0,0,0,0,0,0,0,0,False,-1,13.161
2026-04-02T15:37:31.570,1261,sequence,KCF,,False,,,,,,300,151,23,52,,,,,,0,0,0,0,0,0,0,0,False,-1,12.557
2026-04-02T15:37:31.590,1262,sequence,KCF,,False,,,,,,300,151,22,53,,,,,,0,0,0,0,0,0,0,0,False,-1,15.33
2026-04-02T15:37:31.608,1263,sequence,KCF,,False,,,,,,301,152,22,53,,,,,,0,0,0,0,0,0,0,0,False,-1,16.298
2026-04-02T15:37:31.629,1264,sequence,KCF,,False,,,,,,302,152,21,53,,,,,,0,0,0,0,0,0,0,0,False,-1,17.67
2026-04-02T15:37:31.652,1265,sequence,KCF,,False,,,,,,302,152,22,53,,,,,,0,0,0,0,0,0,0,0,False,-1,19.363
2026-04-02T15:37:31.672,1266,sequence,KCF,,False,,,,,,302,153,22,53,,,,,,0,0,0,0,0,0,0,0,False,-1,15.656
2026-04-02T15:37:31.691,1267,sequence,KCF,,False,,,,,,302,153,23,52,,,,,,0,0,0,0,0,0,0,0,False,-1,15.537
2026-04-02T15:37:31.704,1268,sequence,KCF,,False,,,,,,302,153,23,52,,,,,,0,0,0,0,0,0,0,0,False,-1,11.553
2026-04-02T15:37:31.718,1269,sequence,KCF,,False,,,,,,304,153,23,52,,,,,,0,0,0,0,0,0,0,0,False,-1,11.161
2026-04-02T15:37:31.731,1270,sequence,KCF,,False,,,,,,305,153,23,52,,,,,,0,0,0,0,0,0,0,0,False,-1,10.821
2026-04-02T15:37:31.746,1271,sequence,KCF,,False,,,,,,306,154,22,52,,,,,,0,0,0,0,0,0,0,0,False,-1,12.963
2026-04-02T15:37:31.765,1272,sequence,KCF,,False,,,,,,306,154,22,52,,,,,,0,0,0,0,0,0,0,0,False,-1,15.429
2026-04-02T15:37:31.781,1273,sequence,KCF,,False,,,,,,307,155,22,52,,,,,,0,0,0,0,0,0,0,0,False,-1,14.157
2026-04-02T15:37:31.802,1274,sequence,KCF,,False,,,,,,308,155,22,52,,,,,,0,0,0,0,0,0,0,0,False,-1,17.319
2026-04-02T15:37:31.825,1275,sequence,KCF,,False,,,,,,308,155,22,51,,,,,,0,0,0,0,0,0,0,0,False,-1,19.397
2026-04-02T15:37:31.845,1276,sequence,KCF,,False,,,,,,308,155,22,51,,,,,,0,0,0,0,0,0,0,0,False,-1,15.422
2026-04-02T15:37:31.867,1277,sequence,KCF,,False,,,,,,308,155,22,51,,,,,,0,0,0,0,0,0,0,0,False,-1,19.396
2026-04-02T15:37:31.886,1278,sequence,KCF,,False,,,,,,309,155,22,51,,,,,,0,0,0,0,0,0,0,0,False,-1,16.132
2026-04-02T15:37:31.906,1279,sequence,KCF,,False,,,,,,309,155,23,51,,,,,,0,0,0,0,0,0,0,0,False,-1,16.186
2026-04-02T15:37:31.922,1280,sequence,KCF,,False,,,,,,310,155,23,51,,,,,,0,0,0,0,0,0,0,0,False,-1,12.604
2026-04-02T15:37:31.937,1281,sequence,KCF,,False,,,,,,310,155,23,51,,,,,,0,0,0,0,0,0,0,0,False,-1,12.83
2026-04-02T15:37:31.953,1282,sequence,KCF,,False,,,,,,312,155,23,51,,,,,,0,0,0,0,0,0,0,0,False,-1,13.46
2026-04-02T15:37:31.970,1283,sequence,KCF,,False,,,,,,313,155,24,51,,,,,,0,0,0,0,0,0,0,0,False,-1,14.811
2026-04-02T15:37:31.988,1284,sequence,KCF,,False,,,,,,314,155,24,51,,,,,,0,0,0,0,0,0,0,0,False,-1,14.598
2026-04-02T15:37:32.004,1285,sequence,KCF,,False,,,,,,316,155,24,51,,,,,,0,0,0,0,0,0,0,0,False,-1,13.073
2026-04-02T15:37:32.016,1286,sequence,KCF,,False,,,,,,317,155,24,51,,,,,,0,0,0,0,0,0,0,0,False,-1,10.054
2026-04-02T15:37:32.033,1287,sequence,KCF,,False,,,,,,318,155,24,51,,,,,,0,0,0,0,0,0,0,0,False,-1,14.709
2026-04-02T15:37:32.048,1288,sequence,KCF,,False,,,,,,319,155,24,51,,,,,,0,0,0,0,0,0,0,0,False,-1,12.421
2026-04-02T15:37:32.061,1289,sequence,KCF,,False,,,,,,321,155,24,51,,,,,,0,0,0,0,0,0,0,0,False,-1,11.139
2026-04-02T15:37:32.075,1290,sequence,KCF,,False,,,,,,322,155,24,50,,,,,,0,0,0,0,0,0,0,0,False,-1,11.634
2026-04-02T15:37:32.088,1291,sequence,KCF,,False,,,,,,324,156,24,49,,,,,,0,0,0,0,0,0,0,0,False,-1,10.753
2026-04-02T15:37:32.102,1292,sequence,KCF,,False,,,,,,326,156,23,49,,,,,,0,0,0,0,0,0,0,0,False,-1,12.359
2026-04-02T15:37:32.119,1293,sequence,KCF,,False,,,,,,326,157,22,49,,,,,,0,0,0,0,0,0,0,0,False,-1,14.162
2026-04-02T15:37:32.136,1294,sequence,KCF,,False,,,,,,328,157,22,49,,,,,,0,0,0,0,0,0,0,0,False,-1,14.268
2026-04-02T15:37:32.149,1295,sequence,KCF,,False,,,,,,328,157,22,49,,,,,,0,0,0,0,0,0,0,0,False,-1,10.56
2026-04-02T15:37:32.165,1296,sequence,KCF,,False,,,,,,328,157,22,49,,,,,,0,0,0,0,0,0,0,0,False,-1,13.243
2026-04-02T15:37:32.180,1297,sequence,KCF,,False,,,,,,329,158,22,49,,,,,,0,0,0,0,0,0,0,0,False,-1,11.987
2026-04-02T15:37:32.195,1298,sequence,KCF,,False,,,,,,330,159,22,49,,,,,,0,0,0,0,0,0,0,0,False,-1,11.949
2026-04-02T15:37:32.212,1299,sequence,KCF,,False,,,,,,330,159,22,49,,,,,,0,0,0,0,0,0,0,0,False,-1,14.305
2026-04-02T15:37:32.228,1300,sequence,KCF,,False,,,,,,331,160,22,48,,,,,,0,0,0,0,0,0,0,0,False,-1,14.021
2026-04-02T15:37:32.245,1301,sequence,KCF,,False,,,,,,332,161,22,48,,,,,,0,0,0,0,0,0,0,0,False,-1,13.419
2026-04-02T15:37:32.263,1302,sequence,KCF,,False,,,,,,332,161,22,48,,,,,,0,0,0,0,0,0,0,0,False,-1,14.994
2026-04-02T15:37:32.279,1303,sequence,KCF,,False,,,,,,334,161,22,48,,,,,,0,0,0,0,0,0,0,0,False,-1,14.489
2026-04-02T15:37:32.293,1304,sequence,KCF,,False,,,,,,334,162,21,47,,,,,,0,0,0,0,0,0,0,0,False,-1,11.374
2026-04-02T15:37:32.309,1305,sequence,KCF,,False,,,,,,336,163,20,47,,,,,,0,0,0,0,0,0,0,0,False,-1,13.513
2026-04-02T15:37:32.325,1306,sequence,KCF,,False,,,,,,336,163,20,47,,,,,,0,0,0,0,0,0,0,0,False,-1,14.151
2026-04-02T15:37:32.341,1307,sequence,KCF,,False,,,,,,337,163,20,47,,,,,,0,0,0,0,0,0,0,0,False,-1,12.821
2026-04-02T15:37:32.357,1308,sequence,KCF,,False,,,,,,338,164,20,47,,,,,,0,0,0,0,0,0,0,0,False,-1,14.489
2026-04-02T15:37:32.375,1309,sequence,KCF,,False,,,,,,338,164,20,47,,,,,,0,0,0,0,0,0,0,0,False,-1,15.505
2026-04-02T15:37:32.391,1310,sequence,KCF,,False,,,,,,340,165,20,47,,,,,,0,0,0,0,0,0,0,0,False,-1,12.405
2026-04-02T15:37:32.409,1311,sequence,KCF,,False,,,,,,340,165,20,47,,,,,,0,0,0,0,0,0,0,0,False,-1,15.11
2026-04-02T15:37:32.426,1312,sequence,KCF,,False,,,,,,341,165,20,47,,,,,,0,0,0,0,0,0,0,0,False,-1,14.464
2026-04-02T15:37:32.440,1313,sequence,KCF,,False,,,,,,342,165,21,47,,,,,,0,0,0,0,0,0,0,0,False,-1,11.92
2026-04-02T15:37:32.453,1314,sequence,KCF,,False,,,,,,342,165,22,48,,,,,,0,0,0,0,0,0,0,0,False,-1,11.206
2026-04-02T15:37:32.465,1315,sequence,KCF,,False,,,,,,344,164,22,49,,,,,,0,0,0,0,0,0,0,0,False,-1,10.466
2026-04-02T15:37:32.479,1316,sequence,KCF,,False,,,,,,344,163,22,49,,,,,,0,0,0,0,0,0,0,0,False,-1,11.643
2026-04-02T15:37:32.493,1317,sequence,KCF,,False,,,,,,344,163,23,49,,,,,,0,0,0,0,0,0,0,0,False,-1,12.011
2026-04-02T15:37:32.509,1318,sequence,KCF,,False,,,,,,345,163,23,50,,,,,,0,0,0,0,0,0,0,0,False,-1,14.485
2026-04-02T15:37:32.528,1319,sequence,KCF,,False,,,,,,346,163,22,51,,,,,,0,0,0,0,0,0,0,0,False,-1,16.205
2026-04-02T15:37:32.545,1320,sequence,KCF,,False,,,,,,346,162,22,51,,,,,,0,0,0,0,0,0,0,0,False,-1,14.153
2026-04-02T15:37:32.561,1321,sequence,KCF,,False,,,,,,347,162,22,52,,,,,,0,0,0,0,0,0,0,0,False,-1,13.041
2026-04-02T15:37:32.578,1322,sequence,KCF,,False,,,,,,348,162,22,53,,,,,,0,0,0,0,0,0,0,0,False,-1,14.493
2026-04-02T15:37:32.594,1323,sequence,KCF,,False,,,,,,348,161,21,53,,,,,,0,0,0,0,0,0,0,0,False,-1,13.516
2026-04-02T15:37:32.611,1324,sequence,KCF,,False,,,,,,349,161,20,53,,,,,,0,0,0,0,0,0,0,0,False,-1,15.234
2026-04-02T15:37:32.629,1325,sequence,KCF,,False,,,,,,350,161,20,54,,,,,,0,0,0,0,0,0,0,0,False,-1,14.82
2026-04-02T15:37:32.647,1326,sequence,KCF,,False,,,,,,350,161,20,55,,,,,,0,0,0,0,0,0,0,0,False,-1,13.813
2026-04-02T15:37:32.661,1327,sequence,KCF,,False,,,,,,351,161,20,55,,,,,,0,0,0,0,0,0,0,0,False,-1,11.525
2026-04-02T15:37:32.674,1328,sequence,KCF,,False,,,,,,352,161,20,55,,,,,,0,0,0,0,0,0,0,0,False,-1,11.562
2026-04-02T15:37:32.689,1329,sequence,KCF,,False,,,,,,352,162,20,55,,,,,,0,0,0,0,0,0,0,0,False,-1,12.228
2026-04-02T15:37:32.703,1330,sequence,KCF,,False,,,,,,353,162,20,55,,,,,,0,0,0,0,0,0,0,0,False,-1,11.673
2026-04-02T15:37:32.716,1331,sequence,KCF,,False,,,,,,354,162,20,55,,,,,,0,0,0,0,0,0,0,0,False,-1,11.108
2026-04-02T15:37:32.733,1332,sequence,KCF,,False,,,,,,354,163,20,55,,,,,,0,0,0,0,0,0,0,0,False,-1,13.881
2026-04-02T15:37:32.750,1333,sequence,KCF,,False,,,,,,355,163,20,55,,,,,,0,0,0,0,0,0,0,0,False,-1,15.471
2026-04-02T15:37:32.766,1334,sequence,KCF,,False,,,,,,356,163,20,55,,,,,,0,0,0,0,0,0,0,0,False,-1,12.531
2026-04-02T15:37:32.781,1335,sequence,KCF,,False,,,,,,356,164,20,55,,,,,,0,0,0,0,0,0,0,0,False,-1,13.094
2026-04-02T15:37:32.798,1336,sequence,KCF,,False,,,,,,357,165,20,55,,,,,,0,0,0,0,0,0,0,0,False,-1,14.044
2026-04-02T15:37:32.818,1337,sequence,KCF,,False,,,,,,358,165,20,55,,,,,,0,0,0,0,0,0,0,0,False,-1,15.711
2026-04-02T15:37:32.834,1338,sequence,KCF,,False,,,,,,358,165,20,55,,,,,,0,0,0,0,0,0,0,0,False,-1,14.812
2026-04-02T15:37:32.853,1339,sequence,KCF,,False,,,,,,358,165,20,55,,,,,,0,0,0,0,0,0,0,0,False,-1,15.287
2026-04-02T15:37:32.873,1340,sequence,KCF,,False,,,,,,358,165,20,55,,,,,,0,0,0,0,0,0,0,0,False,-1,16.482
2026-04-02T15:37:32.892,1341,sequence,KCF,,False,,,,,,359,164,20,56,,,,,,0,0,0,0,0,0,0,0,False,-1,15.039
2026-04-02T15:37:32.908,1342,sequence,KCF,,False,,,,,,360,164,20,56,,,,,,0,0,0,0,0,0,0,0,False,-1,12.94
2026-04-02T15:37:32.925,1343,sequence,KCF,,False,,,,,,360,165,20,56,,,,,,0,0,0,0,0,0,0,0,False,-1,15.735
2026-04-02T15:37:32.945,1344,sequence,KCF,,False,,,,,,361,165,20,56,,,,,,0,0,0,0,0,0,0,0,False,-1,15.584
2026-04-02T15:37:32.963,1345,sequence,KCF,,False,,,,,,362,165,20,56,,,,,,0,0,0,0,0,0,0,0,False,-1,15.643
2026-04-02T15:37:32.981,1346,sequence,KCF,,False,,,,,,362,165,20,56,,,,,,0,0,0,0,0,0,0,0,False,-1,14.841
2026-04-02T15:37:32.998,1347,sequence,KCF,,False,,,,,,362,166,20,56,,,,,,0,0,0,0,0,0,0,0,False,-1,13.447
2026-04-02T15:37:33.013,1348,sequence,KCF,,False,,,,,,362,166,20,56,,,,,,0,0,0,0,0,0,0,0,False,-1,13.345
2026-04-02T15:37:33.027,1349,sequence,KCF,,False,,,,,,364,166,20,56,,,,,,0,0,0,0,0,0,0,0,False,-1,11.406
2026-04-02T15:37:33.039,1350,sequence,KCF,,False,,,,,,364,165,21,56,,,,,,0,0,0,0,0,0,0,0,False,-1,10.815
2026-04-02T15:37:33.055,1351,sequence,KCF,,False,,,,,,366,165,21,56,,,,,,0,0,0,0,0,0,0,0,False,-1,12.878
2026-04-02T15:37:33.071,1352,sequence,KCF,,False,,,,,,366,165,21,56,,,,,,0,0,0,0,0,0,0,0,False,-1,13.76
2026-04-02T15:37:33.088,1353,sequence,KCF,,False,,,,,,367,166,20,56,,,,,,0,0,0,0,0,0,0,0,False,-1,13.798
2026-04-02T15:37:33.104,1354,sequence,KCF,,False,,,,,,368,166,20,56,,,,,,0,0,0,0,0,0,0,0,False,-1,13.075
2026-04-02T15:37:33.118,1355,sequence,KCF,,False,,,,,,368,166,20,56,,,,,,0,0,0,0,0,0,0,0,False,-1,11.556
2026-04-02T15:37:33.131,1356,sequence,KCF,,False,,,,,,369,166,20,57,,,,,,0,0,0,0,0,0,0,0,False,-1,11.156
2026-04-02T15:37:33.143,1357,sequence,KCF,,False,,,,,,370,166,20,57,,,,,,0,0,0,0,0,0,0,0,False,-1,9.764
2026-04-02T15:37:33.156,1358,sequence,KCF,,False,,,,,,370,166,20,57,,,,,,0,0,0,0,0,0,0,0,False,-1,10.585
2026-04-02T15:37:33.174,1359,sequence,KCF,,False,,,,,,372,167,20,57,,,,,,0,0,0,0,0,0,0,0,False,-1,15.707
2026-04-02T15:37:33.188,1360,sequence,KCF,,False,,,,,,372,167,20,58,,,,,,0,0,0,0,0,0,0,0,False,-1,11.362
2026-04-02T15:37:33.200,1361,sequence,KCF,,False,,,,,,372,167,20,58,,,,,,0,0,0,0,0,0,0,0,False,-1,10.342
2026-04-02T15:37:33.215,1362,sequence,KCF,,False,,,,,,373,167,20,58,,,,,,0,0,0,0,0,0,0,0,False,-1,12.184
2026-04-02T15:37:33.230,1363,sequence,KCF,,False,,,,,,373,167,20,58,,,,,,0,0,0,0,0,0,0,0,False,-1,12.904
2026-04-02T15:37:33.245,1364,sequence,KCF,,False,,,,,,373,167,20,58,,,,,,0,0,0,0,0,0,0,0,False,-1,13.069
2026-04-02T15:37:33.261,1365,sequence,KCF,,False,,,,,,374,167,20,59,,,,,,0,0,0,0,0,0,0,0,False,-1,12.871
2026-04-02T15:37:33.281,1366,sequence,KCF,,False,,,,,,374,167,21,59,,,,,,0,0,0,0,0,0,0,0,False,-1,16.492
2026-04-02T15:37:33.304,1367,sequence,KCF,,False,,,,,,374,167,21,59,,,,,,0,0,0,0,0,0,0,0,False,-1,19.265
2026-04-02T15:37:33.325,1368,sequence,KCF,,False,,,,,,374,167,21,59,,,,,,0,0,0,0,0,0,0,0,False,-1,18.452
2026-04-02T15:37:33.345,1369,sequence,KCF,,False,,,,,,374,168,21,59,,,,,,0,0,0,0,0,0,0,0,False,-1,16.769
2026-04-02T15:37:33.360,1370,sequence,KCF,,False,,,,,,375,168,21,59,,,,,,0,0,0,0,0,0,0,0,False,-1,11.948
2026-04-02T15:37:33.377,1371,sequence,KCF,,False,,,,,,376,169,21,59,,,,,,0,0,0,0,0,0,0,0,False,-1,13.77
2026-04-02T15:37:33.391,1372,sequence,KCF,,False,,,,,,376,169,21,59,,,,,,0,0,0,0,0,0,0,0,False,-1,11.673
2026-04-02T15:37:33.407,1373,sequence,KCF,,False,,,,,,377,169,21,59,,,,,,0,0,0,0,0,0,0,0,False,-1,14.005
2026-04-02T15:37:33.423,1374,sequence,KCF,,False,,,,,,378,169,20,59,,,,,,0,0,0,0,0,0,0,0,False,-1,13.05
2026-04-02T15:37:33.439,1375,sequence,KCF,,False,,,,,,378,169,20,59,,,,,,0,0,0,0,0,0,0,0,False,-1,13.601
2026-04-02T15:37:33.457,1376,sequence,KCF,,False,,,,,,379,169,20,59,,,,,,0,0,0,0,0,0,0,0,False,-1,14.338
2026-04-02T15:37:33.472,1377,sequence,KCF,,False,,,,,,380,169,20,59,,,,,,0,0,0,0,0,0,0,0,False,-1,12.394
2026-04-02T15:37:33.488,1378,sequence,KCF,,False,,,,,,380,169,20,59,,,,,,0,0,0,0,0,0,0,0,False,-1,13.919
2026-04-02T15:37:33.506,1379,sequence,KCF,,False,,,,,,380,169,20,59,,,,,,0,0,0,0,0,0,0,0,False,-1,14.338
2026-04-02T15:37:33.523,1380,sequence,KCF,,False,,,,,,380,169,20,59,,,,,,0,0,0,0,0,0,0,0,False,-1,13.988
2026-04-02T15:37:33.543,1381,sequence,KCF,,False,,,,,,380,169,20,59,,,,,,0,0,0,0,0,0,0,0,False,-1,16.914
2026-04-02T15:37:33.562,1382,sequence,KCF,,False,,,,,,380,169,20,59,,,,,,0,0,0,0,0,0,0,0,False,-1,15.271
2026-04-02T15:37:33.580,1383,sequence,KCF,,False,,,,,,381,169,20,59,,,,,,0,0,0,0,0,0,0,0,False,-1,15.879
2026-04-02T15:37:33.595,1384,sequence,KCF,,False,,,,,,381,169,20,59,,,,,,0,0,0,0,0,0,0,0,False,-1,12.3
2026-04-02T15:37:33.614,1385,sequence,KCF,,False,,,,,,382,169,20,59,,,,,,0,0,0,0,0,0,0,0,False,-1,15.745
2026-04-02T15:37:33.634,1386,sequence,KCF,,False,,,,,,382,170,20,59,,,,,,0,0,0,0,0,0,0,0,False,-1,16.447
2026-04-02T15:37:33.652,1387,sequence,KCF,,False,,,,,,383,170,20,59,,,,,,0,0,0,0,0,0,0,0,False,-1,14.545
2026-04-02T15:37:33.667,1388,sequence,KCF,,False,,,,,,384,170,20,59,,,,,,0,0,0,0,0,0,0,0,False,-1,12.362
2026-04-02T15:37:33.681,1389,sequence,KCF,,False,,,,,,384,171,20,59,,,,,,0,0,0,0,0,0,0,0,False,-1,11.715
2026-04-02T15:37:33.699,1390,sequence,KCF,,False,,,,,,386,171,20,59,,,,,,0,0,0,0,0,0,0,0,False,-1,15.009
2026-04-02T15:37:33.718,1391,sequence,KCF,,False,,,,,,386,171,20,59,,,,,,0,0,0,0,0,0,0,0,False,-1,15.427
2026-04-02T15:37:33.732,1392,sequence,KCF,,False,,,,,,386,171,20,59,,,,,,0,0,0,0,0,0,0,0,False,-1,12.094
2026-04-02T15:37:33.748,1393,sequence,KCF,,False,,,,,,387,171,20,59,,,,,,0,0,0,0,0,0,0,0,False,-1,14.04
2026-04-02T15:37:33.765,1394,sequence,KCF,,False,,,,,,388,171,20,59,,,,,,0,0,0,0,0,0,0,0,False,-1,12.506
2026-04-02T15:37:33.781,1395,sequence,KCF,,False,,,,,,388,171,20,59,,,,,,0,0,0,0,0,0,0,0,False,-1,13.345
2026-04-02T15:37:33.798,1396,sequence,KCF,,False,,,,,,388,171,20,60,,,,,,0,0,0,0,0,0,0,0,False,-1,14.353
2026-04-02T15:37:33.814,1397,sequence,KCF,,False,,,,,,388,171,20,60,,,,,,0,0,0,0,0,0,0,0,False,-1,13.344
2026-04-02T15:37:33.828,1398,sequence,KCF,,False,,,,,,389,172,20,60,,,,,,0,0,0,0,0,0,0,0,False,-1,12.423
2026-04-02T15:37:33.843,1399,sequence,KCF,,False,,,,,,390,172,20,60,,,,,,0,0,0,0,0,0,0,0,False,-1,12.36
2026-04-02T15:37:33.858,1400,sequence,KCF,,False,,,,,,390,172,21,60,,,,,,0,0,0,0,0,0,0,0,False,-1,12.569
2026-04-02T15:37:33.875,1401,sequence,KCF,,False,,,,,,390,172,22,60,,,,,,0,0,0,0,0,0,0,0,False,-1,14.021
2026-04-02T15:37:33.895,1402,sequence,KCF,,False,,,,,,390,172,22,60,,,,,,0,0,0,0,0,0,0,0,False,-1,16.802
2026-04-02T15:37:33.916,1403,sequence,KCF,,False,,,,,,391,173,22,60,,,,,,0,0,0,0,0,0,0,0,False,-1,18.939
2026-04-02T15:37:33.936,1404,sequence,KCF,,False,,,,,,392,174,22,60,,,,,,0,0,0,0,0,0,0,0,False,-1,15.954
2026-04-02T15:37:33.950,1405,sequence,KCF,,False,,,,,,392,175,22,60,,,,,,0,0,0,0,0,0,0,0,False,-1,11.632
2026-04-02T15:37:33.965,1406,sequence,KCF,,False,,,,,,394,175,22,59,,,,,,0,0,0,0,0,0,0,0,False,-1,11.84
2026-04-02T15:37:33.983,1407,sequence,KCF,,False,,,,,,394,175,21,59,,,,,,0,0,0,0,0,0,0,0,False,-1,15.533
2026-04-02T15:37:34.001,1408,sequence,KCF,,False,,,,,,395,175,20,58,,,,,,0,0,0,0,0,0,0,0,False,-1,16.079
2026-04-02T15:37:34.018,1409,sequence,KCF,,False,,,,,,396,175,20,58,,,,,,0,0,0,0,0,0,0,0,False,-1,13.726
2026-04-02T15:37:34.031,1410,sequence,KCF,,False,,,,,,396,176,20,58,,,,,,0,0,0,0,0,0,0,0,False,-1,10.232
2026-04-02T15:37:34.043,1411,sequence,KCF,,False,,,,,,397,176,20,58,,,,,,0,0,0,0,0,0,0,0,False,-1,9.378
2026-04-02T15:37:34.055,1412,sequence,KCF,,False,,,,,,397,176,20,58,,,,,,0,0,0,0,0,0,0,0,False,-1,10.211
2026-04-02T15:37:34.068,1413,sequence,KCF,,False,,,,,,397,176,20,58,,,,,,0,0,0,0,0,0,0,0,False,-1,11.328
2026-04-02T15:37:34.084,1414,sequence,KCF,,False,,,,,,397,176,20,58,,,,,,0,0,0,0,0,0,0,0,False,-1,13.392
2026-04-02T15:37:34.099,1415,sequence,KCF,,False,,,,,,397,176,20,59,,,,,,0,0,0,0,0,0,0,0,False,-1,12.585
2026-04-02T15:37:34.116,1416,sequence,KCF,,False,,,,,,397,176,20,59,,,,,,0,0,0,0,0,0,0,0,False,-1,13.977
2026-04-02T15:37:34.132,1417,sequence,KCF,,False,,,,,,397,176,20,60,,,,,,0,0,0,0,0,0,0,0,False,-1,13.877
2026-04-02T15:37:34.146,1418,sequence,KCF,,False,,,,,,397,177,20,60,,,,,,0,0,0,0,0,0,0,0,False,-1,10.841
2026-04-02T15:37:34.159,1419,sequence,KCF,,False,,,,,,397,177,20,60,,,,,,0,0,0,0,0,0,0,0,False,-1,10.348
2026-04-02T15:37:34.173,1420,sequence,KCF,,False,,,,,,397,177,20,60,,,,,,0,0,0,0,0,0,0,0,False,-1,11.689
2026-04-02T15:37:34.187,1421,sequence,KCF,,False,,,,,,397,177,20,60,,,,,,0,0,0,0,0,0,0,0,False,-1,11.538
2026-04-02T15:37:34.202,1422,sequence,KCF,,False,,,,,,397,177,20,60,,,,,,0,0,0,0,0,0,0,0,False,-1,12.372
2026-04-02T15:37:34.218,1423,sequence,KCF,,False,,,,,,397,177,20,60,,,,,,0,0,0,0,0,0,0,0,False,-1,14.367
2026-04-02T15:37:34.238,1424,sequence,KCF,,False,,,,,,396,178,20,60,,,,,,0,0,0,0,0,0,0,0,False,-1,16.516
2026-04-02T15:37:34.260,1425,sequence,KCF,,False,,,,,,396,179,20,60,,,,,,0,0,0,0,0,0,0,0,False,-1,18.384
2026-04-02T15:37:34.282,1426,sequence,KCF,,False,,,,,,396,179,20,60,,,,,,0,0,0,0,0,0,0,0,False,-1,18.851
2026-04-02T15:37:34.307,1427,sequence,KCF,,False,,,,,,395,180,20,60,,,,,,0,0,0,0,0,0,0,0,False,-1,20.743
2026-04-02T15:37:34.325,1428,sequence,KCF,,False,,,,,,394,180,20,60,,,,,,0,0,0,0,0,0,0,0,False,-1,15.241
2026-04-02T15:37:34.344,1429,sequence,KCF,,False,,,,,,394,181,20,60,,,,,,0,0,0,0,0,0,0,0,False,-1,15.47
2026-04-02T15:37:34.362,1430,sequence,KCF,,False,,,,,,393,181,21,60,,,,,,0,0,0,0,0,0,0,0,False,-1,14.39
2026-04-02T15:37:34.385,1431,sequence,KCF,,False,,,,,,393,181,22,60,,,,,,0,0,0,0,0,0,0,0,False,-1,19.413
2026-04-02T15:37:34.405,1432,sequence,KCF,,False,,,,,,392,181,22,60,,,,,,0,0,0,0,0,0,0,0,False,-1,15.343
2026-04-02T15:37:34.423,1433,sequence,KCF,,False,,,,,,392,181,22,60,,,,,,0,0,0,0,0,0,0,0,False,-1,15.519
2026-04-02T15:37:34.447,1434,sequence,KCF,,False,,,,,,392,181,22,60,,,,,,0,0,0,0,0,0,0,0,False,-1,19.918
2026-04-02T15:37:34.469,1435,sequence,KCF,,False,,,,,,392,181,22,60,,,,,,0,0,0,0,0,0,0,0,False,-1,18.272
2026-04-02T15:37:34.484,1436,sequence,KCF,,False,,,,,,392,181,22,60,,,,,,0,0,0,0,0,0,0,0,False,-1,12.51
2026-04-02T15:37:34.504,1437,sequence,KCF,,False,,,,,,392,181,21,60,,,,,,0,0,0,0,0,0,0,0,False,-1,15.809
2026-04-02T15:37:34.525,1438,sequence,KCF,,False,,,,,,392,181,20,60,,,,,,0,0,0,0,0,0,0,0,False,-1,18.05
2026-04-02T15:37:34.542,1439,sequence,KCF,,False,,,,,,391,182,20,60,,,,,,0,0,0,0,0,0,0,0,False,-1,14.297
2026-04-02T15:37:34.561,1440,sequence,KCF,,False,,,,,,391,183,20,61,,,,,,0,0,0,0,0,0,0,0,False,-1,15.735
2026-04-02T15:37:34.578,1441,sequence,KCF,,False,,,,,,390,183,20,61,,,,,,0,0,0,0,0,0,0,0,False,-1,14.212
2026-04-02T15:37:34.595,1442,sequence,KCF,,False,,,,,,390,183,20,61,,,,,,0,0,0,0,0,0,0,0,False,-1,13.652
2026-04-02T15:37:34.608,1443,sequence,KCF,,False,,,,,,390,184,20,61,,,,,,0,0,0,0,0,0,0,0,False,-1,11.802
2026-04-02T15:37:34.624,1444,sequence,KCF,,False,,,,,,390,184,20,61,,,,,,0,0,0,0,0,0,0,0,False,-1,13.687
2026-04-02T15:37:34.639,1445,sequence,KCF,,False,,,,,,389,184,20,61,,,,,,0,0,0,0,0,0,0,0,False,-1,12.403
2026-04-02T15:37:34.658,1446,sequence,KCF,,False,,,,,,388,185,20,61,,,,,,0,0,0,0,0,0,0,0,False,-1,15.239
2026-04-02T15:37:34.677,1447,sequence,KCF,,False,,,,,,388,185,20,61,,,,,,0,0,0,0,0,0,0,0,False,-1,15.948
2026-04-02T15:37:34.696,1448,sequence,KCF,,False,,,,,,388,185,20,61,,,,,,0,0,0,0,0,0,0,0,False,-1,17.403
2026-04-02T15:37:34.718,1449,sequence,KCF,,False,,,,,,388,185,20,61,,,,,,0,0,0,0,0,0,0,0,False,-1,17.659
2026-04-02T15:37:34.743,1450,sequence,KCF,,False,,,,,,388,185,20,62,,,,,,0,0,0,0,0,0,0,0,False,-1,21.823
2026-04-02T15:37:34.767,1451,sequence,KCF,,False,,,,,,387,186,20,62,,,,,,0,0,0,0,0,0,0,0,False,-1,18.573
2026-04-02T15:37:34.783,1452,sequence,KCF,,False,,,,,,386,186,21,62,,,,,,0,0,0,0,0,0,0,0,False,-1,12.903
2026-04-02T15:37:34.793,1453,sequence,KCF,,False,,,,,,386,187,21,62,,,,,,0,0,0,0,0,0,0,0,False,-1,9.315
2026-04-02T15:37:34.806,1454,sequence,KCF,,False,,,,,,386,187,21,62,,,,,,0,0,0,0,0,0,0,0,False,-1,10.184
2026-04-02T15:37:34.820,1455,sequence,KCF,,False,,,,,,386,187,21,62,,,,,,0,0,0,0,0,0,0,0,False,-1,11.669
2026-04-02T15:37:34.837,1456,sequence,KCF,,False,,,,,,385,187,21,62,,,,,,0,0,0,0,0,0,0,0,False,-1,15.053
2026-04-02T15:37:34.856,1457,sequence,KCF,,False,,,,,,384,188,21,62,,,,,,0,0,0,0,0,0,0,0,False,-1,15.271
2026-04-02T15:37:34.873,1458,sequence,KCF,,False,,,,,,384,188,21,62,,,,,,0,0,0,0,0,0,0,0,False,-1,15.093
2026-04-02T15:37:34.894,1459,sequence,KCF,,False,,,,,,384,189,21,62,,,,,,0,0,0,0,0,0,0,0,False,-1,17.194
2026-04-02T15:37:34.913,1460,sequence,KCF,,False,,,,,,383,189,21,62,,,,,,0,0,0,0,0,0,0,0,False,-1,16.19
2026-04-02T15:37:34.932,1461,sequence,KCF,,False,,,,,,383,189,21,62,,,,,,0,0,0,0,0,0,0,0,False,-1,15.778
2026-04-02T15:37:34.954,1462,sequence,KCF,,False,,,,,,382,190,21,62,,,,,,0,0,0,0,0,0,0,0,False,-1,18.319
2026-04-02T15:37:34.973,1463,sequence,KCF,,False,,,,,,382,191,21,62,,,,,,0,0,0,0,0,0,0,0,False,-1,16.621
2026-04-02T15:37:34.993,1464,sequence,KCF,,False,,,,,,382,191,21,62,,,,,,0,0,0,0,0,0,0,0,False,-1,16.389
2026-04-02T15:37:35.015,1465,sequence,KCF,,False,,,,,,382,191,21,62,,,,,,0,0,0,0,0,0,0,0,False,-1,18.577
2026-04-02T15:37:35.042,1466,sequence,KCF,,False,,,,,,382,191,21,62,,,,,,0,0,0,0,0,0,0,0,False,-1,21.975
2026-04-02T15:37:35.064,1467,sequence,KCF,,False,,,,,,382,192,21,63,,,,,,0,0,0,0,0,0,0,0,False,-1,17.282
2026-04-02T15:37:35.083,1468,sequence,KCF,,False,,,,,,382,192,21,63,,,,,,0,0,0,0,0,0,0,0,False,-1,17.716
2026-04-02T15:37:35.104,1469,sequence,KCF,,False,,,,,,382,193,21,63,,,,,,0,0,0,0,0,0,0,0,False,-1,16.712
2026-04-02T15:37:35.123,1470,sequence,KCF,,False,,,,,,382,193,21,63,,,,,,0,0,0,0,0,0,0,0,False,-1,15.892
2026-04-02T15:37:35.144,1471,sequence,KCF,,False,,,,,,382,194,21,63,,,,,,0,0,0,0,0,0,0,0,False,-1,17.134
2026-04-02T15:37:35.162,1472,sequence,KCF,,False,,,,,,382,195,21,63,,,,,,0,0,0,0,0,0,0,0,False,-1,14.607
2026-04-02T15:37:35.177,1473,sequence,KCF,,False,,,,,,382,195,21,63,,,,,,0,0,0,0,0,0,0,0,False,-1,13.557
2026-04-02T15:37:35.194,1474,sequence,KCF,,False,,,,,,382,195,21,63,,,,,,0,0,0,0,0,0,0,0,False,-1,13.596
2026-04-02T15:37:35.211,1475,sequence,KCF,,False,,,,,,382,196,21,63,,,,,,0,0,0,0,0,0,0,0,False,-1,14.184
2026-04-02T15:37:35.226,1476,sequence,KCF,,False,,,,,,381,196,20,63,,,,,,0,0,0,0,0,0,0,0,False,-1,12.684
2026-04-02T15:37:35.240,1477,sequence,KCF,,False,,,,,,381,197,20,63,,,,,,0,0,0,0,0,0,0,0,False,-1,11.856
2026-04-02T15:37:35.256,1478,sequence,KCF,,False,,,,,,381,197,20,64,,,,,,0,0,0,0,0,0,0,0,False,-1,12.591
2026-04-02T15:37:35.270,1479,sequence,KCF,,False,,,,,,381,197,20,64,,,,,,0,0,0,0,0,0,0,0,False,-1,12.065
2026-04-02T15:37:35.288,1480,sequence,KCF,,False,,,,,,381,197,20,65,,,,,,0,0,0,0,0,0,0,0,False,-1,14.002
2026-04-02T15:37:35.304,1481,sequence,KCF,,False,,,,,,381,198,20,65,,,,,,0,0,0,0,0,0,0,0,False,-1,13.006
2026-04-02T15:37:35.319,1482,sequence,KCF,,False,,,,,,382,199,21,65,,,,,,0,0,0,0,0,0,0,0,False,-1,12.584
2026-04-02T15:37:35.335,1483,sequence,KCF,,False,,,,,,382,199,21,65,,,,,,0,0,0,0,0,0,0,0,False,-1,14.02
2026-04-02T15:37:35.354,1484,sequence,KCF,,False,,,,,,382,200,21,65,,,,,,0,0,0,0,0,0,0,0,False,-1,16.21
2026-04-02T15:37:35.374,1485,sequence,KCF,,False,,,,,,381,200,21,65,,,,,,0,0,0,0,0,0,0,0,False,-1,16.689
2026-04-02T15:37:35.395,1486,sequence,KCF,,False,,,,,,381,201,21,65,,,,,,0,0,0,0,0,0,0,0,False,-1,17.56
2026-04-02T15:37:35.416,1487,sequence,KCF,,False,,,,,,381,201,21,66,,,,,,0,0,0,0,0,0,0,0,False,-1,17.247
2026-04-02T15:37:35.434,1488,sequence,KCF,,False,,,,,,381,201,21,66,,,,,,0,0,0,0,0,0,0,0,False,-1,15.429
2026-04-02T15:37:35.452,1489,sequence,KCF,,False,,,,,,381,202,21,67,,,,,,0,0,0,0,0,0,0,0,False,-1,15.15
2026-04-02T15:37:35.468,1490,sequence,KCF,,False,,,,,,381,203,21,67,,,,,,0,0,0,0,0,0,0,0,False,-1,12.695
2026-04-02T15:37:35.482,1491,sequence,KCF,,False,,,,,,381,203,21,67,,,,,,0,0,0,0,0,0,0,0,False,-1,11.487
2026-04-02T15:37:35.497,1492,sequence,KCF,,False,,,,,,381,203,21,67,,,,,,0,0,0,0,0,0,0,0,False,-1,12.572
2026-04-02T15:37:35.513,1493,sequence,KCF,,False,,,,,,382,204,21,67,,,,,,0,0,0,0,0,0,0,0,False,-1,13.906
2026-04-02T15:37:35.525,1494,sequence,KCF,,False,,,,,,382,204,21,67,,,,,,0,0,0,0,0,0,0,0,False,-1,10.12
2026-04-02T15:37:35.539,1495,sequence,KCF,,False,,,,,,382,205,21,67,,,,,,0,0,0,0,0,0,0,0,False,-1,11.584
2026-04-02T15:37:35.553,1496,sequence,KCF,,False,,,,,,383,205,21,67,,,,,,0,0,0,0,0,0,0,0,False,-1,11.858
2026-04-02T15:37:35.566,1497,sequence,KCF,,False,,,,,,383,205,21,67,,,,,,0,0,0,0,0,0,0,0,False,-1,11.122
2026-04-02T15:37:35.579,1498,sequence,KCF,,False,,,,,,384,205,21,67,,,,,,0,0,0,0,0,0,0,0,False,-1,11.178
2026-04-02T15:37:35.593,1499,sequence,KCF,,False,,,,,,384,205,21,67,,,,,,0,0,0,0,0,0,0,0,False,-1,11.92
2026-04-02T15:37:35.605,1500,sequence,KCF,,False,,,,,,384,206,21,67,,,,,,0,0,0,0,0,0,0,0,False,-1,9.766
2026-04-02T15:37:35.617,1501,sequence,KCF,,False,,,,,,384,206,21,67,,,,,,0,0,0,0,0,0,0,0,False,-1,10.103
2026-04-02T15:37:35.629,1502,sequence,KCF,,False,,,,,,384,207,21,67,,,,,,0,0,0,0,0,0,0,0,False,-1,10.094
2026-04-02T15:37:35.640,1503,sequence,KCF,,False,,,,,,384,207,21,67,,,,,,0,0,0,0,0,0,0,0,False,-1,9.111
2026-04-02T15:37:35.652,1504,sequence,KCF,,False,,,,,,384,207,21,67,,,,,,0,0,0,0,0,0,0,0,False,-1,10.231
2026-04-02T15:37:35.665,1505,sequence,KCF,,False,,,,,,384,208,21,67,,,,,,0,0,0,0,0,0,0,0,False,-1,10.966
2026-04-02T15:37:35.678,1506,sequence,KCF,,False,,,,,,384,208,22,67,,,,,,0,0,0,0,0,0,0,0,False,-1,10.668
2026-04-02T15:37:35.689,1507,sequence,KCF,,False,,,,,,384,209,22,67,,,,,,0,0,0,0,0,0,0,0,False,-1,9.519
2026-04-02T15:37:35.701,1508,sequence,KCF,,False,,,,,,384,208,22,68,,,,,,0,0,0,0,0,0,0,0,False,-1,10.399
2026-04-02T15:37:35.713,1509,sequence,KCF,,False,,,,,,384,208,23,69,,,,,,0,0,0,0,0,0,0,0,False,-1,9.442
2026-04-02T15:37:35.725,1510,sequence,KCF,,False,,,,,,383,207,24,71,,,,,,0,0,0,0,0,0,0,0,False,-1,9.77
2026-04-02T15:37:35.736,1511,sequence,KCF,,False,,,,,,384,208,24,71,,,,,,0,0,0,0,0,0,0,0,False,-1,9.04
2026-04-02T15:37:35.748,1512,sequence,KCF,,False,,,,,,384,208,23,71,,,,,,0,0,0,0,0,0,0,0,False,-1,9.752
2026-04-02T15:37:35.760,1513,sequence,KCF,,False,,,,,,384,209,22,71,,,,,,0,0,0,0,0,0,0,0,False,-1,10.15
2026-04-02T15:37:35.776,1514,sequence,KCF,,False,,,,,,384,209,22,71,,,,,,0,0,0,0,0,0,0,0,False,-1,13.145
2026-04-02T15:37:35.793,1515,sequence,KCF,,False,,,,,,384,209,22,71,,,,,,0,0,0,0,0,0,0,0,False,-1,14.464
2026-04-02T15:37:35.811,1516,sequence,KCF,,False,,,,,,384,209,22,71,,,,,,0,0,0,0,0,0,0,0,False,-1,14.486
2026-04-02T15:37:35.828,1517,sequence,KCF,,False,,,,,,384,209,22,71,,,,,,0,0,0,0,0,0,0,0,False,-1,15.19
2026-04-02T15:37:35.848,1518,sequence,KCF,,False,,,,,,384,208,22,71,,,,,,0,0,0,0,0,0,0,0,False,-1,15.739
2026-04-02T15:37:35.862,1519,sequence,KCF,,False,,,,,,384,208,22,71,,,,,,0,0,0,0,0,0,0,0,False,-1,12.05
2026-04-02T15:37:35.878,1520,sequence,KCF,,False,,,,,,384,208,22,71,,,,,,0,0,0,0,0,0,0,0,False,-1,12.866
2026-04-02T15:37:35.898,1521,sequence,KCF,,False,,,,,,383,208,22,71,,,,,,0,0,0,0,0,0,0,0,False,-1,17.282
2026-04-02T15:37:35.920,1522,sequence,KCF,,False,,,,,,383,208,22,71,,,,,,0,0,0,0,0,0,0,0,False,-1,19.609
2026-04-02T15:37:35.943,1523,sequence,KCF,,False,,,,,,383,208,22,71,,,,,,0,0,0,0,0,0,0,0,False,-1,18.514
2026-04-02T15:37:35.962,1524,sequence,KCF,,False,,,,,,382,208,22,71,,,,,,0,0,0,0,0,0,0,0,False,-1,15.84
2026-04-02T15:37:35.982,1525,sequence,KCF,,False,,,,,,382,208,22,71,,,,,,0,0,0,0,0,0,0,0,False,-1,16.076
2026-04-02T15:37:36.005,1526,sequence,KCF,,False,,,,,,382,208,22,71,,,,,,0,0,0,0,0,0,0,0,False,-1,18.975
2026-04-02T15:37:36.024,1527,sequence,KCF,,False,,,,,,382,208,22,71,,,,,,0,0,0,0,0,0,0,0,False,-1,16.876
2026-04-02T15:37:36.044,1528,sequence,KCF,,False,,,,,,382,208,22,71,,,,,,0,0,0,0,0,0,0,0,False,-1,16.822
2026-04-02T15:37:36.068,1529,sequence,KCF,,False,,,,,,382,208,22,71,,,,,,0,0,0,0,0,0,0,0,False,-1,19.689
2026-04-02T15:37:36.085,1530,sequence,KCF,,False,,,,,,382,208,22,71,,,,,,0,0,0,0,0,0,0,0,False,-1,13.095
2026-04-02T15:37:36.103,1531,sequence,KCF,,False,,,,,,382,208,22,71,,,,,,0,0,0,0,0,0,0,0,False,-1,15.132
2026-04-02T15:37:36.122,1532,sequence,KCF,,False,,,,,,382,207,22,71,,,,,,0,0,0,0,0,0,0,0,False,-1,16.372
2026-04-02T15:37:36.140,1533,sequence,KCF,,False,,,,,,382,206,22,71,,,,,,0,0,0,0,0,0,0,0,False,-1,14.552
2026-04-02T15:37:36.159,1534,sequence,KCF,,False,,,,,,381,205,22,71,,,,,,0,0,0,0,0,0,0,0,False,-1,15.354
2026-04-02T15:37:36.175,1535,sequence,KCF,,False,,,,,,380,205,22,71,,,,,,0,0,0,0,0,0,0,0,False,-1,13.077
2026-04-02T15:37:36.195,1536,sequence,KCF,,False,,,,,,380,205,22,71,,,,,,0,0,0,0,0,0,0,0,False,-1,16.367
2026-04-02T15:37:36.215,1537,sequence,KCF,,False,,,,,,380,205,22,71,,,,,,0,0,0,0,0,0,0,0,False,-1,17.979
2026-04-02T15:37:36.233,1538,sequence,KCF,,False,,,,,,380,204,22,72,,,,,,0,0,0,0,0,0,0,0,False,-1,14.938
2026-04-02T15:37:36.255,1539,sequence,KCF,,False,,,,,,380,204,22,72,,,,,,0,0,0,0,0,0,0,0,False,-1,17.32
2026-04-02T15:37:36.275,1540,sequence,KCF,,False,,,,,,380,203,22,73,,,,,,0,0,0,0,0,0,0,0,False,-1,16.399
2026-04-02T15:37:36.294,1541,sequence,KCF,,False,,,,,,380,203,22,73,,,,,,0,0,0,0,0,0,0,0,False,-1,15.049
2026-04-02T15:37:36.312,1542,sequence,KCF,,False,,,,,,380,203,22,73,,,,,,0,0,0,0,0,0,0,0,False,-1,15.462
2026-04-02T15:37:36.335,1543,sequence,KCF,,False,,,,,,379,203,22,73,,,,,,0,0,0,0,0,0,0,0,False,-1,19.387
2026-04-02T15:37:36.355,1544,sequence,KCF,,False,,,,,,379,203,22,73,,,,,,0,0,0,0,0,0,0,0,False,-1,15.793
2026-04-02T15:37:36.376,1545,sequence,KCF,,False,,,,,,378,202,22,73,,,,,,0,0,0,0,0,0,0,0,False,-1,17.51
2026-04-02T15:37:36.395,1546,sequence,KCF,,False,,,,,,378,201,22,74,,,,,,0,0,0,0,0,0,0,0,False,-1,14.935
2026-04-02T15:37:36.414,1547,sequence,KCF,,False,,,,,,378,201,22,74,,,,,,0,0,0,0,0,0,0,0,False,-1,16.827
2026-04-02T15:37:36.433,1548,sequence,KCF,,False,,,,,,377,201,22,74,,,,,,0,0,0,0,0,0,0,0,False,-1,15.331
2026-04-02T15:37:36.449,1549,sequence,KCF,,False,,,,,,376,201,22,74,,,,,,0,0,0,0,0,0,0,0,False,-1,12.442
2026-04-02T15:37:36.468,1550,sequence,KCF,,False,,,,,,376,201,22,74,,,,,,0,0,0,0,0,0,0,0,False,-1,16.162
2026-04-02T15:37:36.486,1551,sequence,KCF,,False,,,,,,376,201,22,74,,,,,,0,0,0,0,0,0,0,0,False,-1,14.284
2026-04-02T15:37:36.499,1552,sequence,KCF,,False,,,,,,376,201,22,74,,,,,,0,0,0,0,0,0,0,0,False,-1,10.852
2026-04-02T15:37:36.515,1553,sequence,KCF,,False,,,,,,376,200,22,74,,,,,,0,0,0,0,0,0,0,0,False,-1,13.36
2026-04-02T15:37:36.534,1554,sequence,KCF,,False,,,,,,376,200,22,74,,,,,,0,0,0,0,0,0,0,0,False,-1,16.228
2026-04-02T15:37:36.556,1555,sequence,KCF,,False,,,,,,376,199,22,74,,,,,,0,0,0,0,0,0,0,0,False,-1,18.717
2026-04-02T15:37:36.578,1556,sequence,KCF,,False,,,,,,376,199,22,74,,,,,,0,0,0,0,0,0,0,0,False,-1,17.131
2026-04-02T15:37:36.593,1557,sequence,KCF,,False,,,,,,376,199,22,74,,,,,,0,0,0,0,0,0,0,0,False,-1,13.415
2026-04-02T15:37:36.612,1558,sequence,KCF,,False,,,,,,376,199,22,74,,,,,,0,0,0,0,0,0,0,0,False,-1,15.918
2026-04-02T15:37:36.632,1559,sequence,KCF,,False,,,,,,376,199,22,74,,,,,,0,0,0,0,0,0,0,0,False,-1,15.581
2026-04-02T15:37:36.656,1560,sequence,KCF,,False,,,,,,376,199,22,74,,,,,,0,0,0,0,0,0,0,0,False,-1,20.108
2026-04-02T15:37:36.680,1561,sequence,KCF,,False,,,,,,376,199,22,74,,,,,,0,0,0,0,0,0,0,0,False,-1,19.668
2026-04-02T15:37:36.705,1562,sequence,KCF,,False,,,,,,376,198,22,74,,,,,,0,0,0,0,0,0,0,0,False,-1,19.515
2026-04-02T15:37:36.730,1563,sequence,KCF,,False,,,,,,375,197,22,74,,,,,,0,0,0,0,0,0,0,0,False,-1,19.588
2026-04-02T15:37:36.752,1564,sequence,KCF,,False,,,,,,375,197,22,74,,,,,,0,0,0,0,0,0,0,0,False,-1,17.974
2026-04-02T15:37:36.771,1565,sequence,KCF,,False,,,,,,376,197,22,74,,,,,,0,0,0,0,0,0,0,0,False,-1,15.124
2026-04-02T15:37:36.786,1566,sequence,KCF,,False,,,,,,376,196,22,74,,,,,,0,0,0,0,0,0,0,0,False,-1,12.221
2026-04-02T15:37:36.799,1567,sequence,KCF,,False,,,,,,376,196,22,74,,,,,,0,0,0,0,0,0,0,0,False,-1,11.496
2026-04-02T15:37:36.815,1568,sequence,KCF,,False,,,,,,376,195,22,74,,,,,,0,0,0,0,0,0,0,0,False,-1,13.594
2026-04-02T15:37:36.829,1569,sequence,KCF,,False,,,,,,376,195,22,74,,,,,,0,0,0,0,0,0,0,0,False,-1,11.255
2026-04-02T15:37:36.843,1570,sequence,KCF,,False,,,,,,377,194,22,74,,,,,,0,0,0,0,0,0,0,0,False,-1,11.351
2026-04-02T15:37:36.859,1571,sequence,KCF,,False,,,,,,378,193,22,74,,,,,,0,0,0,0,0,0,0,0,False,-1,13.781
2026-04-02T15:37:36.875,1572,sequence,KCF,,False,,,,,,378,193,22,74,,,,,,0,0,0,0,0,0,0,0,False,-1,13.334
2026-04-02T15:37:36.892,1573,sequence,KCF,,False,,,,,,378,193,22,74,,,,,,0,0,0,0,0,0,0,0,False,-1,14.4
2026-04-02T15:37:36.910,1574,sequence,KCF,,False,,,,,,378,192,22,74,,,,,,0,0,0,0,0,0,0,0,False,-1,14.526
2026-04-02T15:37:36.929,1575,sequence,KCF,,False,,,,,,378,192,22,74,,,,,,0,0,0,0,0,0,0,0,False,-1,15.32
2026-04-02T15:37:36.949,1576,sequence,KCF,,False,,,,,,379,191,22,74,,,,,,0,0,0,0,0,0,0,0,False,-1,17.06
2026-04-02T15:37:36.967,1577,sequence,KCF,,False,,,,,,380,191,22,74,,,,,,0,0,0,0,0,0,0,0,False,-1,15.28
2026-04-02T15:37:36.985,1578,sequence,KCF,,False,,,,,,380,191,22,74,,,,,,0,0,0,0,0,0,0,0,False,-1,14.496
2026-04-02T15:37:37.001,1579,sequence,KCF,,False,,,,,,382,190,22,74,,,,,,0,0,0,0,0,0,0,0,False,-1,12.53
2026-04-02T15:37:37.018,1580,sequence,KCF,,False,,,,,,382,189,22,74,,,,,,0,0,0,0,0,0,0,0,False,-1,13.586
2026-04-02T15:37:37.033,1581,sequence,KCF,,False,,,,,,382,189,22,74,,,,,,0,0,0,0,0,0,0,0,False,-1,12.311
2026-04-02T15:37:37.047,1582,sequence,KCF,,False,,,,,,382,188,22,74,,,,,,0,0,0,0,0,0,0,0,False,-1,12.46
2026-04-02T15:37:37.063,1583,sequence,KCF,,False,,,,,,383,187,22,74,,,,,,0,0,0,0,0,0,0,0,False,-1,12.882
2026-04-02T15:37:37.081,1584,sequence,KCF,,False,,,,,,384,187,22,74,,,,,,0,0,0,0,0,0,0,0,False,-1,14.871
2026-04-02T15:37:37.103,1585,sequence,KCF,,False,,,,,,384,187,22,74,,,,,,0,0,0,0,0,0,0,0,False,-1,18.549
2026-04-02T15:37:37.128,1586,sequence,KCF,,False,,,,,,385,186,22,74,,,,,,0,0,0,0,0,0,0,0,False,-1,20.274
2026-04-02T15:37:37.148,1587,sequence,KCF,,False,,,,,,386,185,22,74,,,,,,0,0,0,0,0,0,0,0,False,-1,17.453
2026-04-02T15:37:37.167,1588,sequence,KCF,,False,,,,,,386,184,22,74,,,,,,0,0,0,0,0,0,0,0,False,-1,15.59
2026-04-02T15:37:37.186,1589,sequence,KCF,,False,,,,,,386,184,22,73,,,,,,0,0,0,0,0,0,0,0,False,-1,15.639
2026-04-02T15:37:37.205,1590,sequence,KCF,,False,,,,,,388,184,22,73,,,,,,0,0,0,0,0,0,0,0,False,-1,14.116
2026-04-02T15:37:37.223,1591,sequence,KCF,,False,,,,,,388,184,22,72,,,,,,0,0,0,0,0,0,0,0,False,-1,14.694
2026-04-02T15:37:37.238,1592,sequence,KCF,,False,,,,,,388,183,22,72,,,,,,0,0,0,0,0,0,0,0,False,-1,13.573
2026-04-02T15:37:37.251,1593,sequence,KCF,,False,,,,,,389,182,22,72,,,,,,0,0,0,0,0,0,0,0,False,-1,10.85
2026-04-02T15:37:37.268,1594,sequence,KCF,,False,,,,,,390,181,22,72,,,,,,0,0,0,0,0,0,0,0,False,-1,14.176
2026-04-02T15:37:37.285,1595,sequence,KCF,,False,,,,,,390,181,22,72,,,,,,0,0,0,0,0,0,0,0,False,-1,14.346
2026-04-02T15:37:37.300,1596,sequence,KCF,,False,,,,,,390,180,22,72,,,,,,0,0,0,0,0,0,0,0,False,-1,12.534
2026-04-02T15:37:37.314,1597,sequence,KCF,,False,,,,,,390,180,22,72,,,,,,0,0,0,0,0,0,0,0,False,-1,11.943
2026-04-02T15:37:37.331,1598,sequence,KCF,,False,,,,,,392,179,22,72,,,,,,0,0,0,0,0,0,0,0,False,-1,14.244
2026-04-02T15:37:37.353,1599,sequence,KCF,,False,,,,,,392,179,22,72,,,,,,0,0,0,0,0,0,0,0,False,-1,18.48
2026-04-02T15:37:37.372,1600,sequence,KCF,,False,,,,,,393,179,22,72,,,,,,0,0,0,0,0,0,0,0,False,-1,15.63
2026-04-02T15:37:37.386,1601,sequence,KCF,,False,,,,,,393,179,22,71,,,,,,0,0,0,0,0,0,0,0,False,-1,11.55
2026-04-02T15:37:37.401,1602,sequence,KCF,,False,,,,,,394,178,22,71,,,,,,0,0,0,0,0,0,0,0,False,-1,13.112
2026-04-02T15:37:37.420,1603,sequence,KCF,,False,,,,,,394,178,22,70,,,,,,0,0,0,0,0,0,0,0,False,-1,15.403
2026-04-02T15:37:37.441,1604,sequence,KCF,,False,,,,,,394,178,22,70,,,,,,0,0,0,0,0,0,0,0,False,-1,17.057
2026-04-02T15:37:37.457,1605,sequence,KCF,,False,,,,,,394,177,22,70,,,,,,0,0,0,0,0,0,0,0,False,-1,12.603
2026-04-02T15:37:37.474,1606,sequence,KCF,,False,,,,,,395,177,22,70,,,,,,0,0,0,0,0,0,0,0,False,-1,14.456
2026-04-02T15:37:37.490,1607,sequence,KCF,,False,,,,,,395,177,22,69,,,,,,0,0,0,0,0,0,0,0,False,-1,13.565
2026-04-02T15:37:37.505,1608,sequence,KCF,,False,,,,,,396,177,22,69,,,,,,0,0,0,0,0,0,0,0,False,-1,13.429
2026-04-02T15:37:37.522,1609,sequence,KCF,,False,,,,,,396,177,22,68,,,,,,0,0,0,0,0,0,0,0,False,-1,13.541
2026-04-02T15:37:37.538,1610,sequence,KCF,,False,,,,,,396,177,22,68,,,,,,0,0,0,0,0,0,0,0,False,-1,13.442
2026-04-02T15:37:37.552,1611,sequence,KCF,,False,,,,,,396,176,22,68,,,,,,0,0,0,0,0,0,0,0,False,-1,10.927
2026-04-02T15:37:37.565,1612,sequence,KCF,,False,,,,,,396,176,22,68,,,,,,0,0,0,0,0,0,0,0,False,-1,12.522
2026-04-02T15:37:37.580,1613,sequence,KCF,,False,,,,,,395,175,22,67,,,,,,0,0,0,0,0,0,0,0,False,-1,12.058
2026-04-02T15:37:37.597,1614,sequence,KCF,,False,,,,,,395,175,22,67,,,,,,0,0,0,0,0,0,0,0,False,-1,13.476
2026-04-02T15:37:37.613,1615,sequence,KCF,,False,,,,,,394,175,22,66,,,,,,0,0,0,0,0,0,0,0,False,-1,13.552
2026-04-02T15:37:37.630,1616,sequence,KCF,,False,,,,,,394,175,22,66,,,,,,0,0,0,0,0,0,0,0,False,-1,14.693
2026-04-02T15:37:37.646,1617,sequence,KCF,,False,,,,,,394,175,22,66,,,,,,0,0,0,0,0,0,0,0,False,-1,14.051
2026-04-02T15:37:37.663,1618,sequence,KCF,,False,,,,,,394,175,22,66,,,,,,0,0,0,0,0,0,0,0,False,-1,13.665
2026-04-02T15:37:37.683,1619,sequence,KCF,,False,,,,,,394,174,22,66,,,,,,0,0,0,0,0,0,0,0,False,-1,16.426
2026-04-02T15:37:37.703,1620,sequence,KCF,,False,,,,,,394,173,22,66,,,,,,0,0,0,0,0,0,0,0,False,-1,16.473
2026-04-02T15:37:37.722,1621,sequence,KCF,,False,,,,,,393,173,22,66,,,,,,0,0,0,0,0,0,0,0,False,-1,15.516
2026-04-02T15:37:37.739,1622,sequence,KCF,,False,,,,,,392,173,22,66,,,,,,0,0,0,0,0,0,0,0,False,-1,13.465
2026-04-02T15:37:37.757,1623,sequence,KCF,,False,,,,,,392,172,22,66,,,,,,0,0,0,0,0,0,0,0,False,-1,15.486
2026-04-02T15:37:37.779,1624,sequence,KCF,,False,,,,,,392,172,22,66,,,,,,0,0,0,0,0,0,0,0,False,-1,17.513
2026-04-02T15:37:37.794,1625,sequence,KCF,,False,,,,,,391,173,22,65,,,,,,0,0,0,0,0,0,0,0,False,-1,11.929
2026-04-02T15:37:37.811,1626,sequence,KCF,,False,,,,,,391,173,22,63,,,,,,0,0,0,0,0,0,0,0,False,-1,14.695
2026-04-02T15:37:37.829,1627,sequence,KCF,,False,,,,,,390,174,22,62,,,,,,0,0,0,0,0,0,0,0,False,-1,15.572
2026-04-02T15:37:37.845,1628,sequence,KCF,,False,,,,,,390,173,22,62,,,,,,0,0,0,0,0,0,0,0,False,-1,13.743
2026-04-02T15:37:37.862,1629,sequence,KCF,,False,,,,,,389,173,22,62,,,,,,0,0,0,0,0,0,0,0,False,-1,14.14
2026-04-02T15:37:37.883,1630,sequence,KCF,,False,,,,,,388,173,22,62,,,,,,0,0,0,0,0,0,0,0,False,-1,17.005
2026-04-02T15:37:37.905,1631,sequence,KCF,,False,,,,,,388,172,22,62,,,,,,0,0,0,0,0,0,0,0,False,-1,17.972
2026-04-02T15:37:37.924,1632,sequence,KCF,,False,,,,,,387,172,22,62,,,,,,0,0,0,0,0,0,0,0,False,-1,16.437
2026-04-02T15:37:37.943,1633,sequence,KCF,,False,,,,,,386,171,22,62,,,,,,0,0,0,0,0,0,0,0,False,-1,15.752
2026-04-02T15:37:37.964,1634,sequence,KCF,,False,,,,,,386,171,22,62,,,,,,0,0,0,0,0,0,0,0,False,-1,17.292
2026-04-02T15:37:37.985,1635,sequence,KCF,,False,,,,,,385,171,22,62,,,,,,0,0,0,0,0,0,0,0,False,-1,16.932
2026-04-02T15:37:38.004,1636,sequence,KCF,,False,,,,,,384,170,22,62,,,,,,0,0,0,0,0,0,0,0,False,-1,15.003
2026-04-02T15:37:38.020,1637,sequence,KCF,,False,,,,,,384,169,22,63,,,,,,0,0,0,0,0,0,0,0,False,-1,14.737
2026-04-02T15:37:38.041,1638,sequence,KCF,,False,,,,,,383,169,23,63,,,,,,0,0,0,0,0,0,0,0,False,-1,16.26
2026-04-02T15:37:38.058,1639,sequence,KCF,,False,,,,,,382,168,23,64,,,,,,0,0,0,0,0,0,0,0,False,-1,13.435
2026-04-02T15:37:38.075,1640,sequence,KCF,,False,,,,,,382,167,22,65,,,,,,0,0,0,0,0,0,0,0,False,-1,14.377
2026-04-02T15:37:38.093,1641,sequence,KCF,,False,,,,,,382,166,22,66,,,,,,0,0,0,0,0,0,0,0,False,-1,15.455
2026-04-02T15:37:38.115,1642,sequence,KCF,,False,,,,,,381,165,22,67,,,,,,0,0,0,0,0,0,0,0,False,-1,19.372
2026-04-02T15:37:38.131,1643,sequence,KCF,,False,,,,,,380,164,22,67,,,,,,0,0,0,0,0,0,0,0,False,-1,12.375
2026-04-02T15:37:38.149,1644,sequence,KCF,,False,,,,,,380,163,22,67,,,,,,0,0,0,0,0,0,0,0,False,-1,15.456
2026-04-02T15:37:38.168,1645,sequence,KCF,,False,,,,,,378,162,22,68,,,,,,0,0,0,0,0,0,0,0,False,-1,15.671
2026-04-02T15:37:38.185,1646,sequence,KCF,,False,,,,,,378,162,22,68,,,,,,0,0,0,0,0,0,0,0,False,-1,13.193
2026-04-02T15:37:38.203,1647,sequence,KCF,,False,,,,,,378,162,22,68,,,,,,0,0,0,0,0,0,0,0,False,-1,15.491
2026-04-02T15:37:38.221,1648,sequence,KCF,,False,,,,,,378,162,22,68,,,,,,0,0,0,0,0,0,0,0,False,-1,15.68
2026-04-02T15:37:38.242,1649,sequence,KCF,,False,,,,,,377,162,22,68,,,,,,0,0,0,0,0,0,0,0,False,-1,17.28
2026-04-02T15:37:38.263,1650,sequence,KCF,,False,,,,,,377,162,22,68,,,,,,0,0,0,0,0,0,0,0,False,-1,16.925
2026-04-02T15:37:38.284,1651,sequence,KCF,,False,,,,,,376,162,21,68,,,,,,0,0,0,0,0,0,0,0,False,-1,17.131
2026-04-02T15:37:38.303,1652,sequence,KCF,,False,,,,,,376,161,21,68,,,,,,0,0,0,0,0,0,0,0,False,-1,16.561
2026-04-02T15:37:38.322,1653,sequence,KCF,,False,,,,,,374,161,21,68,,,,,,0,0,0,0,0,0,0,0,False,-1,15.519
2026-04-02T15:37:38.343,1654,sequence,KCF,,False,,,,,,374,161,21,68,,,,,,0,0,0,0,0,0,0,0,False,-1,17.457
2026-04-02T15:37:38.360,1655,sequence,KCF,,False,,,,,,373,161,21,68,,,,,,0,0,0,0,0,0,0,0,False,-1,13.157
2026-04-02T15:37:38.377,1656,sequence,KCF,,False,,,,,,372,160,21,68,,,,,,0,0,0,0,0,0,0,0,False,-1,13.652
2026-04-02T15:37:38.393,1657,sequence,KCF,,False,,,,,,372,160,21,68,,,,,,0,0,0,0,0,0,0,0,False,-1,14.0
2026-04-02T15:37:38.410,1658,sequence,KCF,,False,,,,,,372,160,21,68,,,,,,0,0,0,0,0,0,0,0,False,-1,13.765
2026-04-02T15:37:38.424,1659,sequence,KCF,,False,,,,,,372,160,21,68,,,,,,0,0,0,0,0,0,0,0,False,-1,11.527
2026-04-02T15:37:38.439,1660,sequence,KCF,,False,,,,,,372,160,21,68,,,,,,0,0,0,0,0,0,0,0,False,-1,12.86
2026-04-02T15:37:38.457,1661,sequence,KCF,,False,,,,,,370,160,21,68,,,,,,0,0,0,0,0,0,0,0,False,-1,14.334
2026-04-02T15:37:38.473,1662,sequence,KCF,,False,,,,,,370,159,21,68,,,,,,0,0,0,0,0,0,0,0,False,-1,14.183
2026-04-02T15:37:38.489,1663,sequence,KCF,,False,,,,,,369,159,21,68,,,,,,0,0,0,0,0,0,0,0,False,-1,13.524
2026-04-02T15:37:38.505,1664,sequence,KCF,,False,,,,,,368,159,21,68,,,,,,0,0,0,0,0,0,0,0,False,-1,13.184
2026-04-02T15:37:38.523,1665,sequence,KCF,,False,,,,,,368,159,21,68,,,,,,0,0,0,0,0,0,0,0,False,-1,14.471
2026-04-02T15:37:38.538,1666,sequence,KCF,,False,,,,,,368,159,21,68,,,,,,0,0,0,0,0,0,0,0,False,-1,12.538
2026-04-02T15:37:38.551,1667,sequence,KCF,,False,,,,,,367,159,21,68,,,,,,0,0,0,0,0,0,0,0,False,-1,12.065
2026-04-02T15:37:38.566,1668,sequence,KCF,,False,,,,,,366,160,21,68,,,,,,0,0,0,0,0,0,0,0,False,-1,12.046
2026-04-02T15:37:38.584,1669,sequence,KCF,,False,,,,,,366,160,21,68,,,,,,0,0,0,0,0,0,0,0,False,-1,15.25
2026-04-02T15:37:38.602,1670,sequence,KCF,,False,,,,,,365,160,21,68,,,,,,0,0,0,0,0,0,0,0,False,-1,14.26
2026-04-02T15:37:38.622,1671,sequence,KCF,,False,,,,,,365,159,21,68,,,,,,0,0,0,0,0,0,0,0,False,-1,16.218
2026-04-02T15:37:38.644,1672,sequence,KCF,,False,,,,,,364,159,21,68,,,,,,0,0,0,0,0,0,0,0,False,-1,18.826
2026-04-02T15:37:38.661,1673,sequence,KCF,,False,,,,,,364,159,21,68,,,,,,0,0,0,0,0,0,0,0,False,-1,13.27
2026-04-02T15:37:38.676,1674,sequence,KCF,,False,,,,,,363,159,21,68,,,,,,0,0,0,0,0,0,0,0,False,-1,12.746
2026-04-02T15:37:38.694,1675,sequence,KCF,,False,,,,,,362,159,21,68,,,,,,0,0,0,0,0,0,0,0,False,-1,14.153
2026-04-02T15:37:38.713,1676,sequence,KCF,,False,,,,,,362,159,21,68,,,,,,0,0,0,0,0,0,0,0,False,-1,16.113
2026-04-02T15:37:38.726,1677,sequence,KCF,,False,,,,,,361,159,21,68,,,,,,0,0,0,0,0,0,0,0,False,-1,10.959
2026-04-02T15:37:38.741,1678,sequence,KCF,,False,,,,,,360,159,21,68,,,,,,0,0,0,0,0,0,0,0,False,-1,12.521
2026-04-02T15:37:38.759,1679,sequence,KCF,,False,,,,,,360,159,21,68,,,,,,0,0,0,0,0,0,0,0,False,-1,14.616
2026-04-02T15:37:38.774,1680,sequence,KCF,,False,,,,,,360,159,21,68,,,,,,0,0,0,0,0,0,0,0,False,-1,12.289
2026-04-02T15:37:38.789,1681,sequence,KCF,,False,,,,,,359,159,21,68,,,,,,0,0,0,0,0,0,0,0,False,-1,12.709
2026-04-02T15:37:38.809,1682,sequence,KCF,,False,,,,,,358,159,21,69,,,,,,0,0,0,0,0,0,0,0,False,-1,15.983
2026-04-02T15:37:38.829,1683,sequence,KCF,,False,,,,,,357,159,21,70,,,,,,0,0,0,0,0,0,0,0,False,-1,16.624
2026-04-02T15:37:38.850,1684,sequence,KCF,,False,,,,,,356,159,21,71,,,,,,0,0,0,0,0,0,0,0,False,-1,17.39
2026-04-02T15:37:38.862,1685,sequence,KCF,,False,,,,,,356,159,21,71,,,,,,0,0,0,0,0,0,0,0,False,-1,10.063
2026-04-02T15:37:38.882,1686,sequence,KCF,,False,,,,,,354,159,22,71,,,,,,0,0,0,0,0,0,0,0,False,-1,16.041
2026-04-02T15:37:38.901,1687,sequence,KCF,,False,,,,,,354,159,22,71,,,,,,0,0,0,0,0,0,0,0,False,-1,16.87
2026-04-02T15:37:38.927,1688,sequence,KCF,,False,,,,,,353,159,22,71,,,,,,0,0,0,0,0,0,0,0,False,-1,20.371
2026-04-02T15:37:38.953,1689,sequence,KCF,,False,,,,,,352,159,22,71,,,,,,0,0,0,0,0,0,0,0,False,-1,20.701
2026-04-02T15:37:38.978,1690,sequence,KCF,,False,,,,,,351,159,22,71,,,,,,0,0,0,0,0,0,0,0,False,-1,20.498
2026-04-02T15:37:39.000,1691,sequence,KCF,,False,,,,,,350,159,22,71,,,,,,0,0,0,0,0,0,0,0,False,-1,18.714
2026-04-02T15:37:39.023,1692,sequence,KCF,,False,,,,,,350,159,22,71,,,,,,0,0,0,0,0,0,0,0,False,-1,19.0
2026-04-02T15:37:39.041,1693,sequence,KCF,,False,,,,,,350,159,22,71,,,,,,0,0,0,0,0,0,0,0,False,-1,14.833
2026-04-02T15:37:39.057,1694,sequence,KCF,,False,,,,,,350,159,22,71,,,,,,0,0,0,0,0,0,0,0,False,-1,12.606
2026-04-02T15:37:39.074,1695,sequence,KCF,,False,,,,,,348,159,22,71,,,,,,0,0,0,0,0,0,0,0,False,-1,13.677
2026-04-02T15:37:39.089,1696,sequence,KCF,,False,,,,,,348,159,22,71,,,,,,0,0,0,0,0,0,0,0,False,-1,12.464
2026-04-02T15:37:39.103,1697,sequence,KCF,,False,,,,,,347,159,22,71,,,,,,0,0,0,0,0,0,0,0,False,-1,12.284
2026-04-02T15:37:39.119,1698,sequence,KCF,,False,,,,,,346,159,22,71,,,,,,0,0,0,0,0,0,0,0,False,-1,12.533
2026-04-02T15:37:39.135,1699,sequence,KCF,,False,,,,,,345,159,22,71,,,,,,0,0,0,0,0,0,0,0,False,-1,13.455
2026-04-02T15:37:39.153,1700,sequence,KCF,,False,,,,,,344,159,22,71,,,,,,0,0,0,0,0,0,0,0,False,-1,14.615
2026-04-02T15:37:39.171,1701,sequence,KCF,,False,,,,,,344,159,22,71,,,,,,0,0,0,0,0,0,0,0,False,-1,13.739
2026-04-02T15:37:39.189,1702,sequence,KCF,,False,,,,,,344,159,22,71,,,,,,0,0,0,0,0,0,0,0,False,-1,16.451
2026-04-02T15:37:39.212,1703,sequence,KCF,,False,,,,,,342,159,22,71,,,,,,0,0,0,0,0,0,0,0,False,-1,18.612
2026-04-02T15:37:39.236,1704,sequence,KCF,,False,,,,,,341,159,22,71,,,,,,0,0,0,0,0,0,0,0,False,-1,18.327
2026-04-02T15:37:39.257,1705,sequence,KCF,,False,,,,,,340,159,22,71,,,,,,0,0,0,0,0,0,0,0,False,-1,18.01
2026-04-02T15:37:39.270,1706,sequence,KCF,,False,,,,,,339,159,22,71,,,,,,0,0,0,0,0,0,0,0,False,-1,10.432
2026-04-02T15:37:39.283,1707,sequence,KCF,,False,,,,,,338,159,22,71,,,,,,0,0,0,0,0,0,0,0,False,-1,10.955
2026-04-02T15:37:39.298,1708,sequence,KCF,,False,,,,,,338,159,22,71,,,,,,0,0,0,0,0,0,0,0,False,-1,12.636
2026-04-02T15:37:39.316,1709,sequence,KCF,,False,,,,,,337,159,22,71,,,,,,0,0,0,0,0,0,0,0,False,-1,14.55
2026-04-02T15:37:39.336,1710,sequence,KCF,,False,,,,,,336,159,22,71,,,,,,0,0,0,0,0,0,0,0,False,-1,16.403
2026-04-02T15:37:39.355,1711,sequence,KCF,,False,,,,,,336,159,22,71,,,,,,0,0,0,0,0,0,0,0,False,-1,15.212
2026-04-02T15:37:39.373,1712,sequence,KCF,,False,,,,,,336,159,22,71,,,,,,0,0,0,0,0,0,0,0,False,-1,15.416
2026-04-02T15:37:39.390,1713,sequence,KCF,,False,,,,,,334,159,22,71,,,,,,0,0,0,0,0,0,0,0,False,-1,14.152
2026-04-02T15:37:39.406,1714,sequence,KCF,,False,,,,,,334,159,22,71,,,,,,0,0,0,0,0,0,0,0,False,-1,13.022
2026-04-02T15:37:39.422,1715,sequence,KCF,,False,,,,,,334,159,22,71,,,,,,0,0,0,0,0,0,0,0,False,-1,13.545
2026-04-02T15:37:39.443,1716,sequence,KCF,,False,,,,,,333,158,22,71,,,,,,0,0,0,0,0,0,0,0,False,-1,17.14
2026-04-02T15:37:39.464,1717,sequence,KCF,,False,,,,,,332,158,22,71,,,,,,0,0,0,0,0,0,0,0,False,-1,18.595
2026-04-02T15:37:39.486,1718,sequence,KCF,,False,,,,,,332,157,22,71,,,,,,0,0,0,0,0,0,0,0,False,-1,18.499
2026-04-02T15:37:39.506,1719,sequence,KCF,,False,,,,,,332,156,22,71,,,,,,0,0,0,0,0,0,0,0,False,-1,15.226
2026-04-02T15:37:39.521,1720,sequence,KCF,,False,,,,,,332,155,22,72,,,,,,0,0,0,0,0,0,0,0,False,-1,12.59
2026-04-02T15:37:39.542,1721,sequence,KCF,,False,,,,,,332,155,22,72,,,,,,0,0,0,0,0,0,0,0,False,-1,17.167
2026-04-02T15:37:39.560,1722,sequence,KCF,,False,,,,,,332,155,22,72,,,,,,0,0,0,0,0,0,0,0,False,-1,15.889
2026-04-02T15:37:39.584,1723,sequence,KCF,,False,,,,,,332,155,22,72,,,,,,0,0,0,0,0,0,0,0,False,-1,19.2
2026-04-02T15:37:39.607,1724,sequence,KCF,,False,,,,,,332,155,22,72,,,,,,0,0,0,0,0,0,0,0,False,-1,18.703
2026-04-02T15:37:39.633,1725,sequence,KCF,,False,,,,,,332,155,22,72,,,,,,0,0,0,0,0,0,0,0,False,-1,20.867
2026-04-02T15:37:39.658,1726,sequence,KCF,,False,,,,,,332,155,22,72,,,,,,0,0,0,0,0,0,0,0,False,-1,19.925
2026-04-02T15:37:39.678,1727,sequence,KCF,,False,,,,,,331,154,22,72,,,,,,0,0,0,0,0,0,0,0,False,-1,17.658
2026-04-02T15:37:39.694,1728,sequence,KCF,,False,,,,,,330,153,22,72,,,,,,0,0,0,0,0,0,0,0,False,-1,12.689
2026-04-02T15:37:39.713,1729,sequence,KCF,,False,,,,,,330,153,22,72,,,,,,0,0,0,0,0,0,0,0,False,-1,16.201
2026-04-02T15:37:39.736,1730,sequence,KCF,,False,,,,,,330,153,22,72,,,,,,0,0,0,0,0,0,0,0,False,-1,18.323
2026-04-02T15:37:39.758,1731,sequence,KCF,,False,,,,,,330,153,22,72,,,,,,0,0,0,0,0,0,0,0,False,-1,18.483
2026-04-02T15:37:39.779,1732,sequence,KCF,,False,,,,,,330,153,22,72,,,,,,0,0,0,0,0,0,0,0,False,-1,17.481
2026-04-02T15:37:39.803,1733,sequence,KCF,,False,,,,,,329,152,22,72,,,,,,0,0,0,0,0,0,0,0,False,-1,20.321
2026-04-02T15:37:39.830,1734,sequence,KCF,,False,,,,,,329,151,22,72,,,,,,0,0,0,0,0,0,0,0,False,-1,21.645
2026-04-02T15:37:39.849,1735,sequence,KCF,,False,,,,,,328,151,22,72,,,,,,0,0,0,0,0,0,0,0,False,-1,14.828
2026-04-02T15:37:39.871,1736,sequence,KCF,,False,,,,,,328,151,22,72,,,,,,0,0,0,0,0,0,0,0,False,-1,19.434
2026-04-02T15:37:39.892,1737,sequence,KCF,,False,,,,,,328,151,22,72,,,,,,0,0,0,0,0,0,0,0,False,-1,18.129
2026-04-02T15:37:39.918,1738,sequence,KCF,,False,,,,,,328,151,22,72,,,,,,0,0,0,0,0,0,0,0,False,-1,20.91
2026-04-02T15:37:39.941,1739,sequence,KCF,,False,,,,,,328,151,22,72,,,,,,0,0,0,0,0,0,0,0,False,-1,17.557
2026-04-02T15:37:39.958,1740,sequence,KCF,,False,,,,,,328,151,22,72,,,,,,0,0,0,0,0,0,0,0,False,-1,14.689
2026-04-02T15:37:39.975,1741,sequence,KCF,,False,,,,,,328,151,22,72,,,,,,0,0,0,0,0,0,0,0,False,-1,13.938
2026-04-02T15:37:39.993,1742,sequence,KCF,,False,,,,,,328,151,22,72,,,,,,0,0,0,0,0,0,0,0,False,-1,14.619
2026-04-02T15:37:40.008,1743,sequence,KCF,,False,,,,,,328,151,22,72,,,,,,0,0,0,0,0,0,0,0,False,-1,11.587
2026-04-02T15:37:40.021,1744,sequence,KCF,,False,,,,,,328,151,22,72,,,,,,0,0,0,0,0,0,0,0,False,-1,11.559
2026-04-02T15:37:40.037,1745,sequence,KCF,,False,,,,,,328,151,22,72,,,,,,0,0,0,0,0,0,0,0,False,-1,13.289
2026-04-02T15:37:40.053,1746,sequence,KCF,,False,,,,,,328,151,22,72,,,,,,0,0,0,0,0,0,0,0,False,-1,13.326
2026-04-02T15:37:40.069,1747,sequence,KCF,,False,,,,,,328,151,22,72,,,,,,0,0,0,0,0,0,0,0,False,-1,13.718
2026-04-02T15:37:40.088,1748,sequence,KCF,,False,,,,,,328,151,22,72,,,,,,0,0,0,0,0,0,0,0,False,-1,15.242
2026-04-02T15:37:40.105,1749,sequence,KCF,,False,,,,,,328,151,22,72,,,,,,0,0,0,0,0,0,0,0,False,-1,14.308
2026-04-02T15:37:40.122,1750,sequence,KCF,,False,,,,,,328,151,22,72,,,,,,0,0,0,0,0,0,0,0,False,-1,13.873
2026-04-02T15:37:40.140,1751,sequence,KCF,,False,,,,,,329,151,22,72,,,,,,0,0,0,0,0,0,0,0,False,-1,15.966
2026-04-02T15:37:40.161,1752,sequence,KCF,,False,,,,,,329,151,22,72,,,,,,0,0,0,0,0,0,0,0,False,-1,17.507
2026-04-02T15:37:40.185,1753,sequence,KCF,,False,,,,,,330,151,22,72,,,,,,0,0,0,0,0,0,0,0,False,-1,20.457
2026-04-02T15:37:40.208,1754,sequence,KCF,,False,,,,,,330,151,22,73,,,,,,0,0,0,0,0,0,0,0,False,-1,17.878
2026-04-02T15:37:40.231,1755,sequence,KCF,,False,,,,,,330,152,22,73,,,,,,0,0,0,0,0,0,0,0,False,-1,18.838
2026-04-02T15:37:40.248,1756,sequence,KCF,,False,,,,,,330,152,22,74,,,,,,0,0,0,0,0,0,0,0,False,-1,14.246
2026-04-02T15:37:40.265,1757,sequence,KCF,,False,,,,,,330,153,22,74,,,,,,0,0,0,0,0,0,0,0,False,-1,13.941
2026-04-02T15:37:40.282,1758,sequence,KCF,,False,,,,,,330,153,22,74,,,,,,0,0,0,0,0,0,0,0,False,-1,13.787
2026-04-02T15:37:40.300,1759,sequence,KCF,,False,,,,,,330,153,22,74,,,,,,0,0,0,0,0,0,0,0,False,-1,15.638
2026-04-02T15:37:40.324,1760,sequence,KCF,,False,,,,,,330,154,22,75,,,,,,0,0,0,0,0,0,0,0,False,-1,19.548
2026-04-02T15:37:40.348,1761,sequence,KCF,,False,,,,,,330,154,22,75,,,,,,0,0,0,0,0,0,0,0,False,-1,21.095
2026-04-02T15:37:40.373,1762,sequence,KCF,,False,,,,,,330,155,22,75,,,,,,0,0,0,0,0,0,0,0,False,-1,20.72
2026-04-02T15:37:40.394,1763,sequence,KCF,,False,,,,,,330,155,22,75,,,,,,0,0,0,0,0,0,0,0,False,-1,17.088
2026-04-02T15:37:40.414,1764,sequence,KCF,,False,,,,,,330,155,22,75,,,,,,0,0,0,0,0,0,0,0,False,-1,16.119
2026-04-02T15:37:40.433,1765,sequence,KCF,,False,,,,,,330,156,22,75,,,,,,0,0,0,0,0,0,0,0,False,-1,15.71
2026-04-02T15:37:40.454,1766,sequence,KCF,,False,,,,,,330,157,22,76,,,,,,0,0,0,0,0,0,0,0,False,-1,16.669
2026-04-02T15:37:40.472,1767,sequence,KCF,,False,,,,,,330,157,22,76,,,,,,0,0,0,0,0,0,0,0,False,-1,14.383
2026-04-02T15:37:40.487,1768,sequence,KCF,,False,,,,,,331,158,22,77,,,,,,0,0,0,0,0,0,0,0,False,-1,11.976
2026-04-02T15:37:40.505,1769,sequence,KCF,,False,,,,,,332,159,22,77,,,,,,0,0,0,0,0,0,0,0,False,-1,14.194
2026-04-02T15:37:40.524,1770,sequence,KCF,,False,,,,,,332,159,22,77,,,,,,0,0,0,0,0,0,0,0,False,-1,15.941
2026-04-02T15:37:40.545,1771,sequence,KCF,,False,,,,,,332,159,22,77,,,,,,0,0,0,0,0,0,0,0,False,-1,18.913
2026-04-02T15:37:40.564,1772,sequence,KCF,,False,,,,,,332,160,22,77,,,,,,0,0,0,0,0,0,0,0,False,-1,15.627
2026-04-02T15:37:40.583,1773,sequence,KCF,,False,,,,,,332,161,22,78,,,,,,0,0,0,0,0,0,0,0,False,-1,15.778
2026-04-02T15:37:40.603,1774,sequence,KCF,,False,,,,,,332,161,22,79,,,,,,0,0,0,0,0,0,0,0,False,-1,17.318
2026-04-02T15:37:40.623,1775,sequence,KCF,,False,,,,,,333,162,22,79,,,,,,0,0,0,0,0,0,0,0,False,-1,15.935
2026-04-02T15:37:40.639,1776,sequence,KCF,,False,,,,,,334,162,22,79,,,,,,0,0,0,0,0,0,0,0,False,-1,14.328
2026-04-02T15:37:40.658,1777,sequence,KCF,,False,,,,,,334,163,22,79,,,,,,0,0,0,0,0,0,0,0,False,-1,15.708
2026-04-02T15:37:40.682,1778,sequence,KCF,,False,,,,,,334,164,22,78,,,,,,0,0,0,0,0,0,0,0,False,-1,20.368
2026-04-02T15:37:40.708,1779,sequence,KCF,,False,,,,,,334,165,22,78,,,,,,0,0,0,0,0,0,0,0,False,-1,20.308
2026-04-02T15:37:40.730,1780,sequence,KCF,,False,,,,,,334,166,22,77,,,,,,0,0,0,0,0,0,0,0,False,-1,17.984
2026-04-02T15:37:40.749,1781,sequence,KCF,,False,,,,,,334,167,22,78,,,,,,0,0,0,0,0,0,0,0,False,-1,16.547
2026-04-02T15:37:40.772,1782,sequence,KCF,,False,,,,,,335,168,22,79,,,,,,0,0,0,0,0,0,0,0,False,-1,18.928
2026-04-02T15:37:40.794,1783,sequence,KCF,,False,,,,,,335,169,22,79,,,,,,0,0,0,0,0,0,0,0,False,-1,18.017
2026-04-02T15:37:40.813,1784,sequence,KCF,,False,,,,,,336,169,22,79,,,,,,0,0,0,0,0,0,0,0,False,-1,15.527
2026-04-02T15:37:40.834,1785,sequence,KCF,,False,,,,,,336,171,22,79,,,,,,0,0,0,0,0,0,0,0,False,-1,17.147
2026-04-02T15:37:40.849,1786,sequence,KCF,,False,,,,,,336,171,22,79,,,,,,0,0,0,0,0,0,0,0,False,-1,14.017
2026-04-02T15:37:40.865,1787,sequence,KCF,,False,,,,,,336,173,22,80,,,,,,0,0,0,0,0,0,0,0,False,-1,12.465
2026-04-02T15:37:40.881,1788,sequence,KCF,,False,,,,,,336,174,22,81,,,,,,0,0,0,0,0,0,0,0,False,-1,13.572
2026-04-02T15:37:40.898,1789,sequence,KCF,,False,,,,,,336,175,22,81,,,,,,0,0,0,0,0,0,0,0,False,-1,14.416
2026-04-02T15:37:40.919,1790,sequence,KCF,,False,,,,,,336,176,22,81,,,,,,0,0,0,0,0,0,0,0,False,-1,17.194
2026-04-02T15:37:40.938,1791,sequence,KCF,,False,,,,,,337,177,22,81,,,,,,0,0,0,0,0,0,0,0,False,-1,16.444
2026-04-02T15:37:40.956,1792,sequence,KCF,,False,,,,,,337,178,22,81,,,,,,0,0,0,0,0,0,0,0,False,-1,15.27
2026-04-02T15:37:40.974,1793,sequence,KCF,,False,,,,,,337,179,22,81,,,,,,0,0,0,0,0,0,0,0,False,-1,14.106
2026-04-02T15:37:40.993,1794,sequence,KCF,,False,,,,,,338,180,22,81,,,,,,0,0,0,0,0,0,0,0,False,-1,16.151
2026-04-02T15:37:41.014,1795,sequence,KCF,,False,,,,,,338,181,22,81,,,,,,0,0,0,0,0,0,0,0,False,-1,17.165
2026-04-02T15:37:41.034,1796,sequence,KCF,,False,,,,,,337,183,24,82,,,,,,0,0,0,0,0,0,0,0,False,-1,17.734
2026-04-02T15:37:41.050,1797,sequence,KCF,,False,,,,,,337,185,24,82,,,,,,0,0,0,0,0,0,0,0,False,-1,12.892
2026-04-02T15:37:41.063,1798,sequence,KCF,,False,,,,,,336,187,26,83,,,,,,0,0,0,0,0,0,0,0,False,-1,10.855
2026-04-02T15:37:41.079,1799,sequence,KCF,,False,,,,,,337,188,26,83,,,,,,0,0,0,0,0,0,0,0,False,-1,13.999
2026-04-02T15:37:41.096,1800,sequence,KCF,,False,,,,,,337,189,26,83,,,,,,0,0,0,0,0,0,0,0,False,-1,14.23
2026-04-02T15:37:41.109,1801,sequence,KCF,,False,,,,,,338,191,26,83,,,,,,0,0,0,0,0,0,0,0,False,-1,11.45
2026-04-02T15:37:41.121,1802,sequence,KCF,,False,,,,,,338,192,25,83,,,,,,0,0,0,0,0,0,0,0,False,-1,9.925
2026-04-02T15:37:41.135,1803,sequence,KCF,,False,,,,,,338,193,24,83,,,,,,0,0,0,0,0,0,0,0,False,-1,11.286
2026-04-02T15:37:41.148,1804,sequence,KCF,,False,,,,,,338,194,24,83,,,,,,0,0,0,0,0,0,0,0,False,-1,10.515
2026-04-02T15:37:41.160,1805,sequence,KCF,,False,,,,,,338,195,24,83,,,,,,0,0,0,0,0,0,0,0,False,-1,9.912
2026-04-02T15:37:41.174,1806,sequence,KCF,,False,,,,,,338,197,24,83,,,,,,0,0,0,0,0,0,0,0,False,-1,12.642
2026-04-02T15:37:41.187,1807,sequence,KCF,,False,,,,,,338,198,24,83,,,,,,0,0,0,0,0,0,0,0,False,-1,10.971
2026-04-02T15:37:41.200,1808,sequence,KCF,,False,,,,,,338,199,24,84,,,,,,0,0,0,0,0,0,0,0,False,-1,11.077
2026-04-02T15:37:41.213,1809,sequence,KCF,,False,,,,,,338,201,24,84,,,,,,0,0,0,0,0,0,0,0,False,-1,11.313
2026-04-02T15:37:41.228,1810,sequence,KCF,,False,,,,,,338,203,25,85,,,,,,0,0,0,0,0,0,0,0,False,-1,11.815
2026-04-02T15:37:41.239,1811,sequence,KCF,,False,,,,,,338,205,25,85,,,,,,0,0,0,0,0,0,0,0,False,-1,9.702
2026-04-02T15:37:41.254,1812,sequence,KCF,,False,,,,,,338,207,26,85,,,,,,0,0,0,0,0,0,0,0,False,-1,12.542
2026-04-02T15:37:41.267,1813,sequence,KCF,,False,,,,,,337,209,26,85,,,,,,0,0,0,0,0,0,0,0,False,-1,11.257
2026-04-02T15:37:41.281,1814,sequence,KCF,,False,,,,,,336,211,26,83,,,,,,0,0,0,0,0,0,0,0,False,-1,11.758
2026-04-02T15:37:41.295,1815,sequence,KCF,,False,,,,,,336,214,26,82,,,,,,0,0,0,0,0,0,0,0,False,-1,11.204
2026-04-02T15:37:41.306,1816,sequence,KCF,,False,,,,,,336,216,26,81,,,,,,0,0,0,0,0,0,0,0,False,-1,10.56
2026-04-02T15:37:41.319,1817,sequence,KCF,,False,,,,,,335,218,26,81,,,,,,0,0,0,0,0,0,0,0,False,-1,10.611
2026-04-02T15:37:41.333,1818,sequence,KCF,,False,,,,,,334,221,27,81,,,,,,0,0,0,0,0,0,0,0,False,-1,11.437
2026-04-02T15:37:41.348,1819,sequence,KCF,,False,,,,,,334,223,27,81,,,,,,0,0,0,0,0,0,0,0,False,-1,12.945
2026-04-02T15:37:41.363,1820,sequence,KCF,,False,,,,,,333,225,27,81,,,,,,0,0,0,0,0,0,0,0,False,-1,12.1
2026-04-02T15:37:41.375,1821,sequence,KCF,,False,,,,,,332,226,27,81,,,,,,0,0,0,0,0,0,0,0,False,-1,10.981
2026-04-02T15:37:41.389,1822,sequence,KCF,,False,,,,,,332,228,27,81,,,,,,0,0,0,0,0,0,0,0,False,-1,11.763
2026-04-02T15:37:41.403,1823,sequence,KCF,,False,,,,,,330,229,27,81,,,,,,0,0,0,0,0,0,0,0,False,-1,11.598
2026-04-02T15:37:41.417,1824,sequence,KCF,,False,,,,,,330,230,28,82,,,,,,0,0,0,0,0,0,0,0,False,-1,12.11
2026-04-02T15:37:41.431,1825,sequence,KCF,,False,,,,,,329,231,28,82,,,,,,0,0,0,0,0,0,0,0,False,-1,11.204
2026-04-02T15:37:41.446,1826,sequence,KCF,,False,,,,,,328,233,28,82,,,,,,0,0,0,0,0,0,0,0,False,-1,12.463
2026-04-02T15:37:41.464,1827,sequence,KCF,,False,,,,,,326,236,28,83,,,,,,0,0,0,0,0,0,0,0,False,-1,14.363
2026-04-02T15:37:41.482,1828,sequence,KCF,,False,,,,,,325,238,28,83,,,,,,0,0,0,0,0,0,0,0,False,-1,15.882
2026-04-02T15:37:41.500,1829,sequence,KCF,,False,,,,,,324,239,28,83,,,,,,0,0,0,0,0,0,0,0,False,-1,14.518
2026-04-02T15:37:41.518,1830,sequence,KCF,,False,,,,,,323,241,28,83,,,,,,0,0,0,0,0,0,0,0,False,-1,15.137
2026-04-02T15:37:41.536,1831,sequence,KCF,,False,,,,,,322,242,28,84,,,,,,0,0,0,0,0,0,0,0,False,-1,15.879
2026-04-02T15:37:41.552,1832,sequence,KCF,,False,,,,,,320,243,28,85,,,,,,0,0,0,0,0,0,0,0,False,-1,13.661
2026-04-02T15:37:41.574,1833,sequence,KCF,,False,,,,,,319,245,29,87,,,,,,0,0,0,0,0,0,0,0,False,-1,17.764
2026-04-02T15:37:41.593,1834,sequence,KCF,,False,,,,,,318,246,29,89,,,,,,0,0,0,0,0,0,0,0,False,-1,16.197
2026-04-02T15:37:41.609,1835,sequence,KCF,,False,,,,,,316,247,29,89,,,,,,0,0,0,0,0,0,0,0,False,-1,12.57
2026-04-02T15:37:41.623,1836,sequence,KCF,,False,,,,,,315,249,29,89,,,,,,0,0,0,0,0,0,0,0,False,-1,12.298
2026-04-02T15:37:41.638,1837,sequence,KCF,,False,,,,,,314,251,29,89,,,,,,0,0,0,0,0,0,0,0,False,-1,12.745
2026-04-02T15:37:41.658,1838,sequence,KCF,,False,,,,,,312,252,29,89,,,,,,0,0,0,0,0,0,0,0,False,-1,16.066
2026-04-02T15:37:41.678,1839,sequence,KCF,,False,,,,,,312,253,29,89,,,,,,0,0,0,0,0,0,0,0,False,-1,16.267
2026-04-02T15:37:41.698,1840,sequence,KCF,,False,,,,,,311,254,29,89,,,,,,0,0,0,0,0,0,0,0,False,-1,15.878
2026-04-02T15:37:41.718,1841,sequence,KCF,,False,,,,,,310,256,30,89,,,,,,0,0,0,0,0,0,0,0,False,-1,17.736
2026-04-02T15:37:41.742,1842,sequence,KCF,,False,,,,,,308,258,30,90,,,,,,0,0,0,0,0,0,0,0,False,-1,19.304
2026-04-02T15:37:41.765,1843,sequence,KCF,,False,,,,,,306,260,31,91,,,,,,0,0,0,0,0,0,0,0,False,-1,19.597
2026-04-02T15:37:41.787,1844,sequence,KCF,,False,,,,,,305,261,31,91,,,,,,0,0,0,0,0,0,0,0,False,-1,18.013
2026-04-02T15:37:41.806,1845,sequence,KCF,,False,,,,,,304,263,31,90,,,,,,0,0,0,0,0,0,0,0,False,-1,16.392
2026-04-02T15:37:41.826,1846,sequence,KCF,,False,,,,,,303,264,31,90,,,,,,0,0,0,0,0,0,0,0,False,-1,17.338
2026-04-02T15:37:41.844,1847,sequence,KCF,,False,,,,,,301,266,31,91,,,,,,0,0,0,0,0,0,0,0,False,-1,14.118
2026-04-02T15:37:41.859,1848,sequence,KCF,,False,,,,,,299,268,31,91,,,,,,0,0,0,0,0,0,0,0,False,-1,12.081
2026-04-02T15:37:41.874,1849,sequence,KCF,,False,,,,,,297,270,31,91,,,,,,0,0,0,0,0,0,0,0,False,-1,12.5
2026-04-02T15:37:41.892,1850,sequence,KCF,,False,,,,,,296,271,31,91,,,,,,0,0,0,0,0,0,0,0,False,-1,14.551
2026-04-02T15:37:41.913,1851,sequence,KCF,,False,,,,,,294,272,31,91,,,,,,0,0,0,0,0,0,0,0,False,-1,19.268
2026-04-02T15:37:41.935,1852,sequence,KCF,,False,,,,,,294,273,31,91,,,,,,0,0,0,0,0,0,0,0,False,-1,17.848
2026-04-02T15:37:41.954,1853,sequence,KCF,,False,,,,,,292,274,31,93,,,,,,0,0,0,0,0,0,0,0,False,-1,15.981
2026-04-02T15:37:41.978,1854,sequence,KCF,,False,,,,,,291,275,32,94,,,,,,0,0,0,0,0,0,0,0,False,-1,19.754
2026-04-02T15:37:41.999,1855,sequence,KCF,,False,,,,,,290,276,32,95,,,,,,0,0,0,0,0,0,0,0,False,-1,17.139
2026-04-02T15:37:42.017,1856,sequence,KCF,,False,,,,,,289,278,32,95,,,,,,0,0,0,0,0,0,0,0,False,-1,15.487
2026-04-02T15:37:42.038,1857,sequence,KCF,,False,,,,,,288,279,32,95,,,,,,0,0,0,0,0,0,0,0,False,-1,16.99
2026-04-02T15:37:42.064,1858,sequence,KCF,,False,,,,,,286,281,32,95,,,,,,0,0,0,0,0,0,0,0,False,-1,21.006
2026-04-02T15:37:42.088,1859,sequence,KCF,,False,,,,,,286,283,32,95,,,,,,0,0,0,0,0,0,0,0,False,-1,20.252
2026-04-02T15:37:42.110,1860,sequence,KCF,,False,,,,,,286,284,32,95,,,,,,0,0,0,0,0,0,0,0,False,-1,17.805
2026-04-02T15:37:42.128,1861,sequence,KCF,,False,,,,,,285,285,32,95,,,,,,0,0,0,0,0,0,0,0,False,-1,15.885
2026-04-02T15:37:42.151,1862,sequence,KCF,,False,,,,,,284,287,32,95,,,,,,0,0,0,0,0,0,0,0,False,-1,19.46
2026-04-02T15:37:42.172,1863,sequence,KCF,,False,,,,,,282,287,33,96,,,,,,0,0,0,0,0,0,0,0,False,-1,16.641
2026-04-02T15:37:42.197,1864,sequence,KCF,,False,,,,,,282,289,34,96,,,,,,0,0,0,0,0,0,0,0,False,-1,21.031
2026-04-02T15:37:42.219,1865,sequence,KCF,,False,,,,,,281,289,34,97,,,,,,0,0,0,0,0,0,0,0,False,-1,19.203
2026-04-02T15:37:42.242,1866,sequence,KCF,,False,,,,,,280,289,36,97,,,,,,0,0,0,0,0,0,0,0,False,-1,19.239
2026-04-02T15:37:42.262,1867,sequence,KCF,,False,,,,,,280,290,36,97,,,,,,0,0,0,0,0,0,0,0,False,-1,16.098
2026-04-02T15:37:42.276,1868,sequence,KCF,,False,,,,,,279,290,38,98,,,,,,0,0,0,0,0,0,0,0,False,-1,11.619
2026-04-02T15:37:42.290,1869,sequence,KCF,,False,,,,,,278,290,38,98,,,,,,0,0,0,0,0,0,0,0,False,-1,11.78
2026-04-02T15:37:42.308,1870,sequence,KCF,,False,,,,,,276,290,40,99,,,,,,0,0,0,0,0,0,0,0,False,-1,15.232
2026-04-02T15:37:42.327,1871,sequence,KCF,,False,,,,,,275,289,44,99,,,,,,0,0,0,0,0,0,0,0,False,-1,17.204
2026-04-02T15:37:42.350,1872,sequence,KCF,,False,,,,,,274,289,47,99,,,,,,0,0,0,0,0,0,0,0,False,-1,18.904
2026-04-02T15:37:42.373,1873,sequence,KCF,,False,,,,,,272,289,50,100,,,,,,0,0,0,0,0,0,0,0,False,-1,18.381
2026-04-02T15:37:42.401,1874,sequence,KCF,,False,,,,,,272,289,52,100,,,,,,0,0,0,0,0,0,0,0,False,-1,22.507
2026-04-02T15:37:42.428,1875,sequence,KCF,,False,,,,,,272,288,53,101,,,,,,0,0,0,0,0,0,0,0,False,-1,21.063
2026-04-02T15:37:42.452,1876,sequence,KCF,,False,,,,,,272,288,54,101,,,,,,0,0,0,0,0,0,0,0,False,-1,21.416
2026-04-02T15:37:42.473,1877,sequence,KCF,,False,,,,,,272,287,56,101,,,,,,0,0,0,0,0,0,0,0,False,-1,17.393
2026-04-02T15:37:42.498,1878,sequence,KCF,,False,,,,,,272,285,59,102,,,,,,0,0,0,0,0,0,0,0,False,-1,21.041
2026-04-02T15:37:42.517,1879,sequence,KCF,,False,,,,,,273,284,61,103,,,,,,0,0,0,0,0,0,0,0,False,-1,14.911
2026-04-02T15:37:42.531,1880,sequence,KCF,,False,,,,,,274,283,62,103,,,,,,0,0,0,0,0,0,0,0,False,-1,11.58
2026-04-02T15:37:42.546,1881,sequence,KCF,,False,,,,,,275,282,64,103,,,,,,0,0,0,0,0,0,0,0,False,-1,12.97
2026-04-02T15:37:42.563,1882,sequence,KCF,,False,,,,,,276,281,66,103,,,,,,0,0,0,0,0,0,0,0,False,-1,14.514
2026-04-02T15:37:42.583,1883,sequence,KCF,,False,,,,,,278,279,66,101,,,,,,0,0,0,0,0,0,0,0,False,-1,16.962
2026-04-02T15:37:42.601,1884,sequence,KCF,,False,,,,,,280,279,67,101,,,,,,0,0,0,0,0,0,0,0,False,-1,15.458
2026-04-02T15:37:42.618,1885,sequence,KCF,,False,,,,,,282,277,68,99,,,,,,0,0,0,0,0,0,0,0,False,-1,13.252
2026-04-02T15:37:42.633,1886,sequence,KCF,,False,,,,,,286,274,68,100,,,,,,0,0,0,0,0,0,0,0,False,-1,12.358
2026-04-02T15:37:42.650,1887,sequence,KCF,,False,,,,,,288,271,68,101,,,,,,0,0,0,0,0,0,0,0,False,-1,13.756
2026-04-02T15:37:42.668,1888,sequence,KCF,,False,,,,,,292,268,68,102,,,,,,0,0,0,0,0,0,0,0,False,-1,15.187
2026-04-02T15:37:42.685,1889,sequence,KCF,,False,,,,,,294,265,67,103,,,,,,0,0,0,0,0,0,0,0,False,-1,13.768
2026-04-02T15:37:42.702,1890,sequence,KCF,,False,,,,,,297,263,66,103,,,,,,0,0,0,0,0,0,0,0,False,-1,14.172
2026-04-02T15:37:42.721,1891,sequence,KCF,,False,,,,,,300,260,66,104,,,,,,0,0,0,0,0,0,0,0,False,-1,16.965
2026-04-02T15:37:42.742,1892,sequence,KCF,,False,,,,,,303,256,64,105,,,,,,0,0,0,0,0,0,0,0,False,-1,17.086
2026-04-02T15:37:42.760,1893,sequence,KCF,,False,,,,,,306,252,61,105,,,,,,0,0,0,0,0,0,0,0,False,-1,15.023
2026-04-02T15:37:42.778,1894,sequence,KCF,,False,,,,,,310,248,58,105,,,,,,0,0,0,0,0,0,0,0,False,-1,15.587
2026-04-02T15:37:42.798,1895,sequence,KCF,,False,,,,,,310,245,58,105,,,,,,0,0,0,0,0,0,0,0,False,-1,17.03
2026-04-02T15:37:42.820,1896,sequence,KCF,,False,,,,,,311,243,56,106,,,,,,0,0,0,0,0,0,0,0,False,-1,19.448
2026-04-02T15:37:42.844,1897,sequence,KCF,,False,,,,,,312,240,55,106,,,,,,0,0,0,0,0,0,0,0,False,-1,19.653
2026-04-02T15:37:42.864,1898,sequence,KCF,,False,,,,,,312,237,54,106,,,,,,0,0,0,0,0,0,0,0,False,-1,15.778
2026-04-02T15:37:42.880,1899,sequence,KCF,,False,,,,,,312,234,52,106,,,,,,0,0,0,0,0,0,0,0,False,-1,13.418
2026-04-02T15:37:42.898,1900,sequence,KCF,,False,,,,,,313,231,52,106,,,,,,0,0,0,0,0,0,0,0,False,-1,14.811
2026-04-02T15:37:42.913,1901,sequence,KCF,,False,,,,,,312,227,51,106,,,,,,0,0,0,0,0,0,0,0,False,-1,13.192
2026-04-02T15:37:42.933,1902,sequence,KCF,,False,,,,,,312,223,50,105,,,,,,0,0,0,0,0,0,0,0,False,-1,17.108
2026-04-02T15:37:42.954,1903,sequence,KCF,,False,,,,,,312,219,50,105,,,,,,0,0,0,0,0,0,0,0,False,-1,17.172
2026-04-02T15:37:42.970,1904,sequence,KCF,,False,,,,,,312,216,48,105,,,,,,0,0,0,0,0,0,0,0,False,-1,12.778
2026-04-02T15:37:42.985,1905,sequence,KCF,,False,,,,,,312,213,48,105,,,,,,0,0,0,0,0,0,0,0,False,-1,11.704
2026-04-02T15:37:42.999,1906,sequence,KCF,,False,,,,,,313,211,46,105,,,,,,0,0,0,0,0,0,0,0,False,-1,12.858
2026-04-02T15:37:43.014,1907,sequence,KCF,,False,,,,,,314,208,46,103,,,,,,0,0,0,0,0,0,0,0,False,-1,12.115
2026-04-02T15:37:43.028,1908,sequence,KCF,,False,,,,,,314,205,45,103,,,,,,0,0,0,0,0,0,0,0,False,-1,11.863
2026-04-02T15:37:43.040,1909,sequence,KCF,,False,,,,,,315,202,44,101,,,,,,0,0,0,0,0,0,0,0,False,-1,10.212
2026-04-02T15:37:43.053,1910,sequence,KCF,,False,,,,,,316,201,44,101,,,,,,0,0,0,0,0,0,0,0,False,-1,10.837
2026-04-02T15:37:43.065,1911,sequence,KCF,,False,,,,,,316,199,44,101,,,,,,0,0,0,0,0,0,0,0,False,-1,10.131
2026-04-02T15:37:43.081,1912,sequence,KCF,,False,,,,,,318,197,43,100,,,,,,0,0,0,0,0,0,0,0,False,-1,14.182
2026-04-02T15:37:43.097,1913,sequence,KCF,,False,,,,,,318,196,42,99,,,,,,0,0,0,0,0,0,0,0,False,-1,13.269
2026-04-02T15:37:43.112,1914,sequence,KCF,,False,,,,,,320,195,42,99,,,,,,0,0,0,0,0,0,0,0,False,-1,13.144
2026-04-02T15:37:43.127,1915,sequence,KCF,,False,,,,,,321,193,42,98,,,,,,0,0,0,0,0,0,0,0,False,-1,12.778
2026-04-02T15:37:43.143,1916,sequence,KCF,,False,,,,,,323,191,40,97,,,,,,0,0,0,0,0,0,0,0,False,-1,14.249
2026-04-02T15:37:43.160,1917,sequence,KCF,,False,,,,,,325,189,39,96,,,,,,0,0,0,0,0,0,0,0,False,-1,13.919
2026-04-02T15:37:43.175,1918,sequence,KCF,,False,,,,,,327,186,38,95,,,,,,0,0,0,0,0,0,0,0,False,-1,12.211
2026-04-02T15:37:43.189,1919,sequence,KCF,,False,,,,,,328,185,37,95,,,,,,0,0,0,0,0,0,0,0,False,-1,12.316
2026-04-02T15:37:43.204,1920,sequence,KCF,,False,,,,,,330,183,36,94,,,,,,0,0,0,0,0,0,0,0,False,-1,12.065
2026-04-02T15:37:43.218,1921,sequence,KCF,,False,,,,,,332,181,34,93,,,,,,0,0,0,0,0,0,0,0,False,-1,12.411
2026-04-02T15:37:43.237,1922,sequence,KCF,,False,,,,,,334,179,34,93,,,,,,0,0,0,0,0,0,0,0,False,-1,15.396
2026-04-02T15:37:43.255,1923,sequence,KCF,,False,,,,,,336,177,34,93,,,,,,0,0,0,0,0,0,0,0,False,-1,15.05
2026-04-02T15:37:43.275,1924,sequence,KCF,,False,,,,,,338,174,33,92,,,,,,0,0,0,0,0,0,0,0,False,-1,17.317
2026-04-02T15:37:43.295,1925,sequence,KCF,,False,,,,,,340,172,32,92,,,,,,0,0,0,0,0,0,0,0,False,-1,16.795
2026-04-02T15:37:43.312,1926,sequence,KCF,,False,,,,,,342,171,32,92,,,,,,0,0,0,0,0,0,0,0,False,-1,14.86
2026-04-02T15:37:43.326,1927,sequence,KCF,,False,,,,,,343,169,32,92,,,,,,0,0,0,0,0,0,0,0,False,-1,12.34
2026-04-02T15:37:43.341,1928,sequence,KCF,,False,,,,,,344,168,32,91,,,,,,0,0,0,0,0,0,0,0,False,-1,12.835
2026-04-02T15:37:43.355,1929,sequence,KCF,,False,,,,,,346,167,32,91,,,,,,0,0,0,0,0,0,0,0,False,-1,11.746
2026-04-02T15:37:43.367,1930,sequence,KCF,,False,,,,,,346,167,32,90,,,,,,0,0,0,0,0,0,0,0,False,-1,9.911
2026-04-02T15:37:43.380,1931,sequence,KCF,,False,,,,,,348,165,31,90,,,,,,0,0,0,0,0,0,0,0,False,-1,11.605
2026-04-02T15:37:43.396,1932,sequence,KCF,,False,,,,,,349,163,30,90,,,,,,0,0,0,0,0,0,0,0,False,-1,14.001
2026-04-02T15:37:43.415,1933,sequence,KCF,,False,,,,,,350,161,30,90,,,,,,0,0,0,0,0,0,0,0,False,-1,16.564
2026-04-02T15:37:43.434,1934,sequence,KCF,,False,,,,,,351,159,30,90,,,,,,0,0,0,0,0,0,0,0,False,-1,15.232
2026-04-02T15:37:43.450,1935,sequence,KCF,,False,,,,,,352,159,29,90,,,,,,0,0,0,0,0,0,0,0,False,-1,13.025
2026-04-02T15:37:43.465,1936,sequence,KCF,,False,,,,,,353,157,29,90,,,,,,0,0,0,0,0,0,0,0,False,-1,13.734
2026-04-02T15:37:43.480,1937,sequence,KCF,,False,,,,,,354,156,28,91,,,,,,0,0,0,0,0,0,0,0,False,-1,13.361
2026-04-02T15:37:43.498,1938,sequence,KCF,,False,,,,,,356,155,28,91,,,,,,0,0,0,0,0,0,0,0,False,-1,15.459
2026-04-02T15:37:43.515,1939,sequence,KCF,,False,,,,,,356,153,28,91,,,,,,0,0,0,0,0,0,0,0,False,-1,14.473
2026-04-02T15:37:43.535,1940,sequence,KCF,,False,,,,,,357,153,28,91,,,,,,0,0,0,0,0,0,0,0,False,-1,16.605
2026-04-02T15:37:43.552,1941,sequence,KCF,,False,,,,,,358,151,28,91,,,,,,0,0,0,0,0,0,0,0,False,-1,15.364
2026-04-02T15:37:43.572,1942,sequence,KCF,,False,,,,,,358,151,29,91,,,,,,0,0,0,0,0,0,0,0,False,-1,16.168
2026-04-02T15:37:43.590,1943,sequence,KCF,,False,,,,,,360,151,29,91,,,,,,0,0,0,0,0,0,0,0,False,-1,15.221
2026-04-02T15:37:43.614,1944,sequence,KCF,,False,,,,,,360,151,29,91,,,,,,0,0,0,0,0,0,0,0,False,-1,20.431
2026-04-02T15:37:43.635,1945,sequence,KCF,,False,,,,,,362,151,29,91,,,,,,0,0,0,0,0,0,0,0,False,-1,18.313
2026-04-02T15:37:43.661,1946,sequence,KCF,,False,,,,,,363,150,29,90,,,,,,0,0,0,0,0,0,0,0,False,-1,21.399
2026-04-02T15:37:43.681,1947,sequence,KCF,,False,,,,,,364,149,29,89,,,,,,0,0,0,0,0,0,0,0,False,-1,16.022
2026-04-02T15:37:43.697,1948,sequence,KCF,,False,,,,,,366,148,29,87,,,,,,0,0,0,0,0,0,0,0,False,-1,14.168
2026-04-02T15:37:43.714,1949,sequence,KCF,,False,,,,,,366,148,29,87,,,,,,0,0,0,0,0,0,0,0,False,-1,14.451
2026-04-02T15:37:43.732,1950,sequence,KCF,,False,,,,,,368,148,29,86,,,,,,0,0,0,0,0,0,0,0,False,-1,14.701
2026-04-02T15:37:43.750,1951,sequence,KCF,,False,,,,,,368,148,29,85,,,,,,0,0,0,0,0,0,0,0,False,-1,15.799
2026-04-02T15:37:43.767,1952,sequence,KCF,,False,,,,,,370,148,28,83,,,,,,0,0,0,0,0,0,0,0,False,-1,14.269
2026-04-02T15:37:43.783,1953,sequence,KCF,,False,,,,,,372,148,28,82,,,,,,0,0,0,0,0,0,0,0,False,-1,13.286
2026-04-02T15:37:43.800,1954,sequence,KCF,,False,,,,,,374,148,26,80,,,,,,0,0,0,0,0,0,0,0,False,-1,14.986
2026-04-02T15:37:43.820,1955,sequence,KCF,,False,,,,,,374,147,26,80,,,,,,0,0,0,0,0,0,0,0,False,-1,17.178
2026-04-02T15:37:43.843,1956,sequence,KCF,,False,,,,,,375,146,26,80,,,,,,0,0,0,0,0,0,0,0,False,-1,20.485
2026-04-02T15:37:43.865,1957,sequence,KCF,,False,,,,,,376,145,26,80,,,,,,0,0,0,0,0,0,0,0,False,-1,18.528
2026-04-02T15:37:43.883,1958,sequence,KCF,,False,,,,,,377,145,26,80,,,,,,0,0,0,0,0,0,0,0,False,-1,14.825
2026-04-02T15:37:43.900,1959,sequence,KCF,,False,,,,,,378,145,25,79,,,,,,0,0,0,0,0,0,0,0,False,-1,14.192
2026-04-02T15:37:43.915,1960,sequence,KCF,,False,,,,,,379,145,24,79,,,,,,0,0,0,0,0,0,0,0,False,-1,12.591
2026-04-02T15:37:43.930,1961,sequence,KCF,,False,,,,,,380,143,24,79,,,,,,0,0,0,0,0,0,0,0,False,-1,13.521
2026-04-02T15:37:43.946,1962,sequence,KCF,,False,,,,,,382,142,24,79,,,,,,0,0,0,0,0,0,0,0,False,-1,13.753
2026-04-02T15:37:43.961,1963,sequence,KCF,,False,,,,,,383,141,23,79,,,,,,0,0,0,0,0,0,0,0,False,-1,12.223
2026-04-02T15:37:43.975,1964,sequence,KCF,,False,,,,,,384,141,23,79,,,,,,0,0,0,0,0,0,0,0,False,-1,12.162
2026-04-02T15:37:43.987,1965,sequence,KCF,,False,,,,,,384,141,24,79,,,,,,0,0,0,0,0,0,0,0,False,-1,10.939
2026-04-02T15:37:44.000,1966,sequence,KCF,,False,,,,,,384,141,24,79,,,,,,0,0,0,0,0,0,0,0,False,-1,11.241
2026-04-02T15:37:44.014,1967,sequence,KCF,,False,,,,,,385,140,24,80,,,,,,0,0,0,0,0,0,0,0,False,-1,11.929
2026-04-02T15:37:44.029,1968,sequence,KCF,,False,,,,,,386,139,24,81,,,,,,0,0,0,0,0,0,0,0,False,-1,13.007
2026-04-02T15:37:44.044,1969,sequence,KCF,,False,,,,,,386,138,24,81,,,,,,0,0,0,0,0,0,0,0,False,-1,12.96
2026-04-02T15:37:44.058,1970,sequence,KCF,,False,,,,,,386,138,24,81,,,,,,0,0,0,0,0,0,0,0,False,-1,11.678
2026-04-02T15:37:44.071,1971,sequence,KCF,,False,,,,,,386,137,24,81,,,,,,0,0,0,0,0,0,0,0,False,-1,11.548
2026-04-02T15:37:44.085,1972,sequence,KCF,,False,,,,,,386,137,24,81,,,,,,0,0,0,0,0,0,0,0,False,-1,11.917
2026-04-02T15:37:44.099,1973,sequence,KCF,,False,,,,,,386,137,24,81,,,,,,0,0,0,0,0,0,0,0,False,-1,11.683
2026-04-02T15:37:44.110,1974,sequence,KCF,,False,,,,,,387,137,25,81,,,,,,0,0,0,0,0,0,0,0,False,-1,9.689
2026-04-02T15:37:44.123,1975,sequence,KCF,,False,,,,,,387,137,26,81,,,,,,0,0,0,0,0,0,0,0,False,-1,10.414
2026-04-02T15:37:44.135,1976,sequence,KCF,,False,,,,,,387,137,26,80,,,,,,0,0,0,0,0,0,0,0,False,-1,10.864
2026-04-02T15:37:44.148,1977,sequence,KCF,,False,,,,,,388,137,26,79,,,,,,0,0,0,0,0,0,0,0,False,-1,11.054
2026-04-02T15:37:44.161,1978,sequence,KCF,,False,,,,,,388,137,26,78,,,,,,0,0,0,0,0,0,0,0,False,-1,11.685
2026-04-02T15:37:44.174,1979,sequence,KCF,,False,,,,,,388,137,26,77,,,,,,0,0,0,0,0,0,0,0,False,-1,10.861
2026-04-02T15:37:44.187,1980,sequence,KCF,,False,,,,,,388,137,25,76,,,,,,0,0,0,0,0,0,0,0,False,-1,10.973
2026-04-02T15:37:44.199,1981,sequence,KCF,,False,,,,,,388,137,24,75,,,,,,0,0,0,0,0,0,0,0,False,-1,10.79
2026-04-02T15:37:44.212,1982,sequence,KCF,,False,,,,,,388,136,24,75,,,,,,0,0,0,0,0,0,0,0,False,-1,11.02
2026-04-02T15:37:44.225,1983,sequence,KCF,,False,,,,,,388,135,24,75,,,,,,0,0,0,0,0,0,0,0,False,-1,11.012
2026-04-02T15:37:44.238,1984,sequence,KCF,,False,,,,,,388,134,23,75,,,,,,0,0,0,0,0,0,0,0,False,-1,10.612
2026-04-02T15:37:44.250,1985,sequence,KCF,,False,,,,,,388,133,22,76,,,,,,0,0,0,0,0,0,0,0,False,-1,10.706
2026-04-02T15:37:44.263,1986,sequence,KCF,,False,,,,,,388,132,22,77,,,,,,0,0,0,0,0,0,0,0,False,-1,11.43
2026-04-02T15:37:44.276,1987,sequence,KCF,,False,,,,,,388,131,22,77,,,,,,0,0,0,0,0,0,0,0,False,-1,10.684
2026-04-02T15:37:44.289,1988,sequence,KCF,,False,,,,,,388,130,22,77,,,,,,0,0,0,0,0,0,0,0,False,-1,11.634
2026-04-02T15:37:44.303,1989,sequence,KCF,,False,,,,,,388,130,22,77,,,,,,0,0,0,0,0,0,0,0,False,-1,11.659
2026-04-02T15:37:44.317,1990,sequence,KCF,,False,,,,,,388,129,22,77,,,,,,0,0,0,0,0,0,0,0,False,-1,11.377
2026-04-02T15:37:44.330,1991,sequence,KCF,,False,,,,,,388,129,22,77,,,,,,0,0,0,0,0,0,0,0,False,-1,12.238
2026-04-02T15:37:44.345,1992,sequence,KCF,,False,,,,,,388,129,22,77,,,,,,0,0,0,0,0,0,0,0,False,-1,12.163
2026-04-02T15:37:44.358,1993,sequence,KCF,,False,,,,,,388,128,21,77,,,,,,0,0,0,0,0,0,0,0,False,-1,11.84
2026-04-02T15:37:44.373,1994,sequence,KCF,,False,,,,,,388,128,21,77,,,,,,0,0,0,0,0,0,0,0,False,-1,11.831
2026-04-02T15:37:44.386,1995,sequence,KCF,,False,,,,,,388,128,21,77,,,,,,0,0,0,0,0,0,0,0,False,-1,11.338
2026-04-02T15:37:44.399,1996,sequence,KCF,,False,,,,,,388,128,21,77,,,,,,0,0,0,0,0,0,0,0,False,-1,11.397
2026-04-02T15:37:44.414,1997,sequence,KCF,,False,,,,,,387,128,22,77,,,,,,0,0,0,0,0,0,0,0,False,-1,12.786
2026-04-02T15:37:44.427,1998,sequence,KCF,,False,,,,,,386,127,22,75,,,,,,0,0,0,0,0,0,0,0,False,-1,11.017
2026-04-02T15:37:44.440,1999,sequence,KCF,,False,,,,,,384,127,22,75,,,,,,0,0,0,0,0,0,0,0,False,-1,11.353
2026-04-02T15:37:44.454,2000,sequence,KCF,,False,,,,,,384,127,22,75,,,,,,0,0,0,0,0,0,0,0,False,-1,11.682
2026-04-02T15:37:44.467,2001,sequence,KCF,,False,,,,,,384,126,22,75,,,,,,0,0,0,0,0,0,0,0,False,-1,11.192
2026-04-02T15:37:44.480,2002,sequence,KCF,,False,,,,,,383,125,22,75,,,,,,0,0,0,0,0,0,0,0,False,-1,11.242
2026-04-02T15:37:44.493,2003,sequence,KCF,,False,,,,,,382,125,22,74,,,,,,0,0,0,0,0,0,0,0,False,-1,11.73
2026-04-02T15:37:44.508,2004,sequence,KCF,,False,,,,,,381,125,24,73,,,,,,0,0,0,0,0,0,0,0,False,-1,12.173
2026-04-02T15:37:44.521,2005,sequence,KCF,,False,,,,,,380,125,24,73,,,,,,0,0,0,0,0,0,0,0,False,-1,11.758
2026-04-02T15:37:44.535,2006,sequence,KCF,,False,,,,,,380,124,24,73,,,,,,0,0,0,0,0,0,0,0,False,-1,11.799
2026-04-02T15:37:44.548,2007,sequence,KCF,,False,,,,,,380,123,24,73,,,,,,0,0,0,0,0,0,0,0,False,-1,11.762
2026-04-02T15:37:44.562,2008,sequence,KCF,,False,,,,,,379,123,24,73,,,,,,0,0,0,0,0,0,0,0,False,-1,12.282
2026-04-02T15:37:44.576,2009,sequence,KCF,,False,,,,,,379,122,24,73,,,,,,0,0,0,0,0,0,0,0,False,-1,11.674
2026-04-02T15:37:44.590,2010,sequence,KCF,,False,,,,,,378,121,24,73,,,,,,0,0,0,0,0,0,0,0,False,-1,11.956
2026-04-02T15:37:44.605,2011,sequence,KCF,,False,,,,,,378,121,24,73,,,,,,0,0,0,0,0,0,0,0,False,-1,13.39
2026-04-02T15:37:44.623,2012,sequence,KCF,,False,,,,,,379,121,23,72,,,,,,0,0,0,0,0,0,0,0,False,-1,16.058
2026-04-02T15:37:44.641,2013,sequence,KCF,,False,,,,,,379,121,22,71,,,,,,0,0,0,0,0,0,0,0,False,-1,14.416
2026-04-02T15:37:44.658,2014,sequence,KCF,,False,,,,,,380,122,22,70,,,,,,0,0,0,0,0,0,0,0,False,-1,15.162
2026-04-02T15:37:44.672,2015,sequence,KCF,,False,,,,,,378,121,22,70,,,,,,0,0,0,0,0,0,0,0,False,-1,12.621
2026-04-02T15:37:44.689,2016,sequence,KCF,,False,,,,,,378,121,23,69,,,,,,0,0,0,0,0,0,0,0,False,-1,14.316
2026-04-02T15:37:44.710,2017,sequence,KCF,,False,,,,,,376,121,24,69,,,,,,0,0,0,0,0,0,0,0,False,-1,18.567
2026-04-02T15:37:44.735,2018,sequence,KCF,,False,,,,,,376,120,24,69,,,,,,0,0,0,0,0,0,0,0,False,-1,20.408
2026-04-02T15:37:44.759,2019,sequence,KCF,,False,,,,,,375,119,25,69,,,,,,0,0,0,0,0,0,0,0,False,-1,20.52
2026-04-02T15:37:44.780,2020,sequence,KCF,,False,,,,,,374,118,26,69,,,,,,0,0,0,0,0,0,0,0,False,-1,17.881
2026-04-02T15:37:44.799,2021,sequence,KCF,,False,,,,,,373,117,25,69,,,,,,0,0,0,0,0,0,0,0,False,-1,16.238
2026-04-02T15:37:44.820,2022,sequence,KCF,,False,,,,,,372,116,24,69,,,,,,0,0,0,0,0,0,0,0,False,-1,17.22
2026-04-02T15:37:44.834,2023,sequence,KCF,,False,,,,,,372,115,24,69,,,,,,0,0,0,0,0,0,0,0,False,-1,11.895
2026-04-02T15:37:44.848,2024,sequence,KCF,,False,,,,,,370,115,24,69,,,,,,0,0,0,0,0,0,0,0,False,-1,12.304
2026-04-02T15:37:44.862,2025,sequence,KCF,,False,,,,,,370,114,24,69,,,,,,0,0,0,0,0,0,0,0,False,-1,11.951
2026-04-02T15:37:44.875,2026,sequence,KCF,,False,,,,,,368,113,24,69,,,,,,0,0,0,0,0,0,0,0,False,-1,11.241
2026-04-02T15:37:44.888,2027,sequence,KCF,,False,,,,,,368,113,24,69,,,,,,0,0,0,0,0,0,0,0,False,-1,11.823
2026-04-02T15:37:44.900,2028,sequence,KCF,,False,,,,,,367,112,24,69,,,,,,0,0,0,0,0,0,0,0,False,-1,10.135
2026-04-02T15:37:44.913,2029,sequence,KCF,,False,,,,,,366,111,24,69,,,,,,0,0,0,0,0,0,0,0,False,-1,10.874
2026-04-02T15:37:44.927,2030,sequence,KCF,,False,,,,,,366,111,24,69,,,,,,0,0,0,0,0,0,0,0,False,-1,11.267
2026-04-02T15:37:44.940,2031,sequence,KCF,,False,,,,,,365,109,24,69,,,,,,0,0,0,0,0,0,0,0,False,-1,11.504
2026-04-02T15:37:44.955,2032,sequence,KCF,,False,,,,,,364,109,24,68,,,,,,0,0,0,0,0,0,0,0,False,-1,12.747
2026-04-02T15:37:44.973,2033,sequence,KCF,,False,,,,,,364,108,24,68,,,,,,0,0,0,0,0,0,0,0,False,-1,15.621
2026-04-02T15:37:44.992,2034,sequence,KCF,,False,,,,,,364,108,24,68,,,,,,0,0,0,0,0,0,0,0,False,-1,15.446
2026-04-02T15:37:45.008,2035,sequence,KCF,,False,,,,,,364,107,24,68,,,,,,0,0,0,0,0,0,0,0,False,-1,13.596
2026-04-02T15:37:45.026,2036,sequence,KCF,,False,,,,,,363,107,24,68,,,,,,0,0,0,0,0,0,0,0,False,-1,15.439
2026-04-02T15:37:45.042,2037,sequence,KCF,,False,,,,,,362,107,24,68,,,,,,0,0,0,0,0,0,0,0,False,-1,13.174
2026-04-02T15:37:45.059,2038,sequence,KCF,,False,,,,,,362,107,24,68,,,,,,0,0,0,0,0,0,0,0,False,-1,14.711
2026-04-02T15:37:45.080,2039,sequence,KCF,,False,,,,,,361,107,24,67,,,,,,0,0,0,0,0,0,0,0,False,-1,16.713
2026-04-02T15:37:45.100,2040,sequence,KCF,,False,,,,,,361,106,24,67,,,,,,0,0,0,0,0,0,0,0,False,-1,17.276
2026-04-02T15:37:45.118,2041,sequence,KCF,,False,,,,,,360,106,24,66,,,,,,0,0,0,0,0,0,0,0,False,-1,15.361
2026-04-02T15:37:45.140,2042,sequence,KCF,,False,,,,,,360,105,24,67,,,,,,0,0,0,0,0,0,0,0,False,-1,17.879
2026-04-02T15:37:45.165,2043,sequence,KCF,,False,,,,,,360,105,24,67,,,,,,0,0,0,0,0,0,0,0,False,-1,20.908
2026-04-02T15:37:45.184,2044,sequence,KCF,,False,,,,,,359,104,24,67,,,,,,0,0,0,0,0,0,0,0,False,-1,15.336
2026-04-02T15:37:45.199,2045,sequence,KCF,,False,,,,,,359,103,24,67,,,,,,0,0,0,0,0,0,0,0,False,-1,13.748
2026-04-02T15:37:45.214,2046,sequence,KCF,,False,,,,,,359,103,24,67,,,,,,0,0,0,0,0,0,0,0,False,-1,12.261
2026-04-02T15:37:45.227,2047,sequence,KCF,,False,,,,,,359,103,24,67,,,,,,0,0,0,0,0,0,0,0,False,-1,11.594
2026-04-02T15:37:45.241,2048,sequence,KCF,,False,,,,,,359,102,23,68,,,,,,0,0,0,0,0,0,0,0,False,-1,11.359
2026-04-02T15:37:45.253,2049,sequence,KCF,,False,,,,,,360,102,23,68,,,,,,0,0,0,0,0,0,0,0,False,-1,10.378
2026-04-02T15:37:45.267,2050,sequence,KCF,,False,,,,,,360,101,22,69,,,,,,0,0,0,0,0,0,0,0,False,-1,11.844
2026-04-02T15:37:45.281,2051,sequence,KCF,,False,,,,,,359,101,24,69,,,,,,0,0,0,0,0,0,0,0,False,-1,11.777
2026-04-02T15:37:45.295,2052,sequence,KCF,,False,,,,,,358,102,25,69,,,,,,0,0,0,0,0,0,0,0,False,-1,11.899
2026-04-02T15:37:45.310,2053,sequence,KCF,,False,,,,,,358,102,26,69,,,,,,0,0,0,0,0,0,0,0,False,-1,12.985
2026-04-02T15:37:45.328,2054,sequence,KCF,,False,,,,,,357,102,26,69,,,,,,0,0,0,0,0,0,0,0,False,-1,14.792
2026-04-02T15:37:45.341,2055,sequence,KCF,,False,,,,,,356,102,27,69,,,,,,0,0,0,0,0,0,0,0,False,-1,11.871
2026-04-02T15:37:45.355,2056,sequence,KCF,,False,,,,,,356,102,28,69,,,,,,0,0,0,0,0,0,0,0,False,-1,11.464
2026-04-02T15:37:45.369,2057,sequence,KCF,,False,,,,,,356,103,27,68,,,,,,0,0,0,0,0,0,0,0,False,-1,11.561
2026-04-02T15:37:45.384,2058,sequence,KCF,,False,,,,,,356,103,26,67,,,,,,0,0,0,0,0,0,0,0,False,-1,12.765
2026-04-02T15:37:45.397,2059,sequence,KCF,,False,,,,,,356,104,26,66,,,,,,0,0,0,0,0,0,0,0,False,-1,10.569
2026-04-02T15:37:45.410,2060,sequence,KCF,,False,,,,,,356,104,26,66,,,,,,0,0,0,0,0,0,0,0,False,-1,11.581
2026-04-02T15:37:45.421,2061,sequence,KCF,,False,,,,,,355,104,26,66,,,,,,0,0,0,0,0,0,0,0,False,-1,9.708
2026-04-02T15:37:45.434,2062,sequence,KCF,,False,,,,,,354,104,26,66,,,,,,0,0,0,0,0,0,0,0,False,-1,10.828
2026-04-02T15:37:45.446,2063,sequence,KCF,,False,,,,,,354,103,26,67,,,,,,0,0,0,0,0,0,0,0,False,-1,10.13
2026-04-02T15:37:45.459,2064,sequence,KCF,,False,,,,,,354,103,25,68,,,,,,0,0,0,0,0,0,0,0,False,-1,10.737
2026-04-02T15:37:45.470,2065,sequence,KCF,,False,,,,,,354,103,24,69,,,,,,0,0,0,0,0,0,0,0,False,-1,10.262
2026-04-02T15:37:45.482,2066,sequence,KCF,,False,,,,,,353,103,24,69,,,,,,0,0,0,0,0,0,0,0,False,-1,9.643
2026-04-02T15:37:45.494,2067,sequence,KCF,,False,,,,,,352,103,24,69,,,,,,0,0,0,0,0,0,0,0,False,-1,9.667
2026-04-02T15:37:45.506,2068,sequence,KCF,,False,,,,,,351,103,24,69,,,,,,0,0,0,0,0,0,0,0,False,-1,10.678
2026-04-02T15:37:45.519,2069,sequence,KCF,,False,,,,,,351,104,24,69,,,,,,0,0,0,0,0,0,0,0,False,-1,10.334
2026-04-02T15:37:45.532,2070,sequence,KCF,,False,,,,,,350,105,24,68,,,,,,0,0,0,0,0,0,0,0,False,-1,11.93
2026-04-02T15:37:45.550,2071,sequence,KCF,,False,,,,,,350,106,23,67,,,,,,0,0,0,0,0,0,0,0,False,-1,15.14
2026-04-02T15:37:45.568,2072,sequence,KCF,,False,,,,,,350,106,23,67,,,,,,0,0,0,0,0,0,0,0,False,-1,15.204
2026-04-02T15:37:45.584,2073,sequence,KCF,,False,,,,,,349,107,23,67,,,,,,0,0,0,0,0,0,0,0,False,-1,13.459
2026-04-02T15:37:45.601,2074,sequence,KCF,,False,,,,,,348,107,23,67,,,,,,0,0,0,0,0,0,0,0,False,-1,13.935
2026-04-02T15:37:45.615,2075,sequence,KCF,,False,,,,,,347,107,23,67,,,,,,0,0,0,0,0,0,0,0,False,-1,12.936
2026-04-02T15:37:45.631,2076,sequence,KCF,,False,,,,,,346,107,23,67,,,,,,0,0,0,0,0,0,0,0,False,-1,13.089
2026-04-02T15:37:45.648,2077,sequence,KCF,,False,,,,,,346,107,23,67,,,,,,0,0,0,0,0,0,0,0,False,-1,14.701
2026-04-02T15:37:45.666,2078,sequence,KCF,,False,,,,,,346,107,22,67,,,,,,0,0,0,0,0,0,0,0,False,-1,15.043
2026-04-02T15:37:45.683,2079,sequence,KCF,,False,,,,,,346,107,22,67,,,,,,0,0,0,0,0,0,0,0,False,-1,15.101
2026-04-02T15:37:45.700,2080,sequence,KCF,,False,,,,,,346,107,22,66,,,,,,0,0,0,0,0,0,0,0,False,-1,14.546
2026-04-02T15:37:45.716,2081,sequence,KCF,,False,,,,,,346,108,22,65,,,,,,0,0,0,0,0,0,0,0,False,-1,13.146
2026-04-02T15:37:45.731,2082,sequence,KCF,,False,,,,,,346,109,21,64,,,,,,0,0,0,0,0,0,0,0,False,-1,12.978
2026-04-02T15:37:45.745,2083,sequence,KCF,,False,,,,,,347,110,20,63,,,,,,0,0,0,0,0,0,0,0,False,-1,11.809
2026-04-02T15:37:45.760,2084,sequence,KCF,,False,,,,,,347,111,20,62,,,,,,0,0,0,0,0,0,0,0,False,-1,13.099
2026-04-02T15:37:45.773,2085,sequence,KCF,,False,,,,,,346,112,20,62,,,,,,0,0,0,0,0,0,0,0,False,-1,11.198
2026-04-02T15:37:45.789,2086,sequence,KCF,,False,,,,,,346,113,20,61,,,,,,0,0,0,0,0,0,0,0,False,-1,13.308
2026-04-02T15:37:45.805,2087,sequence,KCF,,False,,,,,,346,113,20,61,,,,,,0,0,0,0,0,0,0,0,False,-1,13.562
2026-04-02T15:37:45.822,2088,sequence,KCF,,False,,,,,,347,113,20,61,,,,,,0,0,0,0,0,0,0,0,False,-1,15.012
2026-04-02T15:37:45.843,2089,sequence,KCF,,False,,,,,,347,113,20,60,,,,,,0,0,0,0,0,0,0,0,False,-1,17.501
2026-04-02T15:37:45.866,2090,sequence,KCF,,False,,,,,,347,113,20,60,,,,,,0,0,0,0,0,0,0,0,False,-1,18.746
2026-04-02T15:37:45.885,2091,sequence,KCF,,False,,,,,,346,113,20,60,,,,,,0,0,0,0,0,0,0,0,False,-1,15.927
2026-04-02T15:37:45.905,2092,sequence,KCF,,False,,,,,,346,113,20,60,,,,,,0,0,0,0,0,0,0,0,False,-1,16.34
2026-04-02T15:37:45.925,2093,sequence,KCF,,False,,,,,,346,112,20,61,,,,,,0,0,0,0,0,0,0,0,False,-1,17.825
2026-04-02T15:37:45.950,2094,sequence,KCF,,False,,,,,,346,111,20,62,,,,,,0,0,0,0,0,0,0,0,False,-1,20.489
2026-04-02T15:37:45.974,2095,sequence,KCF,,False,,,,,,346,110,20,63,,,,,,0,0,0,0,0,0,0,0,False,-1,20.799
2026-04-02T15:37:46.000,2096,sequence,KCF,,False,,,,,,346,109,20,63,,,,,,0,0,0,0,0,0,0,0,False,-1,20.735
2026-04-02T15:37:46.021,2097,sequence,KCF,,False,,,,,,346,109,20,64,,,,,,0,0,0,0,0,0,0,0,False,-1,17.083
2026-04-02T15:37:46.043,2098,sequence,KCF,,False,,,,,,346,109,20,65,,,,,,0,0,0,0,0,0,0,0,False,-1,17.821
2026-04-02T15:37:46.064,2099,sequence,KCF,,False,,,,,,345,109,20,65,,,,,,0,0,0,0,0,0,0,0,False,-1,17.361
2026-04-02T15:37:46.082,2100,sequence,KCF,,False,,,,,,344,109,21,65,,,,,,0,0,0,0,0,0,0,0,False,-1,16.193
2026-04-02T15:37:46.101,2101,sequence,KCF,,False,,,,,,344,109,22,65,,,,,,0,0,0,0,0,0,0,0,False,-1,15.901
2026-04-02T15:37:46.117,2102,sequence,KCF,,False,,,,,,344,109,22,65,,,,,,0,0,0,0,0,0,0,0,False,-1,13.101
2026-04-02T15:37:46.130,2103,sequence,KCF,,False,,,,,,343,109,22,65,,,,,,0,0,0,0,0,0,0,0,False,-1,10.588
2026-04-02T15:37:46.142,2104,sequence,KCF,,False,,,,,,342,109,23,65,,,,,,0,0,0,0,0,0,0,0,False,-1,11.106
2026-04-02T15:37:46.158,2105,sequence,KCF,,False,,,,,,342,109,23,65,,,,,,0,0,0,0,0,0,0,0,False,-1,13.583
2026-04-02T15:37:46.175,2106,sequence,KCF,,False,,,,,,342,109,23,65,,,,,,0,0,0,0,0,0,0,0,False,-1,14.187
2026-04-02T15:37:46.192,2107,sequence,KCF,,False,,,,,,342,109,23,65,,,,,,0,0,0,0,0,0,0,0,False,-1,14.373
2026-04-02T15:37:46.208,2108,sequence,KCF,,False,,,,,,343,109,23,65,,,,,,0,0,0,0,0,0,0,0,False,-1,13.244
2026-04-02T15:37:46.223,2109,sequence,KCF,,False,,,,,,344,110,22,64,,,,,,0,0,0,0,0,0,0,0,False,-1,12.44
2026-04-02T15:37:46.235,2110,sequence,KCF,,False,,,,,,344,111,22,63,,,,,,0,0,0,0,0,0,0,0,False,-1,10.749
2026-04-02T15:37:46.249,2111,sequence,KCF,,False,,,,,,346,111,22,63,,,,,,0,0,0,0,0,0,0,0,False,-1,12.534
2026-04-02T15:37:46.266,2112,sequence,KCF,,False,,,,,,348,113,21,63,,,,,,0,0,0,0,0,0,0,0,False,-1,13.645
2026-04-02T15:37:46.283,2113,sequence,KCF,,False,,,,,,349,113,20,62,,,,,,0,0,0,0,0,0,0,0,False,-1,14.915
2026-04-02T15:37:46.301,2114,sequence,KCF,,False,,,,,,350,113,20,62,,,,,,0,0,0,0,0,0,0,0,False,-1,14.532
2026-04-02T15:37:46.318,2115,sequence,KCF,,False,,,,,,350,113,20,62,,,,,,0,0,0,0,0,0,0,0,False,-1,14.647
2026-04-02T15:37:46.335,2116,sequence,KCF,,False,,,,,,351,113,20,62,,,,,,0,0,0,0,0,0,0,0,False,-1,14.795
2026-04-02T15:37:46.353,2117,sequence,KCF,,False,,,,,,351,113,21,62,,,,,,0,0,0,0,0,0,0,0,False,-1,14.279
2026-04-02T15:37:46.371,2118,sequence,KCF,,False,,,,,,352,114,21,62,,,,,,0,0,0,0,0,0,0,0,False,-1,14.18
2026-04-02T15:37:46.386,2119,sequence,KCF,,False,,,,,,352,114,22,62,,,,,,0,0,0,0,0,0,0,0,False,-1,12.379
2026-04-02T15:37:46.399,2120,sequence,KCF,,False,,,,,,352,115,22,61,,,,,,0,0,0,0,0,0,0,0,False,-1,11.407
2026-04-02T15:37:46.410,2121,sequence,KCF,,False,,,,,,352,115,22,61,,,,,,0,0,0,0,0,0,0,0,False,-1,9.827
2026-04-02T15:37:46.425,2122,sequence,KCF,,False,,,,,,352,115,22,61,,,,,,0,0,0,0,0,0,0,0,False,-1,12.441
2026-04-02T15:37:46.439,2123,sequence,KCF,,False,,,,,,352,115,22,61,,,,,,0,0,0,0,0,0,0,0,False,-1,12.334
2026-04-02T15:37:46.456,2124,sequence,KCF,,False,,,,,,352,115,22,62,,,,,,0,0,0,0,0,0,0,0,False,-1,13.995
2026-04-02T15:37:46.473,2125,sequence,KCF,,False,,,,,,352,114,22,63,,,,,,0,0,0,0,0,0,0,0,False,-1,14.711
2026-04-02T15:37:46.489,2126,sequence,KCF,,False,,,,,,352,114,22,63,,,,,,0,0,0,0,0,0,0,0,False,-1,13.399
2026-04-02T15:37:46.503,2127,sequence,KCF,,False,,,,,,352,114,22,63,,,,,,0,0,0,0,0,0,0,0,False,-1,11.205
2026-04-02T15:37:46.518,2128,sequence,KCF,,False,,,,,,352,114,22,63,,,,,,0,0,0,0,0,0,0,0,False,-1,12.968
2026-04-02T15:37:46.534,2129,sequence,KCF,,False,,,,,,352,114,22,63,,,,,,0,0,0,0,0,0,0,0,False,-1,13.734
2026-04-02T15:37:46.552,2130,sequence,KCF,,False,,,,,,352,114,22,63,,,,,,0,0,0,0,0,0,0,0,False,-1,15.386
2026-04-02T15:37:46.568,2131,sequence,KCF,,False,,,,,,352,114,22,64,,,,,,0,0,0,0,0,0,0,0,False,-1,13.445
2026-04-02T15:37:46.585,2132,sequence,KCF,,False,,,,,,352,114,22,64,,,,,,0,0,0,0,0,0,0,0,False,-1,14.732
2026-04-02T15:37:46.605,2133,sequence,KCF,,False,,,,,,352,114,22,64,,,,,,0,0,0,0,0,0,0,0,False,-1,17.247
2026-04-02T15:37:46.626,2134,sequence,KCF,,False,,,,,,352,114,22,64,,,,,,0,0,0,0,0,0,0,0,False,-1,17.175
2026-04-02T15:37:46.646,2135,sequence,KCF,,False,,,,,,351,115,22,63,,,,,,0,0,0,0,0,0,0,0,False,-1,17.421
2026-04-02T15:37:46.665,2136,sequence,KCF,,False,,,,,,351,116,22,63,,,,,,0,0,0,0,0,0,0,0,False,-1,15.827
2026-04-02T15:37:46.679,2137,sequence,KCF,,False,,,,,,350,117,22,62,,,,,,0,0,0,0,0,0,0,0,False,-1,11.945
2026-04-02T15:37:46.698,2138,sequence,KCF,,False,,,,,,350,117,22,63,,,,,,0,0,0,0,0,0,0,0,False,-1,15.706
2026-04-02T15:37:46.720,2139,sequence,KCF,,False,,,,,,350,117,22,64,,,,,,0,0,0,0,0,0,0,0,False,-1,18.774
2026-04-02T15:37:46.740,2140,sequence,KCF,,False,,,,,,350,118,22,65,,,,,,0,0,0,0,0,0,0,0,False,-1,17.528
2026-04-02T15:37:46.761,2141,sequence,KCF,,False,,,,,,350,119,22,65,,,,,,0,0,0,0,0,0,0,0,False,-1,17.116
2026-04-02T15:37:46.780,2142,sequence,KCF,,False,,,,,,350,119,22,65,,,,,,0,0,0,0,0,0,0,0,False,-1,15.444
2026-04-02T15:37:46.799,2143,sequence,KCF,,False,,,,,,349,119,22,65,,,,,,0,0,0,0,0,0,0,0,False,-1,16.466
2026-04-02T15:37:46.822,2144,sequence,KCF,,False,,,,,,349,119,22,66,,,,,,0,0,0,0,0,0,0,0,False,-1,18.923
2026-04-02T15:37:46.840,2145,sequence,KCF,,False,,,,,,349,119,21,66,,,,,,0,0,0,0,0,0,0,0,False,-1,16.12
2026-04-02T15:37:46.858,2146,sequence,KCF,,False,,,,,,349,119,21,67,,,,,,0,0,0,0,0,0,0,0,False,-1,14.62
2026-04-02T15:37:46.879,2147,sequence,KCF,,False,,,,,,348,121,22,67,,,,,,0,0,0,0,0,0,0,0,False,-1,17.8
2026-04-02T15:37:46.899,2148,sequence,KCF,,False,,,,,,347,122,22,67,,,,,,0,0,0,0,0,0,0,0,False,-1,17.012
2026-04-02T15:37:46.916,2149,sequence,KCF,,False,,,,,,346,123,22,67,,,,,,0,0,0,0,0,0,0,0,False,-1,14.253
2026-04-02T15:37:46.932,2150,sequence,KCF,,False,,,,,,346,125,22,67,,,,,,0,0,0,0,0,0,0,0,False,-1,12.356
2026-04-02T15:37:46.947,2151,sequence,KCF,,False,,,,,,346,125,22,67,,,,,,0,0,0,0,0,0,0,0,False,-1,12.7
2026-04-02T15:37:46.963,2152,sequence,KCF,,False,,,,,,345,127,23,68,,,,,,0,0,0,0,0,0,0,0,False,-1,13.522
2026-04-02T15:37:46.979,2153,sequence,KCF,,False,,,,,,344,128,23,68,,,,,,0,0,0,0,0,0,0,0,False,-1,13.014
2026-04-02T15:37:46.995,2154,sequence,KCF,,False,,,,,,344,129,23,68,,,,,,0,0,0,0,0,0,0,0,False,-1,13.373
2026-04-02T15:37:47.009,2155,sequence,KCF,,False,,,,,,344,130,23,68,,,,,,0,0,0,0,0,0,0,0,False,-1,12.547
2026-04-02T15:37:47.023,2156,sequence,KCF,,False,,,,,,344,131,23,68,,,,,,0,0,0,0,0,0,0,0,False,-1,11.217
2026-04-02T15:37:47.036,2157,sequence,KCF,,False,,,,,,344,133,23,68,,,,,,0,0,0,0,0,0,0,0,False,-1,11.422
2026-04-02T15:37:47.051,2158,sequence,KCF,,False,,,,,,344,134,23,68,,,,,,0,0,0,0,0,0,0,0,False,-1,11.775
2026-04-02T15:37:47.067,2159,sequence,KCF,,False,,,,,,344,135,23,67,,,,,,0,0,0,0,0,0,0,0,False,-1,13.598
2026-04-02T15:37:47.083,2160,sequence,KCF,,False,,,,,,344,136,23,67,,,,,,0,0,0,0,0,0,0,0,False,-1,13.721
2026-04-02T15:37:47.098,2161,sequence,KCF,,False,,,,,,344,137,23,67,,,,,,0,0,0,0,0,0,0,0,False,-1,12.484
2026-04-02T15:37:47.112,2162,sequence,KCF,,False,,,,,,344,138,23,67,,,,,,0,0,0,0,0,0,0,0,False,-1,12.037
2026-04-02T15:37:47.128,2163,sequence,KCF,,False,,,,,,344,138,22,67,,,,,,0,0,0,0,0,0,0,0,False,-1,13.143
2026-04-02T15:37:47.147,2164,sequence,KCF,,False,,,,,,344,139,22,67,,,,,,0,0,0,0,0,0,0,0,False,-1,15.575
2026-04-02T15:37:47.162,2165,sequence,KCF,,False,,,,,,343,139,23,67,,,,,,0,0,0,0,0,0,0,0,False,-1,13.333
2026-04-02T15:37:47.176,2166,sequence,KCF,,False,,,,,,343,139,23,68,,,,,,0,0,0,0,0,0,0,0,False,-1,11.454
2026-04-02T15:37:47.190,2167,sequence,KCF,,False,,,,,,342,139,24,69,,,,,,0,0,0,0,0,0,0,0,False,-1,11.809
2026-04-02T15:37:47.208,2168,sequence,KCF,,False,,,,,,342,139,24,69,,,,,,0,0,0,0,0,0,0,0,False,-1,15.326
2026-04-02T15:37:47.223,2169,sequence,KCF,,False,,,,,,342,138,24,69,,,,,,0,0,0,0,0,0,0,0,False,-1,12.514
2026-04-02T15:37:47.237,2170,sequence,KCF,,False,,,,,,342,138,24,69,,,,,,0,0,0,0,0,0,0,0,False,-1,12.771
2026-04-02T15:37:47.254,2171,sequence,KCF,,False,,,,,,342,137,24,70,,,,,,0,0,0,0,0,0,0,0,False,-1,13.461
2026-04-02T15:37:47.270,2172,sequence,KCF,,False,,,,,,343,137,24,70,,,,,,0,0,0,0,0,0,0,0,False,-1,13.943
2026-04-02T15:37:47.291,2173,sequence,KCF,,False,,,,,,343,137,24,71,,,,,,0,0,0,0,0,0,0,0,False,-1,17.206
2026-04-02T15:37:47.314,2174,sequence,KCF,,False,,,,,,344,137,24,71,,,,,,0,0,0,0,0,0,0,0,False,-1,18.953
2026-04-02T15:37:47.337,2175,sequence,KCF,,False,,,,,,344,137,24,71,,,,,,0,0,0,0,0,0,0,0,False,-1,20.323
2026-04-02T15:37:47.357,2176,sequence,KCF,,False,,,,,,344,138,24,71,,,,,,0,0,0,0,0,0,0,0,False,-1,16.762
2026-04-02T15:37:47.371,2177,sequence,KCF,,False,,,,,,344,138,24,71,,,,,,0,0,0,0,0,0,0,0,False,-1,12.01
2026-04-02T15:37:47.389,2178,sequence,KCF,,False,,,,,,344,138,24,71,,,,,,0,0,0,0,0,0,0,0,False,-1,15.369
2026-04-02T15:37:47.412,2179,sequence,KCF,,False,,,,,,344,138,24,71,,,,,,0,0,0,0,0,0,0,0,False,-1,18.948
2026-04-02T15:37:47.430,2180,sequence,KCF,,False,,,,,,344,138,24,71,,,,,,0,0,0,0,0,0,0,0,False,-1,16.149
2026-04-02T15:37:47.447,2181,sequence,KCF,,False,,,,,,344,138,24,71,,,,,,0,0,0,0,0,0,0,0,False,-1,14.6
2026-04-02T15:37:47.468,2182,sequence,KCF,,False,,,,,,344,138,24,71,,,,,,0,0,0,0,0,0,0,0,False,-1,18.154
2026-04-02T15:37:47.492,2183,sequence,KCF,,False,,,,,,344,138,24,72,,,,,,0,0,0,0,0,0,0,0,False,-1,20.729
2026-04-02T15:37:47.519,2184,sequence,KCF,,False,,,,,,344,137,25,73,,,,,,0,0,0,0,0,0,0,0,False,-1,22.118
2026-04-02T15:37:47.540,2185,sequence,KCF,,False,,,,,,344,137,25,73,,,,,,0,0,0,0,0,0,0,0,False,-1,18.301
2026-04-02T15:37:47.568,2186,sequence,KCF,,False,,,,,,346,137,24,73,,,,,,0,0,0,0,0,0,0,0,False,-1,22.891
2026-04-02T15:37:47.592,2187,sequence,KCF,,False,,,,,,346,137,24,72,,,,,,0,0,0,0,0,0,0,0,False,-1,19.878
2026-04-02T15:37:47.614,2188,sequence,KCF,,False,,,,,,347,137,24,71,,,,,,0,0,0,0,0,0,0,0,False,-1,18.364
2026-04-02T15:37:47.634,2189,sequence,KCF,,False,,,,,,348,137,24,72,,,,,,0,0,0,0,0,0,0,0,False,-1,16.97
2026-04-02T15:37:47.657,2190,sequence,KCF,,False,,,,,,348,137,24,73,,,,,,0,0,0,0,0,0,0,0,False,-1,19.874
2026-04-02T15:37:47.676,2191,sequence,KCF,,False,,,,,,348,136,24,74,,,,,,0,0,0,0,0,0,0,0,False,-1,15.32
2026-04-02T15:37:47.690,2192,sequence,KCF,,False,,,,,,349,135,24,75,,,,,,0,0,0,0,0,0,0,0,False,-1,12.573
2026-04-02T15:37:47.707,2193,sequence,KCF,,False,,,,,,350,135,24,75,,,,,,0,0,0,0,0,0,0,0,False,-1,14.056
2026-04-02T15:37:47.724,2194,sequence,KCF,,False,,,,,,350,134,24,75,,,,,,0,0,0,0,0,0,0,0,False,-1,14.378
2026-04-02T15:37:47.742,2195,sequence,KCF,,False,,,,,,351,134,24,75,,,,,,0,0,0,0,0,0,0,0,False,-1,15.792
2026-04-02T15:37:47.763,2196,sequence,KCF,,False,,,,,,352,134,24,74,,,,,,0,0,0,0,0,0,0,0,False,-1,18.552
2026-04-02T15:37:47.788,2197,sequence,KCF,,False,,,,,,352,134,24,73,,,,,,0,0,0,0,0,0,0,0,False,-1,20.384
2026-04-02T15:37:47.812,2198,sequence,KCF,,False,,,,,,353,134,24,73,,,,,,0,0,0,0,0,0,0,0,False,-1,18.946
2026-04-02T15:37:47.838,2199,sequence,KCF,,False,,,,,,354,135,25,73,,,,,,0,0,0,0,0,0,0,0,False,-1,21.64
2026-04-02T15:37:47.862,2200,sequence,KCF,,False,,,,,,354,135,25,73,,,,,,0,0,0,0,0,0,0,0,False,-1,20.577
2026-04-02T15:37:47.880,2201,sequence,KCF,,False,,,,,,354,135,26,73,,,,,,0,0,0,0,0,0,0,0,False,-1,14.116
2026-04-02T15:37:47.901,2202,sequence,KCF,,False,,,,,,354,135,28,72,,,,,,0,0,0,0,0,0,0,0,False,-1,17.513
2026-04-02T15:37:47.922,2203,sequence,KCF,,False,,,,,,355,136,28,71,,,,,,0,0,0,0,0,0,0,0,False,-1,18.053
2026-04-02T15:37:47.946,2204,sequence,KCF,,False,,,,,,356,135,28,72,,,,,,0,0,0,0,0,0,0,0,False,-1,19.431
2026-04-02T15:37:47.972,2205,sequence,KCF,,False,,,,,,356,134,28,73,,,,,,0,0,0,0,0,0,0,0,False,-1,22.581
2026-04-02T15:37:47.995,2206,sequence,KCF,,False,,,,,,357,133,28,74,,,,,,0,0,0,0,0,0,0,0,False,-1,18.691
2026-04-02T15:37:48.013,2207,sequence,KCF,,False,,,,,,358,132,28,74,,,,,,0,0,0,0,0,0,0,0,False,-1,15.421
2026-04-02T15:37:48.030,2208,sequence,KCF,,False,,,,,,359,132,28,75,,,,,,0,0,0,0,0,0,0,0,False,-1,13.348
2026-04-02T15:37:48.044,2209,sequence,KCF,,False,,,,,,360,131,28,75,,,,,,0,0,0,0,0,0,0,0,False,-1,11.982
2026-04-02T15:37:48.059,2210,sequence,KCF,,False,,,,,,361,131,28,75,,,,,,0,0,0,0,0,0,0,0,False,-1,12.115
2026-04-02T15:37:48.073,2211,sequence,KCF,,False,,,,,,362,131,28,75,,,,,,0,0,0,0,0,0,0,0,False,-1,11.659
2026-04-02T15:37:48.088,2212,sequence,KCF,,False,,,,,,364,131,28,75,,,,,,0,0,0,0,0,0,0,0,False,-1,13.048
2026-04-02T15:37:48.103,2213,sequence,KCF,,False,,,,,,364,130,28,75,,,,,,0,0,0,0,0,0,0,0,False,-1,12.322
2026-04-02T15:37:48.117,2214,sequence,KCF,,False,,,,,,365,129,28,76,,,,,,0,0,0,0,0,0,0,0,False,-1,11.43
2026-04-02T15:37:48.129,2215,sequence,KCF,,False,,,,,,366,129,28,77,,,,,,0,0,0,0,0,0,0,0,False,-1,10.298
2026-04-02T15:37:48.146,2216,sequence,KCF,,False,,,,,,367,128,28,77,,,,,,0,0,0,0,0,0,0,0,False,-1,15.241
2026-04-02T15:37:48.166,2217,sequence,KCF,,False,,,,,,369,127,28,78,,,,,,0,0,0,0,0,0,0,0,False,-1,15.902
2026-04-02T15:37:48.183,2218,sequence,KCF,,False,,,,,,370,127,28,79,,,,,,0,0,0,0,0,0,0,0,False,-1,14.273
2026-04-02T15:37:48.198,2219,sequence,KCF,,False,,,,,,372,127,28,79,,,,,,0,0,0,0,0,0,0,0,False,-1,13.118
2026-04-02T15:37:48.214,2220,sequence,KCF,,False,,,,,,372,127,28,79,,,,,,0,0,0,0,0,0,0,0,False,-1,13.466
2026-04-02T15:37:48.230,2221,sequence,KCF,,False,,,,,,373,127,28,80,,,,,,0,0,0,0,0,0,0,0,False,-1,13.186
2026-04-02T15:37:48.246,2222,sequence,KCF,,False,,,,,,374,127,28,80,,,,,,0,0,0,0,0,0,0,0,False,-1,13.398
2026-04-02T15:37:48.263,2223,sequence,KCF,,False,,,,,,374,127,28,80,,,,,,0,0,0,0,0,0,0,0,False,-1,13.968
2026-04-02T15:37:48.279,2224,sequence,KCF,,False,,,,,,376,127,28,80,,,,,,0,0,0,0,0,0,0,0,False,-1,13.029
2026-04-02T15:37:48.292,2225,sequence,KCF,,False,,,,,,377,127,29,80,,,,,,0,0,0,0,0,0,0,0,False,-1,11.666
2026-04-02T15:37:48.307,2226,sequence,KCF,,False,,,,,,378,128,30,80,,,,,,0,0,0,0,0,0,0,0,False,-1,12.728
2026-04-02T15:37:48.322,2227,sequence,KCF,,False,,,,,,380,128,30,80,,,,,,0,0,0,0,0,0,0,0,False,-1,11.967
2026-04-02T15:37:48.338,2228,sequence,KCF,,False,,,,,,381,128,30,80,,,,,,0,0,0,0,0,0,0,0,False,-1,13.74
2026-04-02T15:37:48.353,2229,sequence,KCF,,False,,,,,,382,128,30,80,,,,,,0,0,0,0,0,0,0,0,False,-1,13.069
2026-04-02T15:37:48.365,2230,sequence,KCF,,False,,,,,,383,128,30,80,,,,,,0,0,0,0,0,0,0,0,False,-1,10.296
2026-04-02T15:37:48.379,2231,sequence,KCF,,False,,,,,,384,128,30,81,,,,,,0,0,0,0,0,0,0,0,False,-1,11.808
2026-04-02T15:37:48.394,2232,sequence,KCF,,False,,,,,,386,128,30,81,,,,,,0,0,0,0,0,0,0,0,False,-1,12.411
2026-04-02T15:37:48.407,2233,sequence,KCF,,False,,,,,,388,128,30,81,,,,,,0,0,0,0,0,0,0,0,False,-1,10.814
2026-04-02T15:37:48.422,2234,sequence,KCF,,False,,,,,,388,128,30,81,,,,,,0,0,0,0,0,0,0,0,False,-1,13.003
2026-04-02T15:37:48.436,2235,sequence,KCF,,False,,,,,,389,128,30,82,,,,,,0,0,0,0,0,0,0,0,False,-1,12.177
2026-04-02T15:37:48.452,2236,sequence,KCF,,False,,,,,,390,128,30,82,,,,,,0,0,0,0,0,0,0,0,False,-1,13.581
2026-04-02T15:37:48.470,2237,sequence,KCF,,False,,,,,,391,128,30,83,,,,,,0,0,0,0,0,0,0,0,False,-1,14.609
2026-04-02T15:37:48.485,2238,sequence,KCF,,False,,,,,,392,129,30,83,,,,,,0,0,0,0,0,0,0,0,False,-1,12.162
2026-04-02T15:37:48.498,2239,sequence,KCF,,False,,,,,,393,129,30,84,,,,,,0,0,0,0,0,0,0,0,False,-1,10.915
2026-04-02T15:37:48.512,2240,sequence,KCF,,False,,,,,,394,129,29,85,,,,,,0,0,0,0,0,0,0,0,False,-1,11.697
2026-04-02T15:37:48.525,2241,sequence,KCF,,False,,,,,,396,128,29,85,,,,,,0,0,0,0,0,0,0,0,False,-1,11.426
2026-04-02T15:37:48.538,2242,sequence,KCF,,False,,,,,,396,128,28,86,,,,,,0,0,0,0,0,0,0,0,False,-1,10.17
2026-04-02T15:37:48.554,2243,sequence,KCF,,False,,,,,,397,129,28,86,,,,,,0,0,0,0,0,0,0,0,False,-1,13.554
2026-04-02T15:37:48.570,2244,sequence,KCF,,False,,,,,,398,130,28,86,,,,,,0,0,0,0,0,0,0,0,False,-1,13.756
2026-04-02T15:37:48.587,2245,sequence,KCF,,False,,,,,,398,131,28,86,,,,,,0,0,0,0,0,0,0,0,False,-1,14.565
2026-04-02T15:37:48.604,2246,sequence,KCF,,False,,,,,,398,132,29,85,,,,,,0,0,0,0,0,0,0,0,False,-1,13.855
2026-04-02T15:37:48.619,2247,sequence,KCF,,False,,,,,,398,133,30,84,,,,,,0,0,0,0,0,0,0,0,False,-1,12.691
2026-04-02T15:37:48.634,2248,sequence,KCF,,False,,,,,,398,135,30,83,,,,,,0,0,0,0,0,0,0,0,False,-1,11.78
2026-04-02T15:37:48.649,2249,sequence,KCF,,False,,,,,,398,136,30,83,,,,,,0,0,0,0,0,0,0,0,False,-1,12.348
2026-04-02T15:37:48.662,2250,sequence,KCF,,False,,,,,,398,137,31,83,,,,,,0,0,0,0,0,0,0,0,False,-1,11.303
2026-04-02T15:37:48.677,2251,sequence,KCF,,False,,,,,,398,138,32,83,,,,,,0,0,0,0,0,0,0,0,False,-1,12.686
2026-04-02T15:37:48.692,2252,sequence,KCF,,False,,,,,,398,138,32,83,,,,,,0,0,0,0,0,0,0,0,False,-1,12.615
2026-04-02T15:37:48.705,2253,sequence,KCF,,False,,,,,,398,138,33,84,,,,,,0,0,0,0,0,0,0,0,False,-1,10.818
2026-04-02T15:37:48.718,2254,sequence,KCF,,False,,,,,,398,138,34,85,,,,,,0,0,0,0,0,0,0,0,False,-1,11.305
2026-04-02T15:37:48.733,2255,sequence,KCF,,False,,,,,,398,138,34,86,,,,,,0,0,0,0,0,0,0,0,False,-1,12.031
2026-04-02T15:37:48.750,2256,sequence,KCF,,False,,,,,,398,138,34,87,,,,,,0,0,0,0,0,0,0,0,False,-1,14.193
2026-04-02T15:37:48.768,2257,sequence,KCF,,False,,,,,,398,138,34,88,,,,,,0,0,0,0,0,0,0,0,False,-1,15.058
2026-04-02T15:37:48.784,2258,sequence,KCF,,False,,,,,,398,138,33,89,,,,,,0,0,0,0,0,0,0,0,False,-1,12.98
2026-04-02T15:37:48.799,2259,sequence,KCF,,False,,,,,,398,138,33,90,,,,,,0,0,0,0,0,0,0,0,False,-1,13.248
2026-04-02T15:37:48.816,2260,sequence,KCF,,False,,,,,,398,138,32,91,,,,,,0,0,0,0,0,0,0,0,False,-1,14.248
2026-04-02T15:37:48.831,2261,sequence,KCF,,False,,,,,,398,138,32,91,,,,,,0,0,0,0,0,0,0,0,False,-1,12.371
2026-04-02T15:37:48.848,2262,sequence,KCF,,False,,,,,,398,137,32,92,,,,,,0,0,0,0,0,0,0,0,False,-1,14.109
2026-04-02T15:37:48.868,2263,sequence,KCF,,False,,,,,,398,137,31,93,,,,,,0,0,0,0,0,0,0,0,False,-1,16.947
2026-04-02T15:37:48.889,2264,sequence,KCF,,False,,,,,,397,137,31,94,,,,,,0,0,0,0,0,0,0,0,False,-1,17.936
2026-04-02T15:37:48.906,2265,sequence,KCF,,False,,,,,,396,137,31,95,,,,,,0,0,0,0,0,0,0,0,False,-1,13.802
2026-04-02T15:37:48.924,2266,sequence,KCF,,False,,,,,,396,137,31,96,,,,,,0,0,0,0,0,0,0,0,False,-1,15.214
2026-04-02T15:37:48.943,2267,sequence,KCF,,False,,,,,,396,137,31,96,,,,,,0,0,0,0,0,0,0,0,False,-1,15.142
2026-04-02T15:37:48.960,2268,sequence,KCF,,False,,,,,,394,138,30,96,,,,,,0,0,0,0,0,0,0,0,False,-1,14.226
2026-04-02T15:37:48.976,2269,sequence,KCF,,False,,,,,,394,138,30,96,,,,,,0,0,0,0,0,0,0,0,False,-1,13.755
2026-04-02T15:37:48.990,2270,sequence,KCF,,False,,,,,,393,139,30,96,,,,,,0,0,0,0,0,0,0,0,False,-1,10.689
2026-04-02T15:37:49.003,2271,sequence,KCF,,False,,,,,,392,139,30,96,,,,,,0,0,0,0,0,0,0,0,False,-1,11.299
2026-04-02T15:37:49.016,2272,sequence,KCF,,False,,,,,,390,140,30,96,,,,,,0,0,0,0,0,0,0,0,False,-1,10.754
2026-04-02T15:37:49.031,2273,sequence,KCF,,False,,,,,,390,141,31,96,,,,,,0,0,0,0,0,0,0,0,False,-1,12.449
2026-04-02T15:37:49.048,2274,sequence,KCF,,False,,,,,,388,141,32,95,,,,,,0,0,0,0,0,0,0,0,False,-1,15.101
2026-04-02T15:37:49.064,2275,sequence,KCF,,False,,,,,,387,141,32,95,,,,,,0,0,0,0,0,0,0,0,False,-1,13.254
2026-04-02T15:37:49.081,2276,sequence,KCF,,False,,,,,,386,141,33,96,,,,,,0,0,0,0,0,0,0,0,False,-1,14.259
2026-04-02T15:37:49.101,2277,sequence,KCF,,False,,,,,,385,141,34,96,,,,,,0,0,0,0,0,0,0,0,False,-1,16.159
2026-04-02T15:37:49.119,2278,sequence,KCF,,False,,,,,,384,141,34,97,,,,,,0,0,0,0,0,0,0,0,False,-1,15.003
2026-04-02T15:37:49.134,2279,sequence,KCF,,False,,,,,,382,141,34,97,,,,,,0,0,0,0,0,0,0,0,False,-1,12.969
2026-04-02T15:37:49.149,2280,sequence,KCF,,False,,,,,,382,141,34,97,,,,,,0,0,0,0,0,0,0,0,False,-1,12.902
2026-04-02T15:37:49.167,2281,sequence,KCF,,False,,,,,,380,141,33,97,,,,,,0,0,0,0,0,0,0,0,False,-1,14.814
2026-04-02T15:37:49.187,2282,sequence,KCF,,False,,,,,,379,141,34,99,,,,,,0,0,0,0,0,0,0,0,False,-1,15.475
2026-04-02T15:37:49.203,2283,sequence,KCF,,False,,,,,,378,141,34,99,,,,,,0,0,0,0,0,0,0,0,False,-1,13.044
2026-04-02T15:37:49.216,2284,sequence,KCF,,False,,,,,,377,141,34,101,,,,,,0,0,0,0,0,0,0,0,False,-1,11.911
2026-04-02T15:37:49.231,2285,sequence,KCF,,False,,,,,,376,140,34,102,,,,,,0,0,0,0,0,0,0,0,False,-1,12.31
2026-04-02T15:37:49.250,2286,sequence,KCF,,False,,,,,,374,140,34,103,,,,,,0,0,0,0,0,0,0,0,False,-1,15.988
2026-04-02T15:37:49.269,2287,sequence,KCF,,False,,,,,,372,139,35,104,,,,,,0,0,0,0,0,0,0,0,False,-1,16.09
2026-04-02T15:37:49.288,2288,sequence,KCF,,False,,,,,,372,140,36,105,,,,,,0,0,0,0,0,0,0,0,False,-1,15.345
2026-04-02T15:37:49.304,2289,sequence,KCF,,False,,,,,,371,141,36,105,,,,,,0,0,0,0,0,0,0,0,False,-1,13.651
2026-04-02T15:37:49.320,2290,sequence,KCF,,False,,,,,,370,141,36,105,,,,,,0,0,0,0,0,0,0,0,False,-1,13.405
2026-04-02T15:37:49.333,2291,sequence,KCF,,False,,,,,,369,142,36,106,,,,,,0,0,0,0,0,0,0,0,False,-1,10.399
2026-04-02T15:37:49.346,2292,sequence,KCF,,False,,,,,,368,142,36,107,,,,,,0,0,0,0,0,0,0,0,False,-1,10.597
2026-04-02T15:37:49.364,2293,sequence,KCF,,False,,,,,,368,143,36,107,,,,,,0,0,0,0,0,0,0,0,False,-1,15.393
2026-04-02T15:37:49.380,2294,sequence,KCF,,False,,,,,,366,143,36,109,,,,,,0,0,0,0,0,0,0,0,False,-1,12.931
2026-04-02T15:37:49.395,2295,sequence,KCF,,False,,,,,,366,143,36,109,,,,,,0,0,0,0,0,0,0,0,False,-1,12.335
2026-04-02T15:37:49.409,2296,sequence,KCF,,False,,,,,,364,144,36,111,,,,,,0,0,0,0,0,0,0,0,False,-1,11.912
2026-04-02T15:37:49.423,2297,sequence,KCF,,False,,,,,,363,145,36,111,,,,,,0,0,0,0,0,0,0,0,False,-1,11.412
2026-04-02T15:37:49.440,2298,sequence,KCF,,False,,,,,,362,146,36,111,,,,,,0,0,0,0,0,0,0,0,False,-1,13.994
2026-04-02T15:37:49.453,2299,sequence,KCF,,False,,,,,,360,147,36,111,,,,,,0,0,0,0,0,0,0,0,False,-1,11.778
2026-04-02T15:37:49.468,2300,sequence,KCF,,False,,,,,,359,149,38,111,,,,,,0,0,0,0,0,0,0,0,False,-1,11.638
2026-04-02T15:37:49.488,2301,sequence,KCF,,False,,,,,,357,150,39,111,,,,,,0,0,0,0,0,0,0,0,False,-1,17.024
2026-04-02T15:37:49.505,2302,sequence,KCF,,False,,,,,,356,152,40,111,,,,,,0,0,0,0,0,0,0,0,False,-1,11.852
2026-04-02T15:37:49.520,2303,sequence,KCF,,False,,,,,,354,153,40,111,,,,,,0,0,0,0,0,0,0,0,False,-1,13.06
2026-04-02T15:37:49.533,2304,sequence,KCF,,False,,,,,,354,154,41,111,,,,,,0,0,0,0,0,0,0,0,False,-1,11.268
2026-04-02T15:37:49.548,2305,sequence,KCF,,False,,,,,,353,155,42,111,,,,,,0,0,0,0,0,0,0,0,False,-1,12.42
2026-04-02T15:37:49.563,2306,sequence,KCF,,False,,,,,,352,156,42,112,,,,,,0,0,0,0,0,0,0,0,False,-1,12.359
2026-04-02T15:37:49.584,2307,sequence,KCF,,False,,,,,,350,157,42,113,,,,,,0,0,0,0,0,0,0,0,False,-1,18.194
2026-04-02T15:37:49.604,2308,sequence,KCF,,False,,,,,,350,157,42,114,,,,,,0,0,0,0,0,0,0,0,False,-1,17.203
2026-04-02T15:37:49.621,2309,sequence,KCF,,False,,,,,,348,158,42,115,,,,,,0,0,0,0,0,0,0,0,False,-1,14.606
2026-04-02T15:37:49.641,2310,sequence,KCF,,False,,,,,,346,159,42,115,,,,,,0,0,0,0,0,0,0,0,False,-1,16.32
2026-04-02T15:37:49.665,2311,sequence,KCF,,False,,,,,,345,159,42,116,,,,,,0,0,0,0,0,0,0,0,False,-1,19.504
2026-04-02T15:37:49.689,2312,sequence,KCF,,False,,,,,,344,160,42,116,,,,,,0,0,0,0,0,0,0,0,False,-1,20.06
2026-04-02T15:37:49.713,2313,sequence,KCF,,False,,,,,,344,161,42,116,,,,,,0,0,0,0,0,0,0,0,False,-1,20.316
2026-04-02T15:37:49.740,2314,sequence,KCF,,False,,,,,,343,162,42,116,,,,,,0,0,0,0,0,0,0,0,False,-1,23.108
2026-04-02T15:37:49.765,2315,sequence,KCF,,False,,,,,,342,163,42,117,,,,,,0,0,0,0,0,0,0,0,False,-1,20.725
2026-04-02T15:37:49.783,2316,sequence,KCF,,False,,,,,,340,164,42,119,,,,,,0,0,0,0,0,0,0,0,False,-1,14.143
2026-04-02T15:37:49.805,2317,sequence,KCF,,False,,,,,,340,165,42,121,,,,,,0,0,0,0,0,0,0,0,False,-1,18.468
2026-04-02T15:37:49.829,2318,sequence,KCF,,False,,,,,,338,167,43,121,,,,,,0,0,0,0,0,0,0,0,False,-1,20.009
2026-04-02T15:37:49.851,2319,sequence,KCF,,False,,,,,,337,167,44,121,,,,,,0,0,0,0,0,0,0,0,False,-1,19.228
2026-04-02T15:37:49.873,2320,sequence,KCF,,False,,,,,,336,169,44,121,,,,,,0,0,0,0,0,0,0,0,False,-1,18.141
2026-04-02T15:37:49.892,2321,sequence,KCF,,False,,,,,,334,169,46,123,,,,,,0,0,0,0,0,0,0,0,False,-1,15.895
2026-04-02T15:37:49.905,2322,sequence,KCF,,False,,,,,,333,169,46,125,,,,,,0,0,0,0,0,0,0,0,False,-1,10.769
2026-04-02T15:37:49.919,2323,sequence,KCF,,False,,,,,,332,169,47,127,,,,,,0,0,0,0,0,0,0,0,False,-1,11.263
2026-04-02T15:37:49.930,2324,sequence,KCF,,False,,,,,,330,171,46,128,,,,,,0,0,0,0,0,0,0,0,False,-1,10.599
2026-04-02T15:37:49.943,2325,sequence,KCF,,False,,,,,,328,172,46,129,,,,,,0,0,0,0,0,0,0,0,False,-1,10.971
2026-04-02T15:37:49.958,2326,sequence,KCF,,False,,,,,,327,173,46,129,,,,,,0,0,0,0,0,0,0,0,False,-1,12.337
2026-04-02T15:37:49.971,2327,sequence,KCF,,False,,,,,,326,175,46,130,,,,,,0,0,0,0,0,0,0,0,False,-1,10.847
2026-04-02T15:37:49.985,2328,sequence,KCF,,False,,,,,,325,175,46,130,,,,,,0,0,0,0,0,0,0,0,False,-1,11.727
2026-04-02T15:37:49.997,2329,sequence,KCF,,False,,,,,,324,177,46,131,,,,,,0,0,0,0,0,0,0,0,False,-1,11.393
2026-04-02T15:37:50.014,2330,sequence,KCF,,False,,,,,,323,178,48,133,,,,,,0,0,0,0,0,0,0,0,False,-1,13.909
2026-04-02T15:37:50.031,2331,sequence,KCF,,False,,,,,,322,179,48,134,,,,,,0,0,0,0,0,0,0,0,False,-1,13.48
2026-04-02T15:37:50.047,2332,sequence,KCF,,False,,,,,,320,181,50,136,,,,,,0,0,0,0,0,0,0,0,False,-1,13.978
2026-04-02T15:37:50.063,2333,sequence,KCF,,False,,,,,,320,181,50,136,,,,,,0,0,0,0,0,0,0,0,False,-1,13.411
2026-04-02T15:37:50.079,2334,sequence,KCF,,False,,,,,,320,183,50,137,,,,,,0,0,0,0,0,0,0,0,False,-1,14.433
2026-04-02T15:37:50.098,2335,sequence,KCF,,False,,,,,,320,183,50,137,,,,,,0,0,0,0,0,0,0,0,False,-1,15.559
2026-04-02T15:37:50.119,2336,sequence,KCF,,False,,,,,,320,185,50,138,,,,,,0,0,0,0,0,0,0,0,False,-1,17.616
2026-04-02T15:37:50.138,2337,sequence,KCF,,False,,,,,,320,185,48,139,,,,,,0,0,0,0,0,0,0,0,False,-1,15.569
2026-04-02T15:37:50.154,2338,sequence,KCF,,False,,,,,,320,187,48,141,,,,,,0,0,0,0,0,0,0,0,False,-1,13.445
2026-04-02T15:37:50.166,2339,sequence,KCF,,False,,,,,,321,189,47,140,,,,,,0,0,0,0,0,0,0,0,False,-1,10.69
2026-04-02T15:37:50.182,2340,sequence,KCF,,False,,,,,,321,192,46,140,,,,,,0,0,0,0,0,0,0,0,False,-1,12.897
2026-04-02T15:37:50.206,2341,sequence,KCF,,False,,,,,,322,195,45,139,,,,,,0,0,0,0,0,0,0,0,False,-1,21.384
2026-04-02T15:37:50.241,2342,sequence,KCF,,False,,,,,,322,196,45,140,,,,,,0,0,0,0,0,0,0,0,False,-1,31.725
2026-04-02T15:37:50.270,2343,sequence,KCF,,False,,,,,,322,197,45,140,,,,,,0,0,0,0,0,0,0,0,False,-1,22.45
2026-04-02T15:37:50.295,2344,sequence,KCF,,False,,,,,,323,199,45,141,,,,,,0,0,0,0,0,0,0,0,False,-1,21.315
2026-04-02T15:37:50.322,2345,sequence,KCF,,False,,,,,,323,201,46,141,,,,,,0,0,0,0,0,0,0,0,False,-1,20.215
2026-04-02T15:37:50.351,2346,sequence,KCF,,False,,,,,,323,202,46,142,,,,,,0,0,0,0,0,0,0,0,False,-1,22.103
2026-04-02T15:37:50.388,2347,sequence,KCF,,False,,,,,,323,204,48,143,,,,,,0,0,0,0,0,0,0,0,False,-1,29.597
2026-04-02T15:37:50.419,2348,sequence,KCF,,False,,,,,,323,204,48,144,,,,,,0,0,0,0,0,0,0,0,False,-1,24.137
2026-04-02T15:37:50.443,2349,sequence,KCF,,False,,,,,,323,204,48,145,,,,,,0,0,0,0,0,0,0,0,False,-1,20.217
2026-04-02T15:37:50.474,2350,sequence,KCF,,False,,,,,,323,204,48,147,,,,,,0,0,0,0,0,0,0,0,False,-1,24.549
2026-04-02T15:37:50.505,2351,sequence,KCF,,False,,,,,,322,206,50,147,,,,,,0,0,0,0,0,0,0,0,False,-1,24.681
2026-04-02T15:37:50.541,2352,sequence,KCF,,False,,,,,,322,207,52,149,,,,,,0,0,0,0,0,0,0,0,False,-1,29.884
2026-04-02T15:37:50.571,2353,sequence,KCF,,False,,,,,,320,209,54,149,,,,,,0,0,0,0,0,0,0,0,False,-1,23.604
2026-04-02T15:37:50.605,2354,sequence,KCF,,False,,,,,,320,211,54,150,,,,,,0,0,0,0,0,0,0,0,False,-1,26.411
2026-04-02T15:37:50.641,2355,sequence,KCF,,False,,,,,,318,212,55,151,,,,,,0,0,0,0,0,0,0,0,False,-1,30.27
2026-04-02T15:37:50.675,2356,sequence,KCF,,False,,,,,,318,213,56,151,,,,,,0,0,0,0,0,0,0,0,False,-1,27.733
2026-04-02T15:37:50.709,2357,sequence,KCF,,False,,,,,,318,214,56,153,,,,,,0,0,0,0,0,0,0,0,False,-1,28.399
2026-04-02T15:37:50.746,2358,sequence,KCF,,False,,,,,,318,214,56,153,,,,,,0,0,0,0,0,0,0,0,False,-1,30.068
2026-04-02T15:37:50.780,2359,sequence,KCF,,False,,,,,,318,215,56,155,,,,,,0,0,0,0,0,0,0,0,False,-1,30.037
2026-04-02T15:37:50.815,2360,sequence,KCF,,False,,,,,,318,215,56,156,,,,,,0,0,0,0,0,0,0,0,False,-1,28.414
2026-04-02T15:37:50.848,2361,sequence,KCF,,False,,,,,,318,215,56,157,,,,,,0,0,0,0,0,0,0,0,False,-1,27.026
2026-04-02T15:37:50.882,2362,sequence,KCF,,False,,,,,,318,216,56,159,,,,,,0,0,0,0,0,0,0,0,False,-1,27.128
2026-04-02T15:37:50.918,2363,sequence,KCF,,False,,,,,,319,217,56,159,,,,,,0,0,0,0,0,0,0,0,False,-1,29.012
2026-04-02T15:37:50.955,2364,sequence,KCF,,False,,,,,,319,217,56,160,,,,,,0,0,0,0,0,0,0,0,False,-1,31.952
2026-04-02T15:37:50.990,2365,sequence,KCF,,False,,,,,,320,218,56,161,,,,,,0,0,0,0,0,0,0,0,False,-1,28.339
2026-04-02T15:37:51.025,2366,sequence,KCF,,False,,,,,,320,219,56,161,,,,,,0,0,0,0,0,0,0,0,False,-1,28.79
2026-04-02T15:37:51.053,2367,sequence,KCF,,False,,,,,,321,220,56,161,,,,,,0,0,0,0,0,0,0,0,False,-1,22.013
2026-04-02T15:37:51.081,2368,sequence,KCF,,False,,,,,,322,221,56,161,,,,,,0,0,0,0,0,0,0,0,False,-1,21.922
2026-04-02T15:37:51.107,2369,sequence,KCF,,False,,,,,,323,222,57,161,,,,,,0,0,0,0,0,0,0,0,False,-1,22.168
2026-04-02T15:37:51.132,2370,sequence,KCF,,False,,,,,,324,223,58,161,,,,,,0,0,0,0,0,0,0,0,False,-1,18.579
2026-04-02T15:37:51.156,2371,sequence,KCF,,False,,,,,,326,223,59,160,,,,,,0,0,0,0,0,0,0,0,False,-1,19.879
2026-04-02T15:37:51.182,2372,sequence,KCF,,False,,,,,,326,222,61,161,,,,,,0,0,0,0,0,0,0,0,False,-1,21.798
2026-04-02T15:37:51.209,2373,sequence,KCF,,False,,,,,,326,221,62,163,,,,,,0,0,0,0,0,0,0,0,False,-1,21.82
2026-04-02T15:37:51.234,2374,sequence,KCF,,False,,,,,,326,220,64,164,,,,,,0,0,0,0,0,0,0,0,False,-1,20.658
2026-04-02T15:37:51.263,2375,sequence,KCF,,False,,,,,,326,219,66,165,,,,,,0,0,0,0,0,0,0,0,False,-1,23.968
2026-04-02T15:37:51.295,2376,sequence,KCF,,False,,,,,,326,218,68,167,,,,,,0,0,0,0,0,0,0,0,False,-1,25.967
2026-04-02T15:37:51.324,2377,sequence,KCF,,False,,,,,,325,217,70,169,,,,,,0,0,0,0,0,0,0,0,False,-1,22.451
2026-04-02T15:37:51.354,2378,sequence,KCF,,False,,,,,,326,217,71,169,,,,,,0,0,0,0,0,0,0,0,False,-1,23.043
2026-04-02T15:37:51.386,2379,sequence,KCF,,False,,,,,,326,217,72,169,,,,,,0,0,0,0,0,0,0,0,False,-1,27.083
2026-04-02T15:37:51.414,2380,sequence,KCF,,False,,,,,,326,217,72,170,,,,,,0,0,0,0,0,0,0,0,False,-1,21.748
2026-04-02T15:37:51.445,2381,sequence,KCF,,False,,,,,,327,217,72,171,,,,,,0,0,0,0,0,0,0,0,False,-1,25.074
2026-04-02T15:37:51.478,2382,sequence,KCF,,False,,,,,,327,217,72,172,,,,,,0,0,0,0,0,0,0,0,False,-1,26.442
2026-04-02T15:37:51.511,2383,sequence,KCF,,False,,,,,,328,217,73,173,,,,,,0,0,0,0,0,0,0,0,False,-1,26.838
2026-04-02T15:37:51.539,2384,sequence,KCF,,False,,,,,,328,217,74,175,,,,,,0,0,0,0,0,0,0,0,False,-1,24.217
2026-04-02T15:37:51.566,2385,sequence,KCF,,False,,,,,,328,217,76,175,,,,,,0,0,0,0,0,0,0,0,False,-1,20.655
2026-04-02T15:37:51.598,2386,sequence,KCF,,False,,,,,,329,217,77,177,,,,,,0,0,0,0,0,0,0,0,False,-1,25.054
2026-04-02T15:37:51.635,2387,sequence,KCF,,False,,,,,,330,217,77,177,,,,,,0,0,0,0,0,0,0,0,False,-1,30.02
2026-04-02T15:37:51.673,2388,sequence,KCF,,False,,,,,,331,218,77,178,,,,,,0,0,0,0,0,0,0,0,False,-1,30.882
2026-04-02T15:37:51.705,2389,sequence,KCF,,False,,,,,,332,218,77,179,,,,,,0,0,0,0,0,0,0,0,False,-1,28.118
2026-04-02T15:37:51.740,2390,sequence,KCF,,False,,,,,,336,217,75,179,,,,,,0,0,0,0,0,0,0,0,False,-1,27.114
2026-04-02T15:37:51.774,2391,sequence,KCF,,False,,,,,,340,216,73,181,,,,,,0,0,0,0,0,0,0,0,False,-1,27.265
2026-04-02T15:37:51.806,2392,sequence,KCF,,False,,,,,,345,215,71,181,,,,,,0,0,0,0,0,0,0,0,False,-1,26.292
2026-04-02T15:37:51.843,2393,sequence,KCF,,False,,,,,,348,215,70,181,,,,,,0,0,0,0,0,0,0,0,False,-1,31.837
2026-04-02T15:37:51.882,2394,sequence,KCF,,False,,,,,,351,213,68,181,,,,,,0,0,0,0,0,0,0,0,False,-1,33.837
2026-04-02T15:37:51.913,2395,sequence,KCF,,False,,,,,,354,213,66,181,,,,,,0,0,0,0,0,0,0,0,False,-1,24.816
2026-04-02T15:37:51.945,2396,sequence,KCF,,False,,,,,,356,211,66,183,,,,,,0,0,0,0,0,0,0,0,False,-1,26.344
2026-04-02T15:37:51.976,2397,sequence,KCF,,False,,,,,,359,211,64,183,,,,,,0,0,0,0,0,0,0,0,False,-1,24.052
2026-04-02T15:37:52.009,2398,sequence,KCF,,False,,,,,,362,209,64,185,,,,,,0,0,0,0,0,0,0,0,False,-1,27.648
2026-04-02T15:37:52.038,2399,sequence,KCF,,False,,,,,,364,208,66,185,,,,,,0,0,0,0,0,0,0,0,False,-1,24.126
2026-04-02T15:37:52.077,2400,sequence,KCF,,False,,,,,,367,206,66,185,,,,,,0,0,0,0,0,0,0,0,False,-1,32.574
2026-04-02T15:37:52.109,2401,sequence,KCF,,False,,,,,,370,205,68,185,,,,,,0,0,0,0,0,0,0,0,False,-1,26.638
2026-04-02T15:37:52.137,2402,sequence,KCF,,False,,,,,,371,204,70,185,,,,,,0,0,0,0,0,0,0,0,False,-1,21.575
2026-04-02T15:37:52.174,2403,sequence,KCF,,False,,,,,,372,203,72,185,,,,,,0,0,0,0,0,0,0,0,False,-1,31.887
2026-04-02T15:37:52.205,2404,sequence,KCF,,False,,,,,,373,203,74,184,,,,,,0,0,0,0,0,0,0,0,False,-1,26.123
2026-04-02T15:37:52.238,2405,sequence,KCF,,False,,,,,,374,203,77,183,,,,,,0,0,0,0,0,0,0,0,False,-1,26.198
2026-04-02T15:37:52.264,2406,sequence,KCF,,False,,,,,,374,202,80,183,,,,,,0,0,0,0,0,0,0,0,False,-1,20.014
2026-04-02T15:37:52.288,2407,sequence,KCF,,False,,,,,,374,202,83,182,,,,,,0,0,0,0,0,0,0,0,False,-1,18.696
2026-04-02T15:37:52.315,2408,sequence,KCF,,False,,,,,,374,202,85,181,,,,,,0,0,0,0,0,0,0,0,False,-1,21.264
2026-04-02T15:37:52.349,2409,sequence,KCF,,False,,,,,,374,202,87,181,,,,,,0,0,0,0,0,0,0,0,False,-1,29.437
2026-04-02T15:37:52.379,2410,sequence,KCF,,False,,,,,,373,202,89,181,,,,,,0,0,0,0,0,0,0,0,False,-1,24.107
2026-04-02T15:37:52.410,2411,sequence,KCF,,False,,,,,,373,203,90,181,,,,,,0,0,0,0,0,0,0,0,False,-1,23.873
2026-04-02T15:37:52.438,2412,sequence,KCF,,False,,,,,,372,204,90,181,,,,,,0,0,0,0,0,0,0,0,False,-1,22.336
2026-04-02T15:37:52.472,2413,sequence,KCF,,False,,,,,,372,205,90,181,,,,,,0,0,0,0,0,0,0,0,False,-1,28.586
2026-04-02T15:37:52.502,2414,sequence,KCF,,False,,,,,,372,205,92,182,,,,,,0,0,0,0,0,0,0,0,False,-1,23.202
2026-04-02T15:37:52.535,2415,sequence,KCF,,False,,,,,,371,204,92,183,,,,,,0,0,0,0,0,0,0,0,False,-1,27.202
2026-04-02T15:37:52.567,2416,sequence,KCF,,False,,,,,,370,204,93,184,,,,,,0,0,0,0,0,0,0,0,False,-1,25.31
2026-04-02T15:37:52.603,2417,sequence,KCF,,False,,,,,,369,205,94,183,,,,,,0,0,0,0,0,0,0,0,False,-1,29.055
2026-04-02T15:37:52.636,2418,sequence,KCF,,False,,,,,,368,205,94,183,,,,,,0,0,0,0,0,0,0,0,False,-1,26.765
2026-04-02T15:37:52.664,2419,sequence,KCF,,False,,,,,,366,205,94,182,,,,,,0,0,0,0,0,0,0,0,False,-1,24.094
2026-04-02T15:37:52.698,2420,sequence,KCF,,False,,,,,,362,206,94,181,,,,,,0,0,0,0,0,0,0,0,False,-1,27.522
2026-04-02T15:37:52.726,2421,sequence,KCF,,False,,,,,,358,207,96,179,,,,,,0,0,0,0,0,0,0,0,False,-1,21.483
2026-04-02T15:37:52.749,2422,sequence,KCF,,False,,,,,,354,208,96,177,,,,,,0,0,0,0,0,0,0,0,False,-1,19.579
2026-04-02T15:37:52.783,2423,sequence,KCF,,False,,,,,,350,209,98,176,,,,,,0,0,0,0,0,0,0,0,False,-1,28.187
2026-04-02T15:37:52.817,2424,sequence,KCF,,False,,,,,,344,209,99,174,,,,,,0,0,0,0,0,0,0,0,False,-1,29.368
2026-04-02T15:37:52.852,2425,sequence,KCF,,False,,,,,,340,209,100,173,,,,,,0,0,0,0,0,0,0,0,False,-1,27.636
2026-04-02T15:37:52.878,2426,sequence,KCF,,False,,,,,,334,209,102,172,,,,,,0,0,0,0,0,0,0,0,False,-1,19.827
2026-04-02T15:37:52.902,2427,sequence,KCF,,False,,,,,,328,210,104,171,,,,,,0,0,0,0,0,0,0,0,False,-1,18.582
2026-04-02T15:37:52.933,2428,sequence,KCF,,False,,,,,,322,210,106,171,,,,,,0,0,0,0,0,0,0,0,False,-1,23.905
2026-04-02T15:37:52.967,2429,sequence,KCF,,False,,,,,,314,209,106,170,,,,,,0,0,0,0,0,0,0,0,False,-1,30.539
2026-04-02T15:37:52.997,2430,sequence,KCF,,False,,,,,,306,209,107,169,,,,,,0,0,0,0,0,0,0,0,False,-1,22.675
2026-04-02T15:37:53.037,2431,sequence,KCF,,False,,,,,,297,209,108,169,,,,,,0,0,0,0,0,0,0,0,False,-1,32.087
2026-04-02T15:37:53.062,2432,sequence,KCF,,False,,,,,,290,208,109,169,,,,,,0,0,0,0,0,0,0,0,False,-1,17.538
2026-04-02T15:37:53.089,2433,sequence,KCF,,False,,,,,,284,207,110,169,,,,,,0,0,0,0,0,0,0,0,False,-1,21.361
2026-04-02T15:37:53.111,2434,sequence,KCF,,False,,,,,,277,206,110,169,,,,,,0,0,0,0,0,0,0,0,False,-1,18.841
2026-04-02T15:37:53.146,2435,sequence,KCF,,False,,,,,,266,204,112,169,,,,,,0,0,0,0,0,0,0,0,False,-1,29.673
2026-04-02T15:37:53.181,2436,sequence,KCF,,False,,,,,,256,201,112,170,,,,,,0,0,0,0,0,0,0,0,False,-1,29.877
2026-04-02T15:37:53.225,2437,sequence,KCF,,False,,,,,,244,199,113,171,,,,,,0,0,0,0,0,0,0,0,False,-1,34.999
2026-04-02T15:37:53.265,2438,sequence,KCF,,False,,,,,,238,199,112,169,,,,,,0,0,0,0,0,0,0,0,False,-1,30.506
2026-04-02T15:37:53.289,2439,sequence,KCF,,False,,,,,,232,199,112,169,,,,,,0,0,0,0,0,0,0,0,False,-1,21.123
2026-04-02T15:37:53.318,2440,sequence,KCF,,False,,,,,,225,199,112,167,,,,,,0,0,0,0,0,0,0,0,False,-1,23.476
2026-04-02T15:37:53.346,2441,sequence,KCF,,False,,,,,,220,197,112,168,,,,,,0,0,0,0,0,0,0,0,False,-1,21.321
2026-04-02T15:37:53.371,2442,sequence,KCF,,False,,,,,,214,195,113,169,,,,,,0,0,0,0,0,0,0,0,False,-1,19.306
2026-04-02T15:37:53.396,2443,sequence,KCF,,False,,,,,,209,193,114,170,,,,,,0,0,0,0,0,0,0,0,False,-1,20.482
2026-04-02T15:37:53.422,2444,sequence,KCF,,False,,,,,,206,192,112,169,,,,,,0,0,0,0,0,0,0,0,False,-1,22.296
2026-04-02T15:37:53.452,2445,sequence,KCF,,False,,,,,,202,191,112,169,,,,,,0,0,0,0,0,0,0,0,False,-1,23.204
2026-04-02T15:37:53.475,2446,sequence,KCF,,False,,,,,,200,191,111,168,,,,,,0,0,0,0,0,0,0,0,False,-1,18.152
2026-04-02T15:37:53.505,2447,sequence,KCF,,False,,,,,,198,188,110,169,,,,,,0,0,0,0,0,0,0,0,False,-1,24.146
2026-04-02T15:37:53.538,2448,sequence,KCF,,False,,,,,,198,185,110,169,,,,,,0,0,0,0,0,0,0,0,False,-1,27.345
2026-04-02T15:37:53.568,2449,sequence,KCF,,False,,,,,,196,183,110,169,,,,,,0,0,0,0,0,0,0,0,False,-1,26.486
2026-04-02T15:37:53.600,2450,sequence,KCF,,False,,,,,,194,181,110,168,,,,,,0,0,0,0,0,0,0,0,False,-1,26.084
2026-04-02T15:37:53.625,2451,sequence,KCF,,False,,,,,,192,178,110,167,,,,,,0,0,0,0,0,0,0,0,False,-1,20.524
2026-04-02T15:37:53.652,2452,sequence,KCF,,False,,,,,,190,176,110,165,,,,,,0,0,0,0,0,0,0,0,False,-1,20.722
2026-04-02T15:37:53.678,2453,sequence,KCF,,False,,,,,,188,174,112,164,,,,,,0,0,0,0,0,0,0,0,False,-1,19.931
2026-04-02T15:37:53.703,2454,sequence,KCF,,False,,,,,,186,173,113,163,,,,,,0,0,0,0,0,0,0,0,False,-1,20.904
2026-04-02T15:37:53.736,2455,sequence,KCF,,False,,,,,,184,171,114,162,,,,,,0,0,0,0,0,0,0,0,False,-1,28.295
2026-04-02T15:37:53.763,2456,sequence,KCF,,False,,,,,,182,169,114,161,,,,,,0,0,0,0,0,0,0,0,False,-1,21.079
2026-04-02T15:37:53.791,2457,sequence,KCF,,False,,,,,,182,166,115,160,,,,,,0,0,0,0,0,0,0,0,False,-1,21.773
2026-04-02T15:37:53.819,2458,sequence,KCF,,False,,,,,,181,164,116,159,,,,,,0,0,0,0,0,0,0,0,False,-1,21.556
2026-04-02T15:37:53.851,2459,sequence,KCF,,False,,,,,,180,160,116,159,,,,,,0,0,0,0,0,0,0,0,False,-1,27.838
2026-04-02T15:37:53.878,2460,sequence,KCF,,False,,,,,,178,157,116,159,,,,,,0,0,0,0,0,0,0,0,False,-1,20.925
2026-04-02T15:37:53.917,2461,sequence,KCF,,False,,,,,,176,153,117,158,,,,,,0,0,0,0,0,0,0,0,False,-1,32.698
2026-04-02T15:37:53.945,2462,sequence,KCF,,False,,,,,,175,150,118,158,,,,,,0,0,0,0,0,0,0,0,False,-1,21.869
2026-04-02T15:37:53.979,2463,sequence,KCF,,False,,,,,,173,148,118,159,,,,,,0,0,0,0,0,0,0,0,False,-1,26.563
2026-04-02T15:37:54.009,2464,sequence,KCF,,False,,,,,,172,145,120,159,,,,,,0,0,0,0,0,0,0,0,False,-1,25.196
2026-04-02T15:37:54.040,2465,sequence,KCF,,False,,,,,,169,141,120,159,,,,,,0,0,0,0,0,0,0,0,False,-1,23.88
2026-04-02T15:37:54.071,2466,sequence,KCF,,False,,,,,,166,137,120,161,,,,,,0,0,0,0,0,0,0,0,False,-1,23.885
2026-04-02T15:37:54.106,2467,sequence,KCF,,False,,,,,,164,133,120,161,,,,,,0,0,0,0,0,0,0,0,False,-1,28.923
2026-04-02T15:37:54.139,2468,sequence,KCF,,False,,,,,,162,130,120,161,,,,,,0,0,0,0,0,0,0,0,False,-1,26.939
2026-04-02T15:37:54.167,2469,sequence,KCF,,False,,,,,,161,127,120,161,,,,,,0,0,0,0,0,0,0,0,False,-1,24.694
2026-04-02T15:37:54.193,2470,sequence,KCF,,False,,,,,,160,124,120,161,,,,,,0,0,0,0,0,0,0,0,False,-1,19.496
2026-04-02T15:37:54.225,2471,sequence,KCF,,False,,,,,,158,117,120,165,,,,,,0,0,0,0,0,0,0,0,False,-1,25.65
2026-04-02T15:37:54.255,2472,sequence,KCF,,False,,,,,,156,111,120,170,,,,,,0,0,0,0,0,0,0,0,False,-1,24.616
2026-04-02T15:37:54.283,2473,sequence,KCF,,False,,,,,,155,104,120,174,,,,,,0,0,0,0,0,0,0,0,False,-1,23.066
2026-04-02T15:37:54.310,2474,sequence,KCF,,False,,,,,,152,91,120,183,,,,,,0,0,0,0,0,0,0,0,False,-1,20.536
2026-04-02T15:37:54.348,2475,sequence,KCF,,False,,,,,,150,78,121,191,,,,,,0,0,0,0,0,0,0,0,False,-1,30.45
2026-04-02T15:37:54.378,2476,sequence,KCF,,False,,,,,,148,65,122,200,,,,,,0,0,0,0,0,0,0,0,False,-1,21.179
2026-04-02T15:37:54.415,2477,sequence,KCF,,False,,,,,,148,62,121,201,,,,,,0,0,0,0,0,0,0,0,False,-1,28.8
2026-04-02T15:37:54.449,2478,sequence,KCF,,False,,,,,,147,59,121,203,,,,,,0,0,0,0,0,0,0,0,False,-1,28.468
2026-04-02T15:37:54.472,2479,sequence,KCF,,False,,,,,,146,55,120,204,,,,,,0,0,0,0,0,0,0,0,False,-1,18.307
2026-04-02T15:37:54.497,2480,sequence,KCF,,False,,,,,,146,53,120,203,,,,,,0,0,0,0,0,0,0,0,False,-1,17.844
2026-04-02T15:37:54.519,2481,sequence,KCF,,False,,,,,,146,49,120,202,,,,,,0,0,0,0,0,0,0,0,False,-1,16.603
2026-04-02T15:37:54.545,2482,sequence,KCF,,False,,,,,,146,47,120,201,,,,,,0,0,0,0,0,0,0,0,False,-1,20.44
2026-04-02T15:37:54.570,2483,sequence,KCF,,False,,,,,,146,47,120,199,,,,,,0,0,0,0,0,0,0,0,False,-1,19.02
2026-04-02T15:37:54.601,2484,sequence,KCF,,False,,,,,,146,47,120,197,,,,,,0,0,0,0,0,0,0,0,False,-1,26.642
2026-04-02T15:37:54.634,2485,sequence,KCF,,False,,,,,,146,47,120,195,,,,,,0,0,0,0,0,0,0,0,False,-1,26.985
2026-04-02T15:37:54.665,2486,sequence,KCF,,False,,,,,,146,47,120,195,,,,,,0,0,0,0,0,0,0,0,False,-1,24.565
2026-04-02T15:37:54.695,2487,sequence,KCF,,False,,,,,,146,47,121,195,,,,,,0,0,0,0,0,0,0,0,False,-1,23.654
2026-04-02T15:37:54.725,2488,sequence,KCF,,False,,,,,,146,47,122,195,,,,,,0,0,0,0,0,0,0,0,False,-1,24.073
2026-04-02T15:37:54.753,2489,sequence,KCF,,False,,,,,,148,45,121,196,,,,,,0,0,0,0,0,0,0,0,False,-1,24.51
2026-04-02T15:37:54.784,2490,sequence,KCF,,False,,,,,,149,43,121,197,,,,,,0,0,0,0,0,0,0,0,False,-1,23.281
2026-04-02T15:37:54.821,2491,sequence,KCF,,False,,,,,,150,42,120,197,,,,,,0,0,0,0,0,0,0,0,False,-1,30.196
2026-04-02T15:37:54.855,2492,sequence,KCF,,False,,,,,,152,42,120,197,,,,,,0,0,0,0,0,0,0,0,False,-1,28.051
2026-04-02T15:37:54.887,2493,sequence,KCF,,False,,,,,,153,42,120,197,,,,,,0,0,0,0,0,0,0,0,False,-1,25.737
2026-04-02T15:37:54.917,2494,sequence,KCF,,False,,,,,,154,42,120,197,,,,,,0,0,0,0,0,0,0,0,False,-1,25.226
2026-04-02T15:37:54.952,2495,sequence,KCF,,False,,,,,,156,40,120,198,,,,,,0,0,0,0,0,0,0,0,False,-1,27.744
2026-04-02T15:37:54.983,2496,sequence,KCF,,False,,,,,,158,38,121,199,,,,,,0,0,0,0,0,0,0,0,False,-1,25.051
2026-04-02T15:37:55.020,2497,sequence,KCF,,False,,,,,,160,36,122,200,,,,,,0,0,0,0,0,0,0,0,False,-1,30.07
2026-04-02T15:37:55.050,2498,sequence,KCF,,False,,,,,,162,36,121,198,,,,,,0,0,0,0,0,0,0,0,False,-1,24.612
2026-04-02T15:37:55.083,2499,sequence,KCF,,False,,,,,,163,37,120,196,,,,,,0,0,0,0,0,0,0,0,False,-1,28.63
2026-04-02T15:37:55.118,2500,sequence,KCF,,False,,,,,,164,37,120,194,,,,,,0,0,0,0,0,0,0,0,False,-1,29.004
2026-04-02T15:37:55.154,2501,sequence,KCF,,False,,,,,,166,37,120,192,,,,,,0,0,0,0,0,0,0,0,False,-1,29.526
2026-04-02T15:37:55.186,2502,sequence,KCF,,False,,,,,,167,37,120,190,,,,,,0,0,0,0,0,0,0,0,False,-1,24.676
2026-04-02T15:37:55.218,2503,sequence,KCF,,False,,,,,,168,38,120,188,,,,,,0,0,0,0,0,0,0,0,False,-1,28.422
2026-04-02T15:37:55.249,2504,sequence,KCF,,False,,,,,,170,43,118,182,,,,,,0,0,0,0,0,0,0,0,False,-1,24.062
2026-04-02T15:37:55.286,2505,sequence,KCF,,False,,,,,,173,47,118,177,,,,,,0,0,0,0,0,0,0,0,False,-1,31.244
2026-04-02T15:37:55.316,2506,sequence,KCF,,False,,,,,,175,52,116,171,,,,,,0,0,0,0,0,0,0,0,False,-1,23.326
2026-04-02T15:37:55.353,2507,sequence,KCF,,False,,,,,,176,53,116,169,,,,,,0,0,0,0,0,0,0,0,False,-1,30.925
2026-04-02T15:37:55.389,2508,sequence,KCF,,False,,,,,,178,54,116,167,,,,,,0,0,0,0,0,0,0,0,False,-1,31.264
2026-04-02T15:37:55.421,2509,sequence,KCF,,False,,,,,,178,55,116,165,,,,,,0,0,0,0,0,0,0,0,False,-1,25.857
2026-04-02T15:37:55.454,2510,sequence,KCF,,False,,,,,,180,55,116,165,,,,,,0,0,0,0,0,0,0,0,False,-1,27.353
2026-04-02T15:37:55.483,2511,sequence,KCF,,False,,,,,,180,55,116,165,,,,,,0,0,0,0,0,0,0,0,False,-1,22.162
2026-04-02T15:37:55.509,2512,sequence,KCF,,False,,,,,,181,55,116,165,,,,,,0,0,0,0,0,0,0,0,False,-1,20.34
2026-04-02T15:37:55.537,2513,sequence,KCF,,False,,,,,,182,55,116,166,,,,,,0,0,0,0,0,0,0,0,False,-1,24.026
2026-04-02T15:37:55.561,2514,sequence,KCF,,False,,,,,,184,55,116,167,,,,,,0,0,0,0,0,0,0,0,False,-1,19.248
2026-04-02T15:37:55.588,2515,sequence,KCF,,False,,,,,,186,55,116,167,,,,,,0,0,0,0,0,0,0,0,False,-1,20.881
2026-04-02T15:37:55.622,2516,sequence,KCF,,False,,,,,,188,55,115,167,,,,,,0,0,0,0,0,0,0,0,False,-1,28.777
2026-04-02T15:37:55.650,2517,sequence,KCF,,False,,,,,,190,55,114,167,,,,,,0,0,0,0,0,0,0,0,False,-1,21.866
2026-04-02T15:37:55.677,2518,sequence,KCF,,False,,,,,,191,55,114,167,,,,,,0,0,0,0,0,0,0,0,False,-1,23.057
2026-04-02T15:37:55.704,2519,sequence,KCF,,False,,,,,,192,55,114,169,,,,,,0,0,0,0,0,0,0,0,False,-1,21.918
2026-04-02T15:37:55.735,2520,sequence,KCF,,False,,,,,,192,54,115,169,,,,,,0,0,0,0,0,0,0,0,False,-1,24.7
2026-04-02T15:37:55.766,2521,sequence,KCF,,False,,,,,,192,53,116,171,,,,,,0,0,0,0,0,0,0,0,False,-1,24.344
2026-04-02T15:37:55.794,2522,sequence,KCF,,False,,,,,,192,54,116,170,,,,,,0,0,0,0,0,0,0,0,False,-1,21.998
2026-04-02T15:37:55.829,2523,sequence,KCF,,False,,,,,,191,54,115,170,,,,,,0,0,0,0,0,0,0,0,False,-1,30.784
2026-04-02T15:37:55.862,2524,sequence,KCF,,False,,,,,,190,55,115,169,,,,,,0,0,0,0,0,0,0,0,False,-1,26.355
2026-04-02T15:37:55.897,2525,sequence,KCF,,False,,,,,,188,56,115,169,,,,,,0,0,0,0,0,0,0,0,False,-1,28.805
2026-04-02T15:37:55.929,2526,sequence,KCF,,False,,,,,,186,57,116,167,,,,,,0,0,0,0,0,0,0,0,False,-1,25.942
2026-04-02T15:37:55.965,2527,sequence,KCF,,False,,,,,,185,59,116,167,,,,,,0,0,0,0,0,0,0,0,False,-1,30.199
2026-04-02T15:37:55.999,2528,sequence,KCF,,False,,,,,,185,61,114,164,,,,,,0,0,0,0,0,0,0,0,False,-1,30.242
2026-04-02T15:37:56.037,2529,sequence,KCF,,False,,,,,,184,64,113,161,,,,,,0,0,0,0,0,0,0,0,False,-1,31.38
2026-04-02T15:37:56.068,2530,sequence,KCF,,False,,,,,,184,67,112,159,,,,,,0,0,0,0,0,0,0,0,False,-1,25.03
2026-04-02T15:37:56.095,2531,sequence,KCF,,False,,,,,,184,69,112,157,,,,,,0,0,0,0,0,0,0,0,False,-1,21.207
2026-04-02T15:37:56.126,2532,sequence,KCF,,False,,,,,,184,71,112,155,,,,,,0,0,0,0,0,0,0,0,False,-1,25.256
2026-04-02T15:37:56.154,2533,sequence,KCF,,False,,,,,,184,73,112,153,,,,,,0,0,0,0,0,0,0,0,False,-1,24.792
2026-04-02T15:37:56.183,2534,sequence,KCF,,False,,,,,,182,78,111,150,,,,,,0,0,0,0,0,0,0,0,False,-1,22.011
2026-04-02T15:37:56.222,2535,sequence,KCF,,False,,,,,,182,82,110,147,,,,,,0,0,0,0,0,0,0,0,False,-1,32.41
2026-04-02T15:37:56.254,2536,sequence,KCF,,False,,,,,,181,87,110,144,,,,,,0,0,0,0,0,0,0,0,False,-1,26.421
2026-04-02T15:37:56.281,2537,sequence,KCF,,False,,,,,,179,87,110,143,,,,,,0,0,0,0,0,0,0,0,False,-1,21.423
2026-04-02T15:37:56.308,2538,sequence,KCF,,False,,,,,,177,89,112,143,,,,,,0,0,0,0,0,0,0,0,False,-1,22.649
2026-04-02T15:37:56.338,2539,sequence,KCF,,False,,,,,,175,89,112,143,,,,,,0,0,0,0,0,0,0,0,False,-1,24.243
2026-04-02T15:37:56.367,2540,sequence,KCF,,False,,,,,,173,90,112,143,,,,,,0,0,0,0,0,0,0,0,False,-1,23.532
2026-04-02T15:37:56.395,2541,sequence,KCF,,False,,,,,,171,90,112,145,,,,,,0,0,0,0,0,0,0,0,False,-1,21.446
2026-04-02T15:37:56.424,2542,sequence,KCF,,False,,,,,,169,91,112,145,,,,,,0,0,0,0,0,0,0,0,False,-1,23.318
2026-04-02T15:37:56.451,2543,sequence,KCF,,False,,,,,,168,91,112,145,,,,,,0,0,0,0,0,0,0,0,False,-1,23.461
2026-04-02T15:37:56.479,2544,sequence,KCF,,False,,,,,,168,90,112,145,,,,,,0,0,0,0,0,0,0,0,False,-1,21.749
2026-04-02T15:37:56.516,2545,sequence,KCF,,False,,,,,,166,90,112,145,,,,,,0,0,0,0,0,0,0,0,False,-1,30.544
2026-04-02T15:37:56.546,2546,sequence,KCF,,False,,,,,,166,91,112,145,,,,,,0,0,0,0,0,0,0,0,False,-1,23.872
2026-04-02T15:37:56.574,2547,sequence,KCF,,False,,,,,,165,91,112,145,,,,,,0,0,0,0,0,0,0,0,False,-1,22.309
2026-04-02T15:37:56.605,2548,sequence,KCF,,False,,,,,,164,92,112,145,,,,,,0,0,0,0,0,0,0,0,False,-1,26.873
2026-04-02T15:37:56.641,2549,sequence,KCF,,False,,,,,,162,93,112,145,,,,,,0,0,0,0,0,0,0,0,False,-1,29.888
2026-04-02T15:37:56.666,2550,sequence,KCF,,False,,,,,,160,94,112,145,,,,,,0,0,0,0,0,0,0,0,False,-1,19.23
2026-04-02T15:37:56.696,2551,sequence,KCF,,False,,,,,,159,95,112,145,,,,,,0,0,0,0,0,0,0,0,False,-1,24.94
2026-04-02T15:37:56.725,2552,sequence,KCF,,False,,,,,,158,95,112,145,,,,,,0,0,0,0,0,0,0,0,False,-1,24.214
2026-04-02T15:37:56.758,2553,sequence,KCF,,False,,,,,,156,95,112,145,,,,,,0,0,0,0,0,0,0,0,False,-1,29.11
2026-04-02T15:37:56.785,2554,sequence,KCF,,False,,,,,,154,95,112,145,,,,,,0,0,0,0,0,0,0,0,False,-1,21.134
2026-04-02T15:37:56.817,2555,sequence,KCF,,False,,,,,,154,94,112,149,,,,,,0,0,0,0,0,0,0,0,False,-1,25.454
2026-04-02T15:37:56.854,2556,sequence,KCF,,False,,,,,,153,93,112,153,,,,,,0,0,0,0,0,0,0,0,False,-1,30.72
2026-04-02T15:37:56.885,2557,sequence,KCF,,False,,,,,,152,92,111,157,,,,,,0,0,0,0,0,0,0,0,False,-1,27.105
2026-04-02T15:37:56.908,2558,sequence,KCF,,False,,,,,,152,93,110,157,,,,,,0,0,0,0,0,0,0,0,False,-1,16.999
2026-04-02T15:37:56.939,2559,sequence,KCF,,False,,,,,,152,95,110,155,,,,,,0,0,0,0,0,0,0,0,False,-1,25.485
2026-04-02T15:37:56.973,2560,sequence,KCF,,False,,,,,,152,97,110,155,,,,,,0,0,0,0,0,0,0,0,False,-1,27.869
2026-04-02T15:37:57.007,2561,sequence,KCF,,False,,,,,,152,97,110,155,,,,,,0,0,0,0,0,0,0,0,False,-1,28.525
2026-04-02T15:37:57.037,2562,sequence,KCF,,False,,,,,,152,97,110,155,,,,,,0,0,0,0,0,0,0,0,False,-1,24.529
2026-04-02T15:37:57.060,2563,sequence,KCF,,False,,,,,,152,97,110,155,,,,,,0,0,0,0,0,0,0,0,False,-1,18.818
2026-04-02T15:37:57.085,2564,sequence,KCF,,False,,,,,,150,99,110,155,,,,,,0,0,0,0,0,0,0,0,False,-1,20.27
2026-04-02T15:37:57.118,2565,sequence,KCF,,False,,,,,,147,100,112,155,,,,,,0,0,0,0,0,0,0,0,False,-1,27.014
2026-04-02T15:37:57.147,2566,sequence,KCF,,False,,,,,,145,101,112,155,,,,,,0,0,0,0,0,0,0,0,False,-1,22.991
2026-04-02T15:37:57.181,2567,sequence,KCF,,False,,,,,,145,100,112,157,,,,,,0,0,0,0,0,0,0,0,False,-1,29.06
2026-04-02T15:37:57.213,2568,sequence,KCF,,False,,,,,,144,98,112,158,,,,,,0,0,0,0,0,0,0,0,False,-1,28.151
2026-04-02T15:37:57.246,2569,sequence,KCF,,False,,,,,,144,97,111,159,,,,,,0,0,0,0,0,0,0,0,False,-1,27.209
2026-04-02T15:37:57.272,2570,sequence,KCF,,False,,,,,,144,97,111,160,,,,,,0,0,0,0,0,0,0,0,False,-1,20.33
2026-04-02T15:37:57.297,2571,sequence,KCF,,False,,,,,,144,98,110,161,,,,,,0,0,0,0,0,0,0,0,False,-1,19.122
2026-04-02T15:37:57.330,2572,sequence,KCF,,False,,,,,,144,99,110,162,,,,,,0,0,0,0,0,0,0,0,False,-1,27.53
2026-04-02T15:37:57.364,2573,sequence,KCF,,False,,,,,,146,97,110,166,,,,,,0,0,0,0,0,0,0,0,False,-1,29.111
2026-04-02T15:37:57.394,2574,sequence,KCF,,False,,,,,,148,95,109,171,,,,,,0,0,0,0,0,0,0,0,False,-1,24.654
2026-04-02T15:37:57.426,2575,sequence,KCF,,False,,,,,,150,93,108,175,,,,,,0,0,0,0,0,0,0,0,False,-1,25.493
2026-04-02T15:37:57.460,2576,sequence,KCF,,False,,,,,,150,94,108,175,,,,,,0,0,0,0,0,0,0,0,False,-1,28.141
2026-04-02T15:37:57.490,2577,sequence,KCF,,False,,,,,,152,94,108,175,,,,,,0,0,0,0,0,0,0,0,False,-1,23.582
2026-04-02T15:37:57.515,2578,sequence,KCF,,False,,,,,,152,95,108,175,,,,,,0,0,0,0,0,0,0,0,False,-1,21.658
2026-04-02T15:37:57.539,2579,sequence,KCF,,False,,,,,,154,96,109,174,,,,,,0,0,0,0,0,0,0,0,False,-1,17.619
2026-04-02T15:37:57.563,2580,sequence,KCF,,False,,,,,,155,97,109,173,,,,,,0,0,0,0,0,0,0,0,False,-1,18.515
2026-04-02T15:37:57.588,2581,sequence,KCF,,False,,,,,,156,99,110,173,,,,,,0,0,0,0,0,0,0,0,False,-1,19.959
2026-04-02T15:37:57.615,2582,sequence,KCF,,False,,,,,,158,99,110,171,,,,,,0,0,0,0,0,0,0,0,False,-1,21.101
2026-04-02T15:37:57.645,2583,sequence,KCF,,False,,,,,,160,99,109,168,,,,,,0,0,0,0,0,0,0,0,False,-1,26.043
2026-04-02T15:37:57.676,2584,sequence,KCF,,False,,,,,,162,99,109,166,,,,,,0,0,0,0,0,0,0,0,False,-1,26.143
2026-04-02T15:37:57.700,2585,sequence,KCF,,False,,,,,,163,100,110,164,,,,,,0,0,0,0,0,0,0,0,False,-1,18.901
2026-04-02T15:37:57.725,2586,sequence,KCF,,False,,,,,,164,101,110,161,,,,,,0,0,0,0,0,0,0,0,False,-1,18.504
2026-04-02T15:37:57.752,2587,sequence,KCF,,False,,,,,,166,102,110,159,,,,,,0,0,0,0,0,0,0,0,False,-1,23.272
2026-04-02T15:37:57.783,2588,sequence,KCF,,False,,,,,,167,103,110,156,,,,,,0,0,0,0,0,0,0,0,False,-1,28.583
2026-04-02T15:37:57.824,2589,sequence,KCF,,False,,,,,,168,104,110,153,,,,,,0,0,0,0,0,0,0,0,False,-1,33.501
2026-04-02T15:37:57.856,2590,sequence,KCF,,False,,,,,,170,105,110,149,,,,,,0,0,0,0,0,0,0,0,False,-1,24.793
2026-04-02T15:37:57.888,2591,sequence,KCF,,False,,,,,,171,104,110,150,,,,,,0,0,0,0,0,0,0,0,False,-1,26.156
2026-04-02T15:37:57.916,2592,sequence,KCF,,False,,,,,,172,103,110,151,,,,,,0,0,0,0,0,0,0,0,False,-1,21.764
2026-04-02T15:37:57.943,2593,sequence,KCF,,False,,,,,,174,102,110,152,,,,,,0,0,0,0,0,0,0,0,False,-1,22.654
2026-04-02T15:37:57.966,2594,sequence,KCF,,False,,,,,,176,101,108,153,,,,,,0,0,0,0,0,0,0,0,False,-1,17.401
2026-04-02T15:37:57.989,2595,sequence,KCF,,False,,,,,,177,100,108,153,,,,,,0,0,0,0,0,0,0,0,False,-1,16.938
2026-04-02T15:37:58.013,2596,sequence,KCF,,False,,,,,,179,99,107,153,,,,,,0,0,0,0,0,0,0,0,False,-1,18.992
2026-04-02T15:37:58.045,2597,sequence,KCF,,False,,,,,,180,97,106,155,,,,,,0,0,0,0,0,0,0,0,False,-1,26.539
2026-04-02T15:37:58.068,2598,sequence,KCF,,False,,,,,,182,96,106,157,,,,,,0,0,0,0,0,0,0,0,False,-1,19.482
2026-04-02T15:37:58.099,2599,sequence,KCF,,False,,,,,,184,95,105,159,,,,,,0,0,0,0,0,0,0,0,False,-1,25.964
2026-04-02T15:37:58.126,2600,sequence,KCF,,False,,,,,,184,93,105,160,,,,,,0,0,0,0,0,0,0,0,False,-1,21.624
2026-04-02T15:37:58.160,2601,sequence,KCF,,False,,,,,,186,91,105,161,,,,,,0,0,0,0,0,0,0,0,False,-1,28.06
2026-04-02T15:37:58.194,2602,sequence,KCF,,False,,,,,,186,89,105,163,,,,,,0,0,0,0,0,0,0,0,False,-1,27.647
2026-04-02T15:37:58.220,2603,sequence,KCF,,False,,,,,,187,87,105,164,,,,,,0,0,0,0,0,0,0,0,False,-1,22.624
2026-04-02T15:37:58.247,2604,sequence,KCF,,False,,,,,,188,86,106,166,,,,,,0,0,0,0,0,0,0,0,False,-1,21.13
2026-04-02T15:37:58.284,2605,sequence,KCF,,False,,,,,,189,84,106,167,,,,,,0,0,0,0,0,0,0,0,False,-1,30.022
2026-04-02T15:37:58.309,2606,sequence,KCF,,False,,,,,,190,82,105,169,,,,,,0,0,0,0,0,0,0,0,False,-1,18.206
2026-04-02T15:37:58.341,2607,sequence,KCF,,False,,,,,,191,81,104,170,,,,,,0,0,0,0,0,0,0,0,False,-1,26.129
2026-04-02T15:37:58.364,2608,sequence,KCF,,False,,,,,,192,79,104,171,,,,,,0,0,0,0,0,0,0,0,False,-1,19.183
2026-04-02T15:37:58.387,2609,sequence,KCF,,False,,,,,,193,79,104,169,,,,,,0,0,0,0,0,0,0,0,False,-1,17.265
2026-04-02T15:37:58.411,2610,sequence,KCF,,False,,,,,,194,81,104,165,,,,,,0,0,0,0,0,0,0,0,False,-1,18.343
2026-04-02T15:37:58.443,2611,sequence,KCF,,False,,,,,,196,81,104,163,,,,,,0,0,0,0,0,0,0,0,False,-1,25.859
2026-04-02T15:37:58.471,2612,sequence,KCF,,False,,,,,,196,81,104,161,,,,,,0,0,0,0,0,0,0,0,False,-1,23.003
2026-04-02T15:37:58.504,2613,sequence,KCF,,False,,,,,,196,81,104,160,,,,,,0,0,0,0,0,0,0,0,False,-1,28.472
2026-04-02T15:37:58.528,2614,sequence,KCF,,False,,,,,,196,81,104,159,,,,,,0,0,0,0,0,0,0,0,False,-1,18.746
2026-04-02T15:37:58.561,2615,sequence,KCF,,False,,,,,,196,83,104,157,,,,,,0,0,0,0,0,0,0,0,False,-1,26.752
2026-04-02T15:37:58.586,2616,sequence,KCF,,False,,,,,,197,84,104,155,,,,,,0,0,0,0,0,0,0,0,False,-1,19.455
2026-04-02T15:37:58.617,2617,sequence,KCF,,False,,,,,,198,85,104,153,,,,,,0,0,0,0,0,0,0,0,False,-1,25.366
2026-04-02T15:37:58.649,2618,sequence,KCF,,False,,,,,,198,87,105,150,,,,,,0,0,0,0,0,0,0,0,False,-1,25.56
2026-04-02T15:37:58.683,2619,sequence,KCF,,False,,,,,,198,88,106,148,,,,,,0,0,0,0,0,0,0,0,False,-1,27.598
2026-04-02T15:37:58.707,2620,sequence,KCF,,False,,,,,,199,89,106,145,,,,,,0,0,0,0,0,0,0,0,False,-1,19.105
2026-04-02T15:37:58.738,2621,sequence,KCF,,False,,,,,,200,89,104,145,,,,,,0,0,0,0,0,0,0,0,False,-1,25.445
2026-04-02T15:37:58.774,2622,sequence,KCF,,False,,,,,,200,89,104,145,,,,,,0,0,0,0,0,0,0,0,False,-1,30.086
2026-04-02T15:37:58.810,2623,sequence,KCF,,False,,,,,,202,88,102,145,,,,,,0,0,0,0,0,0,0,0,False,-1,32.068
2026-04-02T15:37:58.835,2624,sequence,KCF,,False,,,,,,202,86,102,145,,,,,,0,0,0,0,0,0,0,0,False,-1,19.655
2026-04-02T15:37:58.856,2625,sequence,KCF,,False,,,,,,203,85,102,146,,,,,,0,0,0,0,0,0,0,0,False,-1,17.059
2026-04-02T15:37:58.887,2626,sequence,KCF,,False,,,,,,204,83,102,147,,,,,,0,0,0,0,0,0,0,0,False,-1,26.191
2026-04-02T15:37:58.918,2627,sequence,KCF,,False,,,,,,205,83,100,147,,,,,,0,0,0,0,0,0,0,0,False,-1,26.268
2026-04-02T15:37:58.943,2628,sequence,KCF,,False,,,,,,207,82,100,147,,,,,,0,0,0,0,0,0,0,0,False,-1,21.252
2026-04-02T15:37:58.973,2629,sequence,KCF,,False,,,,,,208,82,99,147,,,,,,0,0,0,0,0,0,0,0,False,-1,25.123
2026-04-02T15:37:59.006,2630,sequence,KCF,,False,,,,,,209,81,100,149,,,,,,0,0,0,0,0,0,0,0,False,-1,25.965
2026-04-02T15:37:59.038,2631,sequence,KCF,,False,,,,,,209,79,100,151,,,,,,0,0,0,0,0,0,0,0,False,-1,25.902
2026-04-02T15:37:59.061,2632,sequence,KCF,,False,,,,,,210,77,100,153,,,,,,0,0,0,0,0,0,0,0,False,-1,17.986
2026-04-02T15:37:59.088,2633,sequence,KCF,,False,,,,,,211,77,100,153,,,,,,0,0,0,0,0,0,0,0,False,-1,23.292
2026-04-02T15:37:59.118,2634,sequence,KCF,,False,,,,,,212,77,100,153,,,,,,0,0,0,0,0,0,0,0,False,-1,24.799
2026-04-02T15:37:59.148,2635,sequence,KCF,,False,,,,,,214,77,100,153,,,,,,0,0,0,0,0,0,0,0,False,-1,26.586
2026-04-02T15:37:59.174,2636,sequence,KCF,,False,,,,,,216,78,100,151,,,,,,0,0,0,0,0,0,0,0,False,-1,20.156
2026-04-02T15:37:59.208,2637,sequence,KCF,,False,,,,,,217,79,99,149,,,,,,0,0,0,0,0,0,0,0,False,-1,28.262
2026-04-02T15:37:59.234,2638,sequence,KCF,,False,,,,,,218,80,99,147,,,,,,0,0,0,0,0,0,0,0,False,-1,22.637
2026-04-02T15:37:59.270,2639,sequence,KCF,,False,,,,,,220,82,100,145,,,,,,0,0,0,0,0,0,0,0,False,-1,29.476
2026-04-02T15:37:59.303,2640,sequence,KCF,,False,,,,,,221,85,100,143,,,,,,0,0,0,0,0,0,0,0,False,-1,26.539
2026-04-02T15:37:59.338,2641,sequence,KCF,,False,,,,,,222,87,100,140,,,,,,0,0,0,0,0,0,0,0,False,-1,29.541
2026-04-02T15:37:59.376,2642,sequence,KCF,,False,,,,,,224,88,100,138,,,,,,0,0,0,0,0,0,0,0,False,-1,30.458
2026-04-02T15:37:59.403,2643,sequence,KCF,,False,,,,,,226,89,98,135,,,,,,0,0,0,0,0,0,0,0,False,-1,22.987
2026-04-02T15:37:59.432,2644,sequence,KCF,,False,,,,,,228,90,97,133,,,,,,0,0,0,0,0,0,0,0,False,-1,23.339
2026-04-02T15:37:59.469,2645,sequence,KCF,,False,,,,,,230,91,97,131,,,,,,0,0,0,0,0,0,0,0,False,-1,30.539
2026-04-02T15:37:59.500,2646,sequence,KCF,,False,,,,,,230,91,97,129,,,,,,0,0,0,0,0,0,0,0,False,-1,24.446
2026-04-02T15:37:59.533,2647,sequence,KCF,,False,,,,,,232,92,97,127,,,,,,0,0,0,0,0,0,0,0,False,-1,27.708
2026-04-02T15:37:59.557,2648,sequence,KCF,,False,,,,,,232,91,98,127,,,,,,0,0,0,0,0,0,0,0,False,-1,20.523
2026-04-02T15:37:59.591,2649,sequence,KCF,,False,,,,,,234,89,98,127,,,,,,0,0,0,0,0,0,0,0,False,-1,27.699
2026-04-02T15:37:59.622,2650,sequence,KCF,,False,,,,,,235,88,99,127,,,,,,0,0,0,0,0,0,0,0,False,-1,25.357
2026-04-02T15:37:59.653,2651,sequence,KCF,,False,,,,,,236,86,98,129,,,,,,0,0,0,0,0,0,0,0,False,-1,24.79
2026-04-02T15:37:59.678,2652,sequence,KCF,,False,,,,,,238,83,98,131,,,,,,0,0,0,0,0,0,0,0,False,-1,19.634
2026-04-02T15:37:59.710,2653,sequence,KCF,,False,,,,,,239,81,96,132,,,,,,0,0,0,0,0,0,0,0,False,-1,28.233
2026-04-02T15:37:59.741,2654,sequence,KCF,,False,,,,,,242,79,96,134,,,,,,0,0,0,0,0,0,0,0,False,-1,25.015
2026-04-02T15:37:59.778,2655,sequence,KCF,,False,,,,,,244,77,94,136,,,,,,0,0,0,0,0,0,0,0,False,-1,30.489
2026-04-02T15:37:59.809,2656,sequence,KCF,,False,,,,,,247,75,94,138,,,,,,0,0,0,0,0,0,0,0,False,-1,25.292
2026-04-02T15:37:59.848,2657,sequence,KCF,,False,,,,,,249,75,92,139,,,,,,0,0,0,0,0,0,0,0,False,-1,32.622
2026-04-02T15:37:59.884,2658,sequence,KCF,,False,,,,,,250,73,92,140,,,,,,0,0,0,0,0,0,0,0,False,-1,30.9
2026-04-02T15:37:59.920,2659,sequence,KCF,,False,,,,,,252,73,90,141,,,,,,0,0,0,0,0,0,0,0,False,-1,30.552
2026-04-02T15:37:59.953,2660,sequence,KCF,,False,,,,,,254,72,90,142,,,,,,0,0,0,0,0,0,0,0,False,-1,26.302
2026-04-02T15:37:59.992,2661,sequence,KCF,,False,,,,,,256,71,89,143,,,,,,0,0,0,0,0,0,0,0,False,-1,33.682
2026-04-02T15:38:00.033,2662,sequence,KCF,,False,,,,,,258,70,88,144,,,,,,0,0,0,0,0,0,0,0,False,-1,32.594
2026-04-02T15:38:00.059,2663,sequence,KCF,,False,,,,,,260,71,88,144,,,,,,0,0,0,0,0,0,0,0,False,-1,19.887
2026-04-02T15:38:00.084,2664,sequence,KCF,,False,,,,,,262,71,88,144,,,,,,0,0,0,0,0,0,0,0,False,-1,19.827
2026-04-02T15:38:00.124,2665,sequence,KCF,,False,,,,,,264,71,88,144,,,,,,0,0,0,0,0,0,0,0,False,-1,34.089
2026-04-02T15:38:00.165,2666,sequence,KCF,,False,,,,,,266,71,88,144,,,,,,0,0,0,0,0,0,0,0,False,-1,33.764
2026-04-02T15:38:00.207,2667,sequence,KCF,,False,,,,,,267,72,88,144,,,,,,0,0,0,0,0,0,0,0,False,-1,35.436
2026-04-02T15:38:00.244,2668,sequence,KCF,,False,,,,,,268,72,88,144,,,,,,0,0,0,0,0,0,0,0,False,-1,32.285
2026-04-02T15:38:00.281,2669,sequence,KCF,,False,,,,,,272,73,88,141,,,,,,0,0,0,0,0,0,0,0,False,-1,31.036
2026-04-02T15:38:00.313,2670,sequence,KCF,,False,,,,,,274,74,88,139,,,,,,0,0,0,0,0,0,0,0,False,-1,24.651
2026-04-02T15:38:00.346,2671,sequence,KCF,,False,,,,,,277,75,87,136,,,,,,0,0,0,0,0,0,0,0,False,-1,27.356
2026-04-02T15:38:00.374,2672,sequence,KCF,,False,,,,,,278,73,87,137,,,,,,0,0,0,0,0,0,0,0,False,-1,23.198
2026-04-02T15:38:00.402,2673,sequence,KCF,,False,,,,,,279,73,86,139,,,,,,0,0,0,0,0,0,0,0,False,-1,23.367
2026-04-02T15:38:00.438,2674,sequence,KCF,,False,,,,,,280,71,86,140,,,,,,0,0,0,0,0,0,0,0,False,-1,28.855
2026-04-02T15:38:00.478,2675,sequence,KCF,,False,,,,,,282,71,86,141,,,,,,0,0,0,0,0,0,0,0,False,-1,34.097
2026-04-02T15:38:00.513,2676,sequence,KCF,,False,,,,,,282,71,86,142,,,,,,0,0,0,0,0,0,0,0,False,-1,28.92
2026-04-02T15:38:00.553,2677,sequence,KCF,,False,,,,,,284,70,85,143,,,,,,0,0,0,0,0,0,0,0,False,-1,32.605
2026-04-02T15:38:00.590,2678,sequence,KCF,,False,,,,,,286,69,84,143,,,,,,0,0,0,0,0,0,0,0,False,-1,30.451
2026-04-02T15:38:00.628,2679,sequence,KCF,,False,,,,,,288,68,84,143,,,,,,0,0,0,0,0,0,0,0,False,-1,30.151
2026-04-02T15:38:00.655,2680,sequence,KCF,,False,,,,,,290,67,84,144,,,,,,0,0,0,0,0,0,0,0,False,-1,20.244
2026-04-02T15:38:00.681,2681,sequence,KCF,,False,,,,,,292,67,83,145,,,,,,0,0,0,0,0,0,0,0,False,-1,19.642
2026-04-02T15:38:00.716,2682,sequence,KCF,,False,,,,,,294,67,82,145,,,,,,0,0,0,0,0,0,0,0,False,-1,29.112
2026-04-02T15:38:00.750,2683,sequence,KCF,,False,,,,,,295,67,82,145,,,,,,0,0,0,0,0,0,0,0,False,-1,29.528
2026-04-02T15:38:00.787,2684,sequence,KCF,,False,,,,,,297,66,81,145,,,,,,0,0,0,0,0,0,0,0,False,-1,30.171
2026-04-02T15:38:00.822,2685,sequence,KCF,,False,,,,,,298,65,81,146,,,,,,0,0,0,0,0,0,0,0,False,-1,28.76
2026-04-02T15:38:00.864,2686,sequence,KCF,,False,,,,,,300,64,80,146,,,,,,0,0,0,0,0,0,0,0,False,-1,35.912
2026-04-02T15:38:00.901,2687,sequence,KCF,,False,,,,,,301,63,80,146,,,,,,0,0,0,0,0,0,0,0,False,-1,30.646
2026-04-02T15:38:00.936,2688,sequence,KCF,,False,,,,,,302,63,80,146,,,,,,0,0,0,0,0,0,0,0,False,-1,29.804
2026-04-02T15:38:00.978,2689,sequence,KCF,,False,,,,,,302,63,80,146,,,,,,0,0,0,0,0,0,0,0,False,-1,36.535
2026-04-02T15:38:01.013,2690,sequence,KCF,,False,,,,,,304,62,80,146,,,,,,0,0,0,0,0,0,0,0,False,-1,26.812
2026-04-02T15:38:01.047,2691,sequence,KCF,,False,,,,,,304,62,79,147,,,,,,0,0,0,0,0,0,0,0,False,-1,27.784
2026-04-02T15:38:01.073,2692,sequence,KCF,,False,,,,,,306,61,79,147,,,,,,0,0,0,0,0,0,0,0,False,-1,21.052
2026-04-02T15:38:01.100,2693,sequence,KCF,,False,,,,,,306,61,80,147,,,,,,0,0,0,0,0,0,0,0,False,-1,22.561
2026-04-02T15:38:01.132,2694,sequence,KCF,,False,,,,,,306,59,80,147,,,,,,0,0,0,0,0,0,0,0,False,-1,25.699
2026-04-02T15:38:01.157,2695,sequence,KCF,,False,,,,,,307,59,80,147,,,,,,0,0,0,0,0,0,0,0,False,-1,19.366
2026-04-02T15:38:01.185,2696,sequence,KCF,,False,,,,,,308,59,80,146,,,,,,0,0,0,0,0,0,0,0,False,-1,21.403
2026-04-02T15:38:01.222,2697,sequence,KCF,,False,,,,,,309,58,80,146,,,,,,0,0,0,0,0,0,0,0,False,-1,30.791
2026-04-02T15:38:01.255,2698,sequence,KCF,,False,,,,,,310,58,80,145,,,,,,0,0,0,0,0,0,0,0,False,-1,28.587
2026-04-02T15:38:01.290,2699,sequence,KCF,,False,,,,,,312,56,80,145,,,,,,0,0,0,0,0,0,0,0,False,-1,29.718
2026-04-02T15:38:01.318,2700,sequence,KCF,,False,,,,,,313,53,80,145,,,,,,0,0,0,0,0,0,0,0,False,-1,22.661
2026-04-02T15:38:01.357,2701,sequence,KCF,,False,,,,,,314,51,80,145,,,,,,0,0,0,0,0,0,0,0,False,-1,31.857
2026-04-02T15:38:01.398,2702,sequence,KCF,,False,,,,,,316,49,80,145,,,,,,0,0,0,0,0,0,0,0,False,-1,34.863
2026-04-02T15:38:01.434,2703,sequence,KCF,,False,,,,,,316,48,80,146,,,,,,0,0,0,0,0,0,0,0,False,-1,31.265
2026-04-02T15:38:01.462,2704,sequence,KCF,,False,,,,,,317,46,79,146,,,,,,0,0,0,0,0,0,0,0,False,-1,21.677
2026-04-02T15:38:01.501,2705,sequence,KCF,,False,,,,,,318,46,79,146,,,,,,0,0,0,0,0,0,0,0,False,-1,33.154
2026-04-02T15:38:01.534,2706,sequence,KCF,,False,,,,,,319,45,79,146,,,,,,0,0,0,0,0,0,0,0,False,-1,26.733
2026-04-02T15:38:01.567,2707,sequence,KCF,,False,,,,,,320,45,79,146,,,,,,0,0,0,0,0,0,0,0,False,-1,26.863
2026-04-02T15:38:01.591,2708,sequence,KCF,,False,,,,,,322,45,78,145,,,,,,0,0,0,0,0,0,0,0,False,-1,20.473
2026-04-02T15:38:01.618,2709,sequence,KCF,,False,,,,,,324,45,78,143,,,,,,0,0,0,0,0,0,0,0,False,-1,20.819
2026-04-02T15:38:01.647,2710,sequence,KCF,,False,,,,,,326,45,78,141,,,,,,0,0,0,0,0,0,0,0,False,-1,21.045
2026-04-02T15:38:01.676,2711,sequence,KCF,,False,,,,,,328,45,77,140,,,,,,0,0,0,0,0,0,0,0,False,-1,22.683
2026-04-02T15:38:01.710,2712,sequence,KCF,,False,,,,,,330,45,76,139,,,,,,0,0,0,0,0,0,0,0,False,-1,28.361
2026-04-02T15:38:01.742,2713,sequence,KCF,,False,,,,,,332,45,74,137,,,,,,0,0,0,0,0,0,0,0,False,-1,27.163
2026-04-02T15:38:01.782,2714,sequence,KCF,,False,,,,,,334,43,74,139,,,,,,0,0,0,0,0,0,0,0,False,-1,33.186
2026-04-02T15:38:01.819,2715,sequence,KCF,,False,,,,,,335,41,74,141,,,,,,0,0,0,0,0,0,0,0,False,-1,28.815
2026-04-02T15:38:01.853,2716,sequence,KCF,,False,,,,,,336,39,74,142,,,,,,0,0,0,0,0,0,0,0,False,-1,27.722
2026-04-02T15:38:01.879,2717,sequence,KCF,,False,,,,,,338,39,74,141,,,,,,0,0,0,0,0,0,0,0,False,-1,20.501
2026-04-02T15:38:01.903,2718,sequence,KCF,,False,,,,,,340,39,72,140,,,,,,0,0,0,0,0,0,0,0,False,-1,19.982
2026-04-02T15:38:01.930,2719,sequence,KCF,,False,,,,,,342,39,72,139,,,,,,0,0,0,0,0,0,0,0,False,-1,22.078
2026-04-02T15:38:01.963,2720,sequence,KCF,,False,,,,,,342,38,72,139,,,,,,0,0,0,0,0,0,0,0,False,-1,25.551
2026-04-02T15:38:01.996,2721,sequence,KCF,,False,,,,,,342,37,73,140,,,,,,0,0,0,0,0,0,0,0,False,-1,27.714
2026-04-02T15:38:02.025,2722,sequence,KCF,,False,,,,,,342,37,74,141,,,,,,0,0,0,0,0,0,0,0,False,-1,23.108
2026-04-02T15:38:02.049,2723,sequence,KCF,,False,,,,,,343,37,74,141,,,,,,0,0,0,0,0,0,0,0,False,-1,20.48
2026-04-02T15:38:02.083,2724,sequence,KCF,,False,,,,,,344,37,74,141,,,,,,0,0,0,0,0,0,0,0,False,-1,27.423
2026-04-02T15:38:02.117,2725,sequence,KCF,,False,,,,,,346,38,74,141,,,,,,0,0,0,0,0,0,0,0,False,-1,26.171
2026-04-02T15:38:02.158,2726,sequence,KCF,,False,,,,,,347,38,74,141,,,,,,0,0,0,0,0,0,0,0,False,-1,34.429
2026-04-02T15:38:02.190,2727,sequence,KCF,,False,,,,,,348,39,74,140,,,,,,0,0,0,0,0,0,0,0,False,-1,24.662
2026-04-02T15:38:02.227,2728,sequence,KCF,,False,,,,,,350,39,75,139,,,,,,0,0,0,0,0,0,0,0,False,-1,30.4
2026-04-02T15:38:02.255,2729,sequence,KCF,,False,,,,,,352,39,74,139,,,,,,0,0,0,0,0,0,0,0,False,-1,21.934
2026-04-02T15:38:02.290,2730,sequence,KCF,,False,,,,,,354,38,74,139,,,,,,0,0,0,0,0,0,0,0,False,-1,29.912
2026-04-02T15:38:02.325,2731,sequence,KCF,,False,,,,,,356,38,73,138,,,,,,0,0,0,0,0,0,0,0,False,-1,28.119
2026-04-02T15:38:02.351,2732,sequence,KCF,,False,,,,,,357,39,73,137,,,,,,0,0,0,0,0,0,0,0,False,-1,21.039
2026-04-02T15:38:02.383,2733,sequence,KCF,,False,,,,,,358,39,73,137,,,,,,0,0,0,0,0,0,0,0,False,-1,27.064
2026-04-02T15:38:02.412,2734,sequence,KCF,,False,,,,,,360,40,73,136,,,,,,0,0,0,0,0,0,0,0,False,-1,23.129
2026-04-02T15:38:02.447,2735,sequence,KCF,,False,,,,,,361,39,72,137,,,,,,0,0,0,0,0,0,0,0,False,-1,28.58
2026-04-02T15:38:02.481,2736,sequence,KCF,,False,,,,,,362,38,72,137,,,,,,0,0,0,0,0,0,0,0,False,-1,27.877
2026-04-02T15:38:02.514,2737,sequence,KCF,,False,,,,,,362,37,71,138,,,,,,0,0,0,0,0,0,0,0,False,-1,26.327
2026-04-02T15:38:02.557,2738,sequence,KCF,,False,,,,,,366,39,70,137,,,,,,0,0,0,0,0,0,0,0,False,-1,36.515
2026-04-02T15:38:02.593,2739,sequence,KCF,,False,,,,,,368,40,68,136,,,,,,0,0,0,0,0,0,0,0,False,-1,28.268
2026-04-02T15:38:02.625,2740,sequence,KCF,,False,,,,,,371,41,66,135,,,,,,0,0,0,0,0,0,0,0,False,-1,26.343
2026-04-02T15:38:02.659,2741,sequence,KCF,,False,,,,,,373,42,66,135,,,,,,0,0,0,0,0,0,0,0,False,-1,27.686
2026-04-02T15:38:02.696,2742,sequence,KCF,,False,,,,,,374,43,65,134,,,,,,0,0,0,0,0,0,0,0,False,-1,31.451
2026-04-02T15:38:02.722,2743,sequence,KCF,,False,,,,,,376,44,64,134,,,,,,0,0,0,0,0,0,0,0,False,-1,22.585
2026-04-02T15:38:02.749,2744,sequence,KCF,,False,,,,,,378,44,64,134,,,,,,0,0,0,0,0,0,0,0,False,-1,21.634
2026-04-02T15:38:02.783,2745,sequence,KCF,,False,,,,,,380,44,64,134,,,,,,0,0,0,0,0,0,0,0,False,-1,26.897
2026-04-02T15:38:02.812,2746,sequence,KCF,,False,,,,,,382,44,64,134,,,,,,0,0,0,0,0,0,0,0,False,-1,23.066
2026-04-02T15:38:02.844,2747,sequence,KCF,,False,,,,,,384,43,64,136,,,,,,0,0,0,0,0,0,0,0,False,-1,26.476
2026-04-02T15:38:02.873,2748,sequence,KCF,,False,,,,,,384,41,64,138,,,,,,0,0,0,0,0,0,0,0,False,-1,24.383
2026-04-02T15:38:02.902,2749,sequence,KCF,,False,,,,,,385,39,65,140,,,,,,0,0,0,0,0,0,0,0,False,-1,23.612
2026-04-02T15:38:02.939,2750,sequence,KCF,,False,,,,,,386,40,64,139,,,,,,0,0,0,0,0,0,0,0,False,-1,29.738
2026-04-02T15:38:02.973,2751,sequence,KCF,,False,,,,,,388,41,64,139,,,,,,0,0,0,0,0,0,0,0,False,-1,27.014
2026-04-02T15:38:03.009,2752,sequence,KCF,,False,,,,,,389,41,64,139,,,,,,0,0,0,0,0,0,0,0,False,-1,31.312
2026-04-02T15:38:03.045,2753,sequence,KCF,,False,,,,,,390,42,64,137,,,,,,0,0,0,0,0,0,0,0,False,-1,30.448
2026-04-02T15:38:03.087,2754,sequence,KCF,,False,,,,,,392,42,64,136,,,,,,0,0,0,0,0,0,0,0,False,-1,34.763
2026-04-02T15:38:03.125,2755,sequence,KCF,,False,,,,,,392,43,65,135,,,,,,0,0,0,0,0,0,0,0,False,-1,32.289
2026-04-02T15:38:03.161,2756,sequence,KCF,,False,,,,,,394,43,65,133,,,,,,0,0,0,0,0,0,0,0,False,-1,29.422
2026-04-02T15:38:03.194,2757,sequence,KCF,,False,,,,,,395,43,66,132,,,,,,0,0,0,0,0,0,0,0,False,-1,29.003
2026-04-02T15:38:03.232,2758,sequence,KCF,,False,,,,,,396,44,66,131,,,,,,0,0,0,0,0,0,0,0,False,-1,32.993
2026-04-02T15:38:03.271,2759,sequence,KCF,,False,,,,,,397,44,66,130,,,,,,0,0,0,0,0,0,0,0,False,-1,31.639
2026-04-02T15:38:03.307,2760,sequence,KCF,,False,,,,,,398,44,66,130,,,,,,0,0,0,0,0,0,0,0,False,-1,28.361
2026-04-02T15:38:03.343,2761,sequence,KCF,,False,,,,,,400,44,66,129,,,,,,0,0,0,0,0,0,0,0,False,-1,30.672
2026-04-02T15:38:03.381,2762,sequence,KCF,,False,,,,,,402,44,66,129,,,,,,0,0,0,0,0,0,0,0,False,-1,32.98
2026-04-02T15:38:03.410,2763,sequence,KCF,,False,,,,,,403,44,66,129,,,,,,0,0,0,0,0,0,0,0,False,-1,21.258
2026-04-02T15:38:03.440,2764,sequence,KCF,,False,,,,,,405,44,66,129,,,,,,0,0,0,0,0,0,0,0,False,-1,23.377
2026-04-02T15:38:03.462,2765,sequence,KCF,,False,,,,,,406,45,66,129,,,,,,0,0,0,0,0,0,0,0,False,-1,18.659
2026-04-02T15:38:03.498,2766,sequence,KCF,,False,,,,,,406,45,66,128,,,,,,0,0,0,0,0,0,0,0,False,-1,30.259
2026-04-02T15:38:03.529,2767,sequence,KCF,,False,,,,,,407,45,66,127,,,,,,0,0,0,0,0,0,0,0,False,-1,26.718
2026-04-02T15:38:03.560,2768,sequence,KCF,,False,,,,,,410,46,65,126,,,,,,0,0,0,0,0,0,0,0,False,-1,24.506
2026-04-02T15:38:03.593,2769,sequence,KCF,,False,,,,,,414,46,64,125,,,,,,0,0,0,0,0,0,0,0,False,-1,27.487
2026-04-02T15:38:03.619,2770,sequence,KCF,,False,,,,,,416,47,63,124,,,,,,0,0,0,0,0,0,0,0,False,-1,20.739
2026-04-02T15:38:03.646,2771,sequence,KCF,,False,,,,,,419,48,62,123,,,,,,0,0,0,0,0,0,0,0,False,-1,21.517
2026-04-02T15:38:03.674,2772,sequence,KCF,,False,,,,,,421,50,60,121,,,,,,0,0,0,0,0,0,0,0,False,-1,24.065
2026-04-02T15:38:03.704,2773,sequence,KCF,,False,,,,,,424,51,59,119,,,,,,0,0,0,0,0,0,0,0,False,-1,24.325
2026-04-02T15:38:03.735,2774,sequence,KCF,,False,,,,,,426,52,58,119,,,,,,0,0,0,0,0,0,0,0,False,-1,25.265
2026-04-02T15:38:03.768,2775,sequence,KCF,,False,,,,,,428,52,58,119,,,,,,0,0,0,0,0,0,0,0,False,-1,27.106
2026-04-02T15:38:03.793,2776,sequence,KCF,,False,,,,,,430,53,58,119,,,,,,0,0,0,0,0,0,0,0,False,-1,20.089
2026-04-02T15:38:03.820,2777,sequence,KCF,,False,,,,,,432,53,57,118,,,,,,0,0,0,0,0,0,0,0,False,-1,22.171
2026-04-02T15:38:03.852,2778,sequence,KCF,,False,,,,,,434,53,56,118,,,,,,0,0,0,0,0,0,0,0,False,-1,27.228
2026-04-02T15:38:03.879,2779,sequence,KCF,,False,,,,,,436,53,55,117,,,,,,0,0,0,0,0,0,0,0,False,-1,21.386
2026-04-02T15:38:03.906,2780,sequence,KCF,,False,,,,,,438,53,54,117,,,,,,0,0,0,0,0,0,0,0,False,-1,20.83
2026-04-02T15:38:03.933,2781,sequence,KCF,,False,,,,,,440,51,54,118,,,,,,0,0,0,0,0,0,0,0,False,-1,20.818
2026-04-02T15:38:03.955,2782,sequence,KCF,,False,,,,,,442,51,54,118,,,,,,0,0,0,0,0,0,0,0,False,-1,18.462
2026-04-02T15:38:03.978,2783,sequence,KCF,,False,,,,,,444,49,54,119,,,,,,0,0,0,0,0,0,0,0,False,-1,18.476
2026-04-02T15:38:04.008,2784,sequence,KCF,,False,,,,,,447,48,55,120,,,,,,0,0,0,0,0,0,0,0,False,-1,24.126
2026-04-02T15:38:04.041,2785,sequence,KCF,,False,,,,,,450,47,56,121,,,,,,0,0,0,0,0,0,0,0,False,-1,27.675
2026-04-02T15:38:04.070,2786,sequence,KCF,,False,,,,,,450,46,56,121,,,,,,0,0,0,0,0,0,0,0,False,-1,22.194
2026-04-02T15:38:04.103,2787,sequence,KCF,,False,,,,,,452,45,56,121,,,,,,0,0,0,0,0,0,0,0,False,-1,29.831
2026-04-02T15:38:04.130,2788,sequence,KCF,,False,,,,,,452,44,56,121,,,,,,0,0,0,0,0,0,0,0,False,-1,21.618
2026-04-02T15:38:04.161,2789,sequence,KCF,,False,,,,,,454,44,57,121,,,,,,0,0,0,0,0,0,0,0,False,-1,25.063
2026-04-02T15:38:04.188,2790,sequence,KCF,,False,,,,,,456,44,58,119,,,,,,0,0,0,0,0,0,0,0,False,-1,20.73
2026-04-02T15:38:04.218,2791,sequence,KCF,,False,,,,,,457,44,58,119,,,,,,0,0,0,0,0,0,0,0,False,-1,23.658
2026-04-02T15:38:04.243,2792,sequence,KCF,,False,,,,,,458,43,60,117,,,,,,0,0,0,0,0,0,0,0,False,-1,20.803
2026-04-02T15:38:04.280,2793,sequence,KCF,,False,,,,,,458,42,60,117,,,,,,0,0,0,0,0,0,0,0,False,-1,31.977
2026-04-02T15:38:04.308,2794,sequence,KCF,,False,,,,,,458,41,62,115,,,,,,0,0,0,0,0,0,0,0,False,-1,21.734
2026-04-02T15:38:04.346,2795,sequence,KCF,,False,,,,,,460,41,62,115,,,,,,0,0,0,0,0,0,0,0,False,-1,31.845
2026-04-02T15:38:04.375,2796,sequence,KCF,,False,,,,,,462,41,62,113,,,,,,0,0,0,0,0,0,0,0,False,-1,23.921
2026-04-02T15:38:04.408,2797,sequence,KCF,,False,,,,,,464,41,62,113,,,,,,0,0,0,0,0,0,0,0,False,-1,28.635
2026-04-02T15:38:04.444,2798,sequence,KCF,,False,,,,,,466,41,61,111,,,,,,0,0,0,0,0,0,0,0,False,-1,30.142
2026-04-02T15:38:04.479,2799,sequence,KCF,,False,,,,,,467,40,60,111,,,,,,0,0,0,0,0,0,0,0,False,-1,29.137
2026-04-02T15:38:04.511,2800,sequence,KCF,,False,,,,,,469,39,60,109,,,,,,0,0,0,0,0,0,0,0,False,-1,25.969
2026-04-02T15:38:04.546,2801,sequence,KCF,,False,,,,,,472,39,60,109,,,,,,0,0,0,0,0,0,0,0,False,-1,29.906
2026-04-02T15:38:04.582,2802,sequence,KCF,,False,,,,,,474,39,58,107,,,,,,0,0,0,0,0,0,0,0,False,-1,32.015
2026-04-02T15:38:04.616,2803,sequence,KCF,,False,,,,,,476,38,58,107,,,,,,0,0,0,0,0,0,0,0,False,-1,27.888
2026-04-02T15:38:04.647,2804,sequence,KCF,,False,,,,,,478,37,57,107,,,,,,0,0,0,0,0,0,0,0,False,-1,25.153
2026-04-02T15:38:04.675,2805,sequence,KCF,,False,,,,,,481,37,56,109,,,,,,0,0,0,0,0,0,0,0,False,-1,20.952
2026-04-02T15:38:04.702,2806,sequence,KCF,,False,,,,,,484,36,55,109,,,,,,0,0,0,0,0,0,0,0,False,-1,21.733
2026-04-02T15:38:04.734,2807,sequence,KCF,,False,,,,,,487,34,54,111,,,,,,0,0,0,0,0,0,0,0,False,-1,28.707
2026-04-02T15:38:04.764,2808,sequence,KCF,,False,,,,,,491,33,54,111,,,,,,0,0,0,0,0,0,0,0,False,-1,23.684
2026-04-02T15:38:04.790,2809,sequence,KCF,,False,,,,,,494,31,54,113,,,,,,0,0,0,0,0,0,0,0,False,-1,20.804
2026-04-02T15:38:04.822,2810,sequence,KCF,,False,,,,,,496,31,54,113,,,,,,0,0,0,0,0,0,0,0,False,-1,26.691
2026-04-02T15:38:04.858,2811,sequence,KCF,,False,,,,,,499,31,54,113,,,,,,0,0,0,0,0,0,0,0,False,-1,30.12
2026-04-02T15:38:04.888,2812,sequence,KCF,,False,,,,,,501,31,54,113,,,,,,0,0,0,0,0,0,0,0,False,-1,25.341
2026-04-02T15:38:04.921,2813,sequence,KCF,,False,,,,,,505,29,54,113,,,,,,0,0,0,0,0,0,0,0,False,-1,28.466
2026-04-02T15:38:04.952,2814,sequence,KCF,,False,,,,,,510,29,54,113,,,,,,0,0,0,0,0,0,0,0,False,-1,25.277
2026-04-02T15:38:04.986,2815,sequence,KCF,,False,,,,,,514,27,54,113,,,,,,0,0,0,0,0,0,0,0,False,-1,27.221
2026-04-02T15:38:05.016,2816,sequence,KCF,,False,,,,,,516,27,52,113,,,,,,0,0,0,0,0,0,0,0,False,-1,24.977
2026-04-02T15:38:05.048,2817,sequence,KCF,,False,,,,,,519,26,52,113,,,,,,0,0,0,0,0,0,0,0,False,-1,28.222
2026-04-02T15:38:05.079,2818,sequence,KCF,,False,,,,,,522,25,50,114,,,,,,0,0,0,0,0,0,0,0,False,-1,25.502
2026-04-02T15:38:05.113,2819,sequence,KCF,,False,,,,,,524,25,50,115,,,,,,0,0,0,0,0,0,0,0,False,-1,28.436
2026-04-02T15:38:05.142,2820,sequence,KCF,,False,,,,,,526,24,50,116,,,,,,0,0,0,0,0,0,0,0,False,-1,24.588
2026-04-02T15:38:05.176,2821,sequence,KCF,,False,,,,,,528,23,50,117,,,,,,0,0,0,0,0,0,0,0,False,-1,28.205
2026-04-02T15:38:05.204,2822,sequence,KCF,,False,,,,,,532,23,50,117,,,,,,0,0,0,0,0,0,0,0,False,-1,22.388
2026-04-02T15:38:05.228,2823,sequence,KCF,,False,,,,,,536,22,50,117,,,,,,0,0,0,0,0,0,0,0,False,-1,18.733
2026-04-02T15:38:05.256,2824,sequence,KCF,,False,,,,,,540,21,50,117,,,,,,0,0,0,0,0,0,0,0,False,-1,22.915
2026-04-02T15:38:05.286,2825,sequence,KCF,,False,,,,,,543,21,50,117,,,,,,0,0,0,0,0,0,0,0,False,-1,24.05
2026-04-02T15:38:05.319,2826,sequence,KCF,,False,,,,,,545,21,50,117,,,,,,0,0,0,0,0,0,0,0,False,-1,27.121
2026-04-02T15:38:05.354,2827,sequence,KCF,,False,,,,,,548,21,50,117,,,,,,0,0,0,0,0,0,0,0,False,-1,31.915
2026-04-02T15:38:05.381,2828,sequence,KCF,,False,,,,,,550,19,50,119,,,,,,0,0,0,0,0,0,0,0,False,-1,21.651
2026-04-02T15:38:05.409,2829,sequence,KCF,,False,,,,,,552,17,50,119,,,,,,0,0,0,0,0,0,0,0,False,-1,22.111
2026-04-02T15:38:05.443,2830,sequence,KCF,,False,,,,,,555,15,50,121,,,,,,0,0,0,0,0,0,0,0,False,-1,28.15
2026-04-02T15:38:05.475,2831,sequence,KCF,,False,,,,,,556,13,50,121,,,,,,0,0,0,0,0,0,0,0,False,-1,26.086
2026-04-02T15:38:05.500,2832,sequence,KCF,,False,,,,,,558,13,50,121,,,,,,0,0,0,0,0,0,0,0,False,-1,21.036
2026-04-02T15:38:05.526,2833,sequence,KCF,,False,,,,,,559,11,50,121,,,,,,0,0,0,0,0,0,0,0,False,-1,19.426
2026-04-02T15:38:05.554,2834,sequence,KCF,,False,,,,,,560,10,50,121,,,,,,0,0,0,0,0,0,0,0,False,-1,22.054
2026-04-02T15:38:05.582,2835,sequence,KCF,,False,,,,,,562,9,50,121,,,,,,0,0,0,0,0,0,0,0,False,-1,23.257
2026-04-02T15:38:05.610,2836,sequence,KCF,,False,,,,,,564,8,50,121,,,,,,0,0,0,0,0,0,0,0,False,-1,22.931
2026-04-02T15:38:05.633,2837,sequence,KCF,,False,,,,,,565,7,48,121,,,,,,0,0,0,0,0,0,0,0,False,-1,19.077
2026-04-02T15:38:05.665,2838,sequence,KCF,,False,,,,,,566,7,48,122,,,,,,0,0,0,0,0,0,0,0,False,-1,26.371
2026-04-02T15:38:05.696,2839,sequence,KCF,,False,,,,,,568,6,47,122,,,,,,0,0,0,0,0,0,0,0,False,-1,26.321
2026-04-02T15:38:05.721,2840,sequence,KCF,,False,,,,,,568,6,48,121,,,,,,0,0,0,0,0,0,0,0,False,-1,18.261
2026-04-02T15:38:05.754,2841,sequence,KCF,,False,,,,,,568,6,48,120,,,,,,0,0,0,0,0,0,0,0,False,-1,27.175
2026-04-02T15:38:05.784,2842,sequence,KCF,,False,,,,,,569,6,48,119,,,,,,0,0,0,0,0,0,0,0,False,-1,26.355
2026-04-02T15:38:05.807,2843,sequence,KCF,,False,,,,,,570,6,48,119,,,,,,0,0,0,0,0,0,0,0,False,-1,17.245
2026-04-02T15:38:05.836,2844,sequence,KCF,,False,,,,,,571,5,47,118,,,,,,0,0,0,0,0,0,0,0,False,-1,23.592
2026-04-02T15:38:05.867,2845,sequence,KCF,,False,,,,,,572,5,46,118,,,,,,0,0,0,0,0,0,0,0,False,-1,25.644
2026-04-02T15:38:05.893,2846,sequence,KCF,,False,,,,,,572,5,46,117,,,,,,0,0,0,0,0,0,0,0,False,-1,19.197
2026-04-02T15:38:05.928,2847,sequence,KCF,,False,,,,,,572,5,46,116,,,,,,0,0,0,0,0,0,0,0,False,-1,30.521
2026-04-02T15:38:05.953,2848,sequence,KCF,,False,,,,,,572,5,46,115,,,,,,0,0,0,0,0,0,0,0,False,-1,20.47
2026-04-02T15:38:05.979,2849,sequence,KCF,,False,,,,,,572,5,46,115,,,,,,0,0,0,0,0,0,0,0,False,-1,19.895
2026-04-02T15:38:06.008,2850,sequence,KCF,,False,,,,,,572,5,46,116,,,,,,0,0,0,0,0,0,0,0,False,-1,22.831
2026-04-02T15:38:06.038,2851,sequence,KCF,,False,,,,,,571,5,47,116,,,,,,0,0,0,0,0,0,0,0,False,-1,25.087
2026-04-02T15:38:06.066,2852,sequence,KCF,,False,,,,,,570,6,47,116,,,,,,0,0,0,0,0,0,0,0,False,-1,23.952
2026-04-02T15:38:06.100,2853,sequence,KCF,,False,,,,,,570,7,47,116,,,,,,0,0,0,0,0,0,0,0,False,-1,28.877
2026-04-02T15:38:06.133,2854,sequence,KCF,,False,,,,,,570,7,47,116,,,,,,0,0,0,0,0,0,0,0,False,-1,27.611
2026-04-02T15:38:06.161,2855,sequence,KCF,,False,,,,,,570,8,46,116,,,,,,0,0,0,0,0,0,0,0,False,-1,22.095
2026-04-02T15:38:06.190,2856,sequence,KCF,,False,,,,,,570,9,46,115,,,,,,0,0,0,0,0,0,0,0,False,-1,23.549
2026-04-02T15:38:06.216,2857,sequence,KCF,,False,,,,,,570,10,45,115,,,,,,0,0,0,0,0,0,0,0,False,-1,22.666
2026-04-02T15:38:06.246,2858,sequence,KCF,,False,,,,,,570,11,45,115,,,,,,0,0,0,0,0,0,0,0,False,-1,24.431
2026-04-02T15:38:06.275,2859,sequence,KCF,,False,,,,,,571,11,45,115,,,,,,0,0,0,0,0,0,0,0,False,-1,24.31
2026-04-02T15:38:06.304,2860,sequence,KCF,,False,,,,,,571,11,45,115,,,,,,0,0,0,0,0,0,0,0,False,-1,22.057
2026-04-02T15:38:06.337,2861,sequence,KCF,,False,,,,,,571,11,45,115,,,,,,0,0,0,0,0,0,0,0,False,-1,27.414
2026-04-02T15:38:06.368,2862,sequence,KCF,,False,,,,,,571,11,45,115,,,,,,0,0,0,0,0,0,0,0,False,-1,27.398
2026-04-02T15:38:06.402,2863,sequence,KCF,,False,,,,,,571,11,45,115,,,,,,0,0,0,0,0,0,0,0,False,-1,28.711
2026-04-02T15:38:06.434,2864,sequence,KCF,,False,,,,,,571,13,43,115,,,,,,0,0,0,0,0,0,0,0,False,-1,25.538
2026-04-02T15:38:06.468,2865,sequence,KCF,,False,,,,,,572,14,42,115,,,,,,0,0,0,0,0,0,0,0,False,-1,28.407
2026-04-02T15:38:06.496,2866,sequence,KCF,,False,,,,,,572,15,40,115,,,,,,0,0,0,0,0,0,0,0,False,-1,21.48
2026-04-02T15:38:06.521,2867,sequence,KCF,,False,,,,,,570,15,40,115,,,,,,0,0,0,0,0,0,0,0,False,-1,21.123
2026-04-02T15:38:06.545,2868,sequence,KCF,,False,,,,,,570,16,40,115,,,,,,0,0,0,0,0,0,0,0,False,-1,17.739
2026-04-02T15:38:06.570,2869,sequence,KCF,,False,,,,,,568,16,40,115,,,,,,0,0,0,0,0,0,0,0,False,-1,19.757
2026-04-02T15:38:06.599,2870,sequence,KCF,,False,,,,,,568,17,40,115,,,,,,0,0,0,0,0,0,0,0,False,-1,22.915
2026-04-02T15:38:06.633,2871,sequence,KCF,,False,,,,,,566,17,40,115,,,,,,0,0,0,0,0,0,0,0,False,-1,28.117
2026-04-02T15:38:06.661,2872,sequence,KCF,,False,,,,,,565,18,40,115,,,,,,0,0,0,0,0,0,0,0,False,-1,25.17
2026-04-02T15:38:06.694,2873,sequence,KCF,,False,,,,,,564,19,40,115,,,,,,0,0,0,0,0,0,0,0,False,-1,27.518
2026-04-02T15:38:06.721,2874,sequence,KCF,,False,,,,,,562,20,40,115,,,,,,0,0,0,0,0,0,0,0,False,-1,20.123
2026-04-02T15:38:06.755,2875,sequence,KCF,,False,,,,,,560,21,40,115,,,,,,0,0,0,0,0,0,0,0,False,-1,28.803
2026-04-02T15:38:06.785,2876,sequence,KCF,,False,,,,,,559,20,39,114,,,,,,0,0,0,0,0,0,0,0,False,-1,24.128
2026-04-02T15:38:06.816,2877,sequence,KCF,,False,,,,,,558,20,38,112,,,,,,0,0,0,0,0,0,0,0,False,-1,28.008
2026-04-02T15:38:06.847,2878,sequence,KCF,,False,,,,,,557,19,38,111,,,,,,0,0,0,0,0,0,0,0,False,-1,25.861
2026-04-02T15:38:06.881,2879,sequence,KCF,,False,,,,,,555,20,38,109,,,,,,0,0,0,0,0,0,0,0,False,-1,28.917
2026-04-02T15:38:06.908,2880,sequence,KCF,,False,,,,,,553,21,38,107,,,,,,0,0,0,0,0,0,0,0,False,-1,21.262
2026-04-02T15:38:06.938,2881,sequence,KCF,,False,,,,,,551,22,38,105,,,,,,0,0,0,0,0,0,0,0,False,-1,24.687
2026-04-02T15:38:06.968,2882,sequence,KCF,,False,,,,,,548,22,38,106,,,,,,0,0,0,0,0,0,0,0,False,-1,23.829
2026-04-02T15:38:07.001,2883,sequence,KCF,,False,,,,,,544,23,39,106,,,,,,0,0,0,0,0,0,0,0,False,-1,27.714
2026-04-02T15:38:07.029,2884,sequence,KCF,,False,,,,,,542,23,39,107,,,,,,0,0,0,0,0,0,0,0,False,-1,22.695
2026-04-02T15:38:07.062,2885,sequence,KCF,,False,,,,,,539,23,39,107,,,,,,0,0,0,0,0,0,0,0,False,-1,27.389
2026-04-02T15:38:07.098,2886,sequence,KCF,,False,,,,,,537,23,39,107,,,,,,0,0,0,0,0,0,0,0,False,-1,30.767
2026-04-02T15:38:07.130,2887,sequence,KCF,,False,,,,,,534,23,39,107,,,,,,0,0,0,0,0,0,0,0,False,-1,27.91
2026-04-02T15:38:07.163,2888,sequence,KCF,,False,,,,,,530,23,39,107,,,,,,0,0,0,0,0,0,0,0,False,-1,26.328
2026-04-02T15:38:07.198,2889,sequence,KCF,,False,,,,,,526,23,38,107,,,,,,0,0,0,0,0,0,0,0,False,-1,29.003
2026-04-02T15:38:07.233,2890,sequence,KCF,,False,,,,,,522,23,38,107,,,,,,0,0,0,0,0,0,0,0,False,-1,28.616
2026-04-02T15:38:07.269,2891,sequence,KCF,,False,,,,,,520,24,38,106,,,,,,0,0,0,0,0,0,0,0,False,-1,29.204
2026-04-02T15:38:07.299,2892,sequence,KCF,,False,,,,,,517,25,36,105,,,,,,0,0,0,0,0,0,0,0,False,-1,25.64
2026-04-02T15:38:07.332,2893,sequence,KCF,,False,,,,,,515,25,35,103,,,,,,0,0,0,0,0,0,0,0,False,-1,26.879
2026-04-02T15:38:07.366,2894,sequence,KCF,,False,,,,,,512,25,35,103,,,,,,0,0,0,0,0,0,0,0,False,-1,26.964
2026-04-02T15:38:07.400,2895,sequence,KCF,,False,,,,,,508,26,35,103,,,,,,0,0,0,0,0,0,0,0,False,-1,28.526
2026-04-02T15:38:07.430,2896,sequence,KCF,,False,,,,,,506,26,35,103,,,,,,0,0,0,0,0,0,0,0,False,-1,23.941
2026-04-02T15:38:07.464,2897,sequence,KCF,,False,,,,,,502,27,34,103,,,,,,0,0,0,0,0,0,0,0,False,-1,27.964
2026-04-02T15:38:07.499,2898,sequence,KCF,,False,,,,,,498,28,34,101,,,,,,0,0,0,0,0,0,0,0,False,-1,29.289
2026-04-02T15:38:07.535,2899,sequence,KCF,,False,,,,,,494,29,33,101,,,,,,0,0,0,0,0,0,0,0,False,-1,29.409
2026-04-02T15:38:07.568,2900,sequence,KCF,,False,,,,,,492,29,33,101,,,,,,0,0,0,0,0,0,0,0,False,-1,28.227
2026-04-02T15:38:07.603,2901,sequence,KCF,,False,,,,,,490,29,33,101,,,,,,0,0,0,0,0,0,0,0,False,-1,28.583
2026-04-02T15:38:07.632,2902,sequence,KCF,,False,,,,,,487,29,33,101,,,,,,0,0,0,0,0,0,0,0,False,-1,25.058
2026-04-02T15:38:07.667,2903,sequence,KCF,,False,,,,,,484,29,32,100,,,,,,0,0,0,0,0,0,0,0,False,-1,27.828
2026-04-02T15:38:07.699,2904,sequence,KCF,,False,,,,,,480,28,32,99,,,,,,0,0,0,0,0,0,0,0,False,-1,26.115
2026-04-02T15:38:07.735,2905,sequence,KCF,,False,,,,,,476,28,31,99,,,,,,0,0,0,0,0,0,0,0,False,-1,29.683
2026-04-02T15:38:07.770,2906,sequence,KCF,,False,,,,,,474,28,31,98,,,,,,0,0,0,0,0,0,0,0,False,-1,28.295
2026-04-02T15:38:07.803,2907,sequence,KCF,,False,,,,,,472,29,31,97,,,,,,0,0,0,0,0,0,0,0,False,-1,28.73
2026-04-02T15:38:07.836,2908,sequence,KCF,,False,,,,,,469,29,31,96,,,,,,0,0,0,0,0,0,0,0,False,-1,28.109
2026-04-02T15:38:07.871,2909,sequence,KCF,,False,,,,,,467,29,31,96,,,,,,0,0,0,0,0,0,0,0,False,-1,29.118
2026-04-02T15:38:07.905,2910,sequence,KCF,,False,,,,,,465,29,31,96,,,,,,0,0,0,0,0,0,0,0,False,-1,28.292
2026-04-02T15:38:07.938,2911,sequence,KCF,,False,,,,,,463,29,31,96,,,,,,0,0,0,0,0,0,0,0,False,-1,27.361
2026-04-02T15:38:07.966,2912,sequence,KCF,,False,,,,,,460,29,31,96,,,,,,0,0,0,0,0,0,0,0,False,-1,24.35
2026-04-02T15:38:08.002,2913,sequence,KCF,,False,,,,,,456,28,31,96,,,,,,0,0,0,0,0,0,0,0,False,-1,30.203
2026-04-02T15:38:08.038,2914,sequence,KCF,,False,,,,,,454,27,31,96,,,,,,0,0,0,0,0,0,0,0,False,-1,29.558
2026-04-02T15:38:08.073,2915,sequence,KCF,,False,,,,,,452,27,31,96,,,,,,0,0,0,0,0,0,0,0,False,-1,29.285
2026-04-02T15:38:08.103,2916,sequence,KCF,,False,,,,,,449,27,31,96,,,,,,0,0,0,0,0,0,0,0,False,-1,24.264
2026-04-02T15:38:08.132,2917,sequence,KCF,,False,,,,,,447,27,31,96,,,,,,0,0,0,0,0,0,0,0,False,-1,24.515
2026-04-02T15:38:08.164,2918,sequence,KCF,,False,,,,,,444,26,30,96,,,,,,0,0,0,0,0,0,0,0,False,-1,26.849
2026-04-02T15:38:08.198,2919,sequence,KCF,,False,,,,,,442,25,30,96,,,,,,0,0,0,0,0,0,0,0,False,-1,27.819
2026-04-02T15:38:08.230,2920,sequence,KCF,,False,,,,,,438,25,29,96,,,,,,0,0,0,0,0,0,0,0,False,-1,25.425
2026-04-02T15:38:08.264,2921,sequence,KCF,,False,,,,,,436,25,29,96,,,,,,0,0,0,0,0,0,0,0,False,-1,28.559
2026-04-02T15:38:08.299,2922,sequence,KCF,,False,,,,,,434,24,29,96,,,,,,0,0,0,0,0,0,0,0,False,-1,30.749
2026-04-02T15:38:08.334,2923,sequence,KCF,,False,,,,,,432,24,29,96,,,,,,0,0,0,0,0,0,0,0,False,-1,28.598
2026-04-02T15:38:08.362,2924,sequence,KCF,,False,,,,,,430,23,29,96,,,,,,0,0,0,0,0,0,0,0,False,-1,21.806
2026-04-02T15:38:08.396,2925,sequence,KCF,,False,,,,,,428,22,29,96,,,,,,0,0,0,0,0,0,0,0,False,-1,27.339
2026-04-02T15:38:08.429,2926,sequence,KCF,,False,,,,,,426,21,29,96,,,,,,0,0,0,0,0,0,0,0,False,-1,27.178
2026-04-02T15:38:08.464,2927,sequence,KCF,,False,,,,,,422,21,29,96,,,,,,0,0,0,0,0,0,0,0,False,-1,30.04
2026-04-02T15:38:08.497,2928,sequence,KCF,,False,,,,,,420,21,29,96,,,,,,0,0,0,0,0,0,0,0,False,-1,26.999
2026-04-02T15:38:08.528,2929,sequence,KCF,,False,,,,,,416,21,29,96,,,,,,0,0,0,0,0,0,0,0,False,-1,24.237
2026-04-02T15:38:08.557,2930,sequence,KCF,,False,,,,,,414,21,29,96,,,,,,0,0,0,0,0,0,0,0,False,-1,22.831
2026-04-02T15:38:08.586,2931,sequence,KCF,,False,,,,,,412,21,29,96,,,,,,0,0,0,0,0,0,0,0,False,-1,23.789
2026-04-02T15:38:08.614,2932,sequence,KCF,,False,,,,,,410,20,29,96,,,,,,0,0,0,0,0,0,0,0,False,-1,23.025
2026-04-02T15:38:08.649,2933,sequence,KCF,,False,,,,,,408,20,28,95,,,,,,0,0,0,0,0,0,0,0,False,-1,28.646
2026-04-02T15:38:08.681,2934,sequence,KCF,,False,,,,,,405,19,28,94,,,,,,0,0,0,0,0,0,0,0,False,-1,26.153
2026-04-02T15:38:08.716,2935,sequence,KCF,,False,,,,,,402,19,26,93,,,,,,0,0,0,0,0,0,0,0,False,-1,28.181
2026-04-02T15:38:08.749,2936,sequence,KCF,,False,,,,,,401,20,26,92,,,,,,0,0,0,0,0,0,0,0,False,-1,25.67
2026-04-02T15:38:08.780,2937,sequence,KCF,,False,,,,,,400,20,27,91,,,,,,0,0,0,0,0,0,0,0,False,-1,27.123
2026-04-02T15:38:08.815,2938,sequence,KCF,,False,,,,,,398,21,27,91,,,,,,0,0,0,0,0,0,0,0,False,-1,29.335
2026-04-02T15:38:08.847,2939,sequence,KCF,,False,,,,,,397,20,27,91,,,,,,0,0,0,0,0,0,0,0,False,-1,26.466
2026-04-02T15:38:08.874,2940,sequence,KCF,,False,,,,,,395,19,27,91,,,,,,0,0,0,0,0,0,0,0,False,-1,20.361
2026-04-02T15:38:08.901,2941,sequence,KCF,,False,,,,,,394,18,27,91,,,,,,0,0,0,0,0,0,0,0,False,-1,21.246
2026-04-02T15:38:08.929,2942,sequence,KCF,,False,,,,,,392,17,27,91,,,,,,0,0,0,0,0,0,0,0,False,-1,21.509
2026-04-02T15:38:08.963,2943,sequence,KCF,,False,,,,,,390,17,27,91,,,,,,0,0,0,0,0,0,0,0,False,-1,28.078
2026-04-02T15:38:08.993,2944,sequence,KCF,,False,,,,,,388,16,27,91,,,,,,0,0,0,0,0,0,0,0,False,-1,24.279
2026-04-02T15:38:09.028,2945,sequence,KCF,,False,,,,,,386,16,27,91,,,,,,0,0,0,0,0,0,0,0,False,-1,28.871
2026-04-02T15:38:09.058,2946,sequence,KCF,,False,,,,,,386,17,27,91,,,,,,0,0,0,0,0,0,0,0,False,-1,23.289
2026-04-02T15:38:09.083,2947,sequence,KCF,,False,,,,,,385,17,27,91,,,,,,0,0,0,0,0,0,0,0,False,-1,21.163
2026-04-02T15:38:09.117,2948,sequence,KCF,,False,,,,,,384,16,27,91,,,,,,0,0,0,0,0,0,0,0,False,-1,28.003
2026-04-02T15:38:09.149,2949,sequence,KCF,,False,,,,,,382,16,27,91,,,,,,0,0,0,0,0,0,0,0,False,-1,25.236
2026-04-02T15:38:09.183,2950,sequence,KCF,,False,,,,,,382,15,27,91,,,,,,0,0,0,0,0,0,0,0,False,-1,27.169
2026-04-02T15:38:09.214,2951,sequence,KCF,,False,,,,,,380,15,27,91,,,,,,0,0,0,0,0,0,0,0,False,-1,25.58
2026-04-02T15:38:09.243,2952,sequence,KCF,,False,,,,,,379,13,27,91,,,,,,0,0,0,0,0,0,0,0,False,-1,25.068
2026-04-02T15:38:09.275,2953,sequence,KCF,,False,,,,,,378,13,27,91,,,,,,0,0,0,0,0,0,0,0,False,-1,25.37
2026-04-02T15:38:09.307,2954,sequence,KCF,,False,,,,,,377,13,26,89,,,,,,0,0,0,0,0,0,0,0,False,-1,26.32
2026-04-02T15:38:09.332,2955,sequence,KCF,,False,,,,,,376,14,26,88,,,,,,0,0,0,0,0,0,0,0,False,-1,19.433
2026-04-02T15:38:09.356,2956,sequence,KCF,,False,,,,,,376,15,25,87,,,,,,0,0,0,0,0,0,0,0,False,-1,19.05
2026-04-02T15:38:09.378,2957,sequence,KCF,,False,,,,,,374,14,26,86,,,,,,0,0,0,0,0,0,0,0,False,-1,19.06
2026-04-02T15:38:09.404,2958,sequence,KCF,,False,,,,,,371,13,26,86,,,,,,0,0,0,0,0,0,0,0,False,-1,20.739
2026-04-02T15:38:09.440,2959,sequence,KCF,,False,,,,,,369,12,26,85,,,,,,0,0,0,0,0,0,0,0,False,-1,28.931
2026-04-02T15:38:09.464,2960,sequence,KCF,,False,,,,,,368,12,26,85,,,,,,0,0,0,0,0,0,0,0,False,-1,18.771
2026-04-02T15:38:09.495,2961,sequence,KCF,,False,,,,,,366,11,26,85,,,,,,0,0,0,0,0,0,0,0,False,-1,26.258
2026-04-02T15:38:09.522,2962,sequence,KCF,,False,,,,,,364,11,26,85,,,,,,0,0,0,0,0,0,0,0,False,-1,23.306
2026-04-02T15:38:09.557,2963,sequence,KCF,,False,,,,,,362,11,26,85,,,,,,0,0,0,0,0,0,0,0,False,-1,28.865
2026-04-02T15:38:09.583,2964,sequence,KCF,,False,,,,,,360,11,26,85,,,,,,0,0,0,0,0,0,0,0,False,-1,19.901
2026-04-02T15:38:09.609,2965,sequence,KCF,,False,,,,,,358,11,26,85,,,,,,0,0,0,0,0,0,0,0,False,-1,20.686
2026-04-02T15:38:09.637,2966,sequence,KCF,,False,,,,,,357,11,26,85,,,,,,0,0,0,0,0,0,0,0,False,-1,22.07
2026-04-02T15:38:09.669,2967,sequence,KCF,,False,,,,,,356,11,26,85,,,,,,0,0,0,0,0,0,0,0,False,-1,27.472
2026-04-02T15:38:09.702,2968,sequence,KCF,,False,,,,,,355,11,26,85,,,,,,0,0,0,0,0,0,0,0,False,-1,26.583
2026-04-02T15:38:09.735,2969,sequence,KCF,,False,,,,,,354,10,26,85,,,,,,0,0,0,0,0,0,0,0,False,-1,27.33
2026-04-02T15:38:09.768,2970,sequence,KCF,,False,,,,,,353,9,26,85,,,,,,0,0,0,0,0,0,0,0,False,-1,25.715
2026-04-02T15:38:09.801,2971,sequence,KCF,,False,,,,,,352,9,26,85,,,,,,0,0,0,0,0,0,0,0,False,-1,26.981
2026-04-02T15:38:09.829,2972,sequence,KCF,,False,,,,,,350,9,26,84,,,,,,0,0,0,0,0,0,0,0,False,-1,24.096
2026-04-02T15:38:09.859,2973,sequence,KCF,,False,,,,,,348,8,26,83,,,,,,0,0,0,0,0,0,0,0,False,-1,24.141
2026-04-02T15:38:09.889,2974,sequence,KCF,,False,,,,,,346,8,26,82,,,,,,0,0,0,0,0,0,0,0,False,-1,23.617
2026-04-02T15:38:09.920,2975,sequence,KCF,,False,,,,,,345,8,26,82,,,,,,0,0,0,0,0,0,0,0,False,-1,25.334
2026-04-02T15:38:09.949,2976,sequence,KCF,,False,,,,,,344,8,26,82,,,,,,0,0,0,0,0,0,0,0,False,-1,23.367
2026-04-02T15:38:09.985,2977,sequence,KCF,,False,,,,,,342,8,26,82,,,,,,0,0,0,0,0,0,0,0,False,-1,30.994
2026-04-02T15:38:10.019,2978,sequence,KCF,,False,,,,,,340,8,26,82,,,,,,0,0,0,0,0,0,0,0,False,-1,27.232
2026-04-02T15:38:10.053,2979,sequence,KCF,,False,,,,,,339,8,26,82,,,,,,0,0,0,0,0,0,0,0,False,-1,26.692
2026-04-02T15:38:10.082,2980,sequence,KCF,,False,,,,,,337,8,26,82,,,,,,0,0,0,0,0,0,0,0,False,-1,23.068
2026-04-02T15:38:10.102,2981,sequence,KCF,,False,,,,,,336,8,26,82,,,,,,0,0,0,0,0,0,0,0,False,-1,15.616
2026-04-02T15:38:10.125,2982,sequence,KCF,,False,,,,,,334,8,26,81,,,,,,0,0,0,0,0,0,0,0,False,-1,19.307
2026-04-02T15:38:10.159,2983,sequence,KCF,,False,,,,,,332,8,26,81,,,,,,0,0,0,0,0,0,0,0,False,-1,27.57
2026-04-02T15:38:10.186,2984,sequence,KCF,,False,,,,,,332,8,26,81,,,,,,0,0,0,0,0,0,0,0,False,-1,20.671
2026-04-02T15:38:10.208,2985,sequence,KCF,,False,,,,,,330,8,26,80,,,,,,0,0,0,0,0,0,0,0,False,-1,19.232
2026-04-02T15:38:10.231,2986,sequence,KCF,,False,,,,,,329,8,26,79,,,,,,0,0,0,0,0,0,0,0,False,-1,17.77
2026-04-02T15:38:10.261,2987,sequence,KCF,,False,,,,,,328,7,26,79,,,,,,0,0,0,0,0,0,0,0,False,-1,25.979
2026-04-02T15:38:10.285,2988,sequence,KCF,,False,,,,,,326,7,26,79,,,,,,0,0,0,0,0,0,0,0,False,-1,18.434
2026-04-02T15:38:10.319,2989,sequence,KCF,,False,,,,,,324,7,26,79,,,,,,0,0,0,0,0,0,0,0,False,-1,27.655
2026-04-02T15:38:10.352,2990,sequence,KCF,,False,,,,,,324,7,26,79,,,,,,0,0,0,0,0,0,0,0,False,-1,25.615
2026-04-02T15:38:10.387,2991,sequence,KCF,,False,,,,,,323,7,26,79,,,,,,0,0,0,0,0,0,0,0,False,-1,29.545
2026-04-02T15:38:10.415,2992,sequence,KCF,,False,,,,,,322,7,26,79,,,,,,0,0,0,0,0,0,0,0,False,-1,24.279
2026-04-02T15:38:10.445,2993,sequence,KCF,,False,,,,,,321,7,26,79,,,,,,0,0,0,0,0,0,0,0,False,-1,23.541
2026-04-02T15:38:10.483,2994,sequence,KCF,,False,,,,,,320,7,26,79,,,,,,0,0,0,0,0,0,0,0,False,-1,30.828
2026-04-02T15:38:10.516,2995,sequence,KCF,,False,,,,,,318,7,26,79,,,,,,0,0,0,0,0,0,0,0,False,-1,26.375
2026-04-02T15:38:10.546,2996,sequence,KCF,,False,,,,,,318,7,26,79,,,,,,0,0,0,0,0,0,0,0,False,-1,24.582
2026-04-02T15:38:10.583,2997,sequence,KCF,,False,,,,,,317,7,26,79,,,,,,0,0,0,0,0,0,0,0,False,-1,32.579
2026-04-02T15:38:10.624,2998,sequence,KCF,,False,,,,,,316,8,26,79,,,,,,0,0,0,0,0,0,0,0,False,-1,33.898
2026-04-02T15:38:10.658,2999,sequence,KCF,,False,,,,,,316,9,26,79,,,,,,0,0,0,0,0,0,0,0,False,-1,26.639
2026-04-02T15:38:10.697,3000,sequence,KCF,,False,,,,,,316,9,26,77,,,,,,0,0,0,0,0,0,0,0,False,-1,31.757
2026-04-02T15:38:10.729,3001,sequence,KCF,,False,,,,,,315,9,26,77,,,,,,0,0,0,0,0,0,0,0,False,-1,25.277
2026-04-02T15:38:10.760,3002,sequence,KCF,,False,,,,,,314,10,26,76,,,,,,0,0,0,0,0,0,0,0,False,-1,24.809
2026-04-02T15:38:10.790,3003,sequence,KCF,,False,,,,,,313,10,26,76,,,,,,0,0,0,0,0,0,0,0,False,-1,24.311
2026-04-02T15:38:10.824,3004,sequence,KCF,,False,,,,,,312,11,26,75,,,,,,0,0,0,0,0,0,0,0,False,-1,28.047
2026-04-02T15:38:10.859,3005,sequence,KCF,,False,,,,,,311,11,26,75,,,,,,0,0,0,0,0,0,0,0,False,-1,28.463
2026-04-02T15:38:10.893,3006,sequence,KCF,,False,,,,,,310,11,26,74,,,,,,0,0,0,0,0,0,0,0,False,-1,29.513
2026-04-02T15:38:10.929,3007,sequence,KCF,,False,,,,,,310,12,26,73,,,,,,0,0,0,0,0,0,0,0,False,-1,29.985
2026-04-02T15:38:10.961,3008,sequence,KCF,,False,,,,,,308,12,26,73,,,,,,0,0,0,0,0,0,0,0,False,-1,25.464
2026-04-02T15:38:10.992,3009,sequence,KCF,,False,,,,,,308,12,26,73,,,,,,0,0,0,0,0,0,0,0,False,-1,25.547
2026-04-02T15:38:11.023,3010,sequence,KCF,,False,,,,,,307,12,26,73,,,,,,0,0,0,0,0,0,0,0,False,-1,24.302
2026-04-02T15:38:11.054,3011,sequence,KCF,,False,,,,,,306,13,26,73,,,,,,0,0,0,0,0,0,0,0,False,-1,27.564
2026-04-02T15:38:11.081,3012,sequence,KCF,,False,,,,,,304,13,26,73,,,,,,0,0,0,0,0,0,0,0,False,-1,21.504
2026-04-02T15:38:11.113,3013,sequence,KCF,,False,,,,,,304,13,26,73,,,,,,0,0,0,0,0,0,0,0,False,-1,25.363
2026-04-02T15:38:11.157,3014,sequence,KCF,,False,,,,,,302,13,26,73,,,,,,0,0,0,0,0,0,0,0,False,-1,37.778
2026-04-02T15:38:11.193,3015,sequence,KCF,,False,,,,,,302,13,26,73,,,,,,0,0,0,0,0,0,0,0,False,-1,28.718
2026-04-02T15:38:11.219,3016,sequence,KCF,,False,,,,,,301,12,26,73,,,,,,0,0,0,0,0,0,0,0,False,-1,21.989
2026-04-02T15:38:11.252,3017,sequence,KCF,,False,,,,,,300,12,26,73,,,,,,0,0,0,0,0,0,0,0,False,-1,27.342
2026-04-02T15:38:11.282,3018,sequence,KCF,,False,,,,,,298,13,26,73,,,,,,0,0,0,0,0,0,0,0,False,-1,25.092
2026-04-02T15:38:11.309,3019,sequence,KCF,,False,,,,,,297,13,26,73,,,,,,0,0,0,0,0,0,0,0,False,-1,20.805
2026-04-02T15:38:11.338,3020,sequence,KCF,,False,,,,,,296,12,26,74,,,,,,0,0,0,0,0,0,0,0,False,-1,22.976
2026-04-02T15:38:11.363,3021,sequence,KCF,,False,,,,,,295,12,26,74,,,,,,0,0,0,0,0,0,0,0,False,-1,21.827
2026-04-02T15:38:11.400,3022,sequence,KCF,,False,,,,,,294,11,26,75,,,,,,0,0,0,0,0,0,0,0,False,-1,30.137
2026-04-02T15:38:11.435,3023,sequence,KCF,,False,,,,,,294,11,26,75,,,,,,0,0,0,0,0,0,0,0,False,-1,28.513
2026-04-02T15:38:11.468,3024,sequence,KCF,,False,,,,,,293,12,24,75,,,,,,0,0,0,0,0,0,0,0,False,-1,27.402
2026-04-02T15:38:11.502,3025,sequence,KCF,,False,,,,,,292,12,24,75,,,,,,0,0,0,0,0,0,0,0,False,-1,27.415
2026-04-02T15:38:11.536,3026,sequence,KCF,,False,,,,,,292,12,24,75,,,,,,0,0,0,0,0,0,0,0,False,-1,27.421
2026-04-02T15:38:11.570,3027,sequence,KCF,,False,,,,,,291,12,24,75,,,,,,0,0,0,0,0,0,0,0,False,-1,28.264
2026-04-02T15:38:11.601,3028,sequence,KCF,,False,,,,,,290,12,24,75,,,,,,0,0,0,0,0,0,0,0,False,-1,25.112
2026-04-02T15:38:11.632,3029,sequence,KCF,,False,,,,,,289,12,24,75,,,,,,0,0,0,0,0,0,0,0,False,-1,24.533
2026-04-02T15:38:11.665,3030,sequence,KCF,,False,,,,,,288,12,24,75,,,,,,0,0,0,0,0,0,0,0,False,-1,26.85
2026-04-02T15:38:11.694,3031,sequence,KCF,,False,,,,,,288,12,24,75,,,,,,0,0,0,0,0,0,0,0,False,-1,24.804
2026-04-02T15:38:11.727,3032,sequence,KCF,,False,,,,,,286,12,24,75,,,,,,0,0,0,0,0,0,0,0,False,-1,26.413
2026-04-02T15:38:11.762,3033,sequence,KCF,,False,,,,,,286,13,24,75,,,,,,0,0,0,0,0,0,0,0,False,-1,29.742
2026-04-02T15:38:11.798,3034,sequence,KCF,,False,,,,,,284,13,24,75,,,,,,0,0,0,0,0,0,0,0,False,-1,29.596
2026-04-02T15:38:11.832,3035,sequence,KCF,,False,,,,,,284,13,24,74,,,,,,0,0,0,0,0,0,0,0,False,-1,28.551
2026-04-02T15:38:11.862,3036,sequence,KCF,,False,,,,,,284,13,24,73,,,,,,0,0,0,0,0,0,0,0,False,-1,25.955
2026-04-02T15:38:11.896,3037,sequence,KCF,,False,,,,,,284,13,23,72,,,,,,0,0,0,0,0,0,0,0,False,-1,27.934
2026-04-02T15:38:11.928,3038,sequence,KCF,,False,,,,,,283,13,23,72,,,,,,0,0,0,0,0,0,0,0,False,-1,25.122
2026-04-02T15:38:11.960,3039,sequence,KCF,,False,,,,,,282,13,22,71,,,,,,0,0,0,0,0,0,0,0,False,-1,26.614
2026-04-02T15:38:11.995,3040,sequence,KCF,,False,,,,,,282,13,22,71,,,,,,0,0,0,0,0,0,0,0,False,-1,29.02
2026-04-02T15:38:12.027,3041,sequence,KCF,,False,,,,,,281,13,23,71,,,,,,0,0,0,0,0,0,0,0,False,-1,28.338
2026-04-02T15:38:12.061,3042,sequence,KCF,,False,,,,,,280,13,23,71,,,,,,0,0,0,0,0,0,0,0,False,-1,27.946
2026-04-02T15:38:12.097,3043,sequence,KCF,,False,,,,,,279,14,24,71,,,,,,0,0,0,0,0,0,0,0,False,-1,29.046
2026-04-02T15:38:12.129,3044,sequence,KCF,,False,,,,,,278,14,24,71,,,,,,0,0,0,0,0,0,0,0,False,-1,26.038
2026-04-02T15:38:12.163,3045,sequence,KCF,,False,,,,,,278,14,24,71,,,,,,0,0,0,0,0,0,0,0,False,-1,28.403
2026-04-02T15:38:12.195,3046,sequence,KCF,,False,,,,,,277,14,24,71,,,,,,0,0,0,0,0,0,0,0,False,-1,28.485
2026-04-02T15:38:12.228,3047,sequence,KCF,,False,,,,,,276,14,24,71,,,,,,0,0,0,0,0,0,0,0,False,-1,26.788
2026-04-02T15:38:12.253,3048,sequence,KCF,,False,,,,,,276,15,24,71,,,,,,0,0,0,0,0,0,0,0,False,-1,19.735
2026-04-02T15:38:12.287,3049,sequence,KCF,,False,,,,,,275,15,24,71,,,,,,0,0,0,0,0,0,0,0,False,-1,27.44
2026-04-02T15:38:12.321,3050,sequence,KCF,,False,,,,,,275,15,24,71,,,,,,0,0,0,0,0,0,0,0,False,-1,27.082
2026-04-02T15:38:12.352,3051,sequence,KCF,,False,,,,,,274,15,24,71,,,,,,0,0,0,0,0,0,0,0,False,-1,27.667
2026-04-02T15:38:12.385,3052,sequence,KCF,,False,,,,,,274,15,24,71,,,,,,0,0,0,0,0,0,0,0,False,-1,27.297
2026-04-02T15:38:12.438,3053,sequence,KCF,,False,,,,,,274,16,23,71,,,,,,0,0,0,0,0,0,0,0,False,-1,46.486
2026-04-02T15:38:12.475,3054,sequence,KCF,,False,,,,,,274,16,22,71,,,,,,0,0,0,0,0,0,0,0,False,-1,30.556
2026-04-02T15:38:12.512,3055,sequence,KCF,,False,,,,,,274,17,22,71,,,,,,0,0,0,0,0,0,0,0,False,-1,30.476
2026-04-02T15:38:12.542,3056,sequence,KCF,,False,,,,,,274,17,22,71,,,,,,0,0,0,0,0,0,0,0,False,-1,25.847
2026-04-02T15:38:12.572,3057,sequence,KCF,,False,,,,,,275,18,22,71,,,,,,0,0,0,0,0,0,0,0,False,-1,24.165
2026-04-02T15:38:12.607,3058,sequence,KCF,,False,,,,,,276,19,22,71,,,,,,0,0,0,0,0,0,0,0,False,-1,29.051
2026-04-02T15:38:12.642,3059,sequence,KCF,,False,,,,,,276,19,22,71,,,,,,0,0,0,0,0,0,0,0,False,-1,29.022
2026-04-02T15:38:12.673,3060,sequence,KCF,,False,,,,,,275,21,22,71,,,,,,0,0,0,0,0,0,0,0,False,-1,24.953
2026-04-02T15:38:12.704,3061,sequence,KCF,,False,,,,,,275,21,22,71,,,,,,0,0,0,0,0,0,0,0,False,-1,26.98
2026-04-02T15:38:12.741,3062,sequence,KCF,,False,,,,,,276,23,22,71,,,,,,0,0,0,0,0,0,0,0,False,-1,29.997
2026-04-02T15:38:12.775,3063,sequence,KCF,,False,,,,,,276,23,22,71,,,,,,0,0,0,0,0,0,0,0,False,-1,27.936
2026-04-02T15:38:12.806,3064,sequence,KCF,,False,,,,,,277,25,22,71,,,,,,0,0,0,0,0,0,0,0,False,-1,25.986
2026-04-02T15:38:12.842,3065,sequence,KCF,,False,,,,,,277,25,22,71,,,,,,0,0,0,0,0,0,0,0,False,-1,30.39
2026-04-02T15:38:12.876,3066,sequence,KCF,,False,,,,,,278,27,22,71,,,,,,0,0,0,0,0,0,0,0,False,-1,29.879
2026-04-02T15:38:12.911,3067,sequence,KCF,,False,,,,,,278,27,22,71,,,,,,0,0,0,0,0,0,0,0,False,-1,28.321
2026-04-02T15:38:12.943,3068,sequence,KCF,,False,,,,,,278,28,22,71,,,,,,0,0,0,0,0,0,0,0,False,-1,26.332
2026-04-02T15:38:12.981,3069,sequence,KCF,,False,,,,,,279,29,22,71,,,,,,0,0,0,0,0,0,0,0,False,-1,31.497
2026-04-02T15:38:13.015,3070,sequence,KCF,,False,,,,,,280,30,22,71,,,,,,0,0,0,0,0,0,0,0,False,-1,27.415
2026-04-02T15:38:13.046,3071,sequence,KCF,,False,,,,,,280,31,22,71,,,,,,0,0,0,0,0,0,0,0,False,-1,27.73
2026-04-02T15:38:13.079,3072,sequence,KCF,,False,,,,,,282,33,23,71,,,,,,0,0,0,0,0,0,0,0,False,-1,26.666
2026-04-02T15:38:13.112,3073,sequence,KCF,,False,,,,,,282,34,24,71,,,,,,0,0,0,0,0,0,0,0,False,-1,26.898
2026-04-02T15:38:13.143,3074,sequence,KCF,,False,,,,,,283,35,24,71,,,,,,0,0,0,0,0,0,0,0,False,-1,24.343
2026-04-02T15:38:13.174,3075,sequence,KCF,,False,,,,,,284,36,24,71,,,,,,0,0,0,0,0,0,0,0,False,-1,24.538
2026-04-02T15:38:13.203,3076,sequence,KCF,,False,,,,,,284,37,24,71,,,,,,0,0,0,0,0,0,0,0,False,-1,25.273
2026-04-02T15:38:13.240,3077,sequence,KCF,,False,,,,,,286,38,24,71,,,,,,0,0,0,0,0,0,0,0,False,-1,30.288
2026-04-02T15:38:13.276,3078,sequence,KCF,,False,,,,,,287,39,24,71,,,,,,0,0,0,0,0,0,0,0,False,-1,30.328
2026-04-02T15:38:13.313,3079,sequence,KCF,,False,,,,,,288,40,24,71,,,,,,0,0,0,0,0,0,0,0,False,-1,31.051
2026-04-02T15:38:13.348,3080,sequence,KCF,,False,,,,,,288,40,24,71,,,,,,0,0,0,0,0,0,0,0,False,-1,27.981
2026-04-02T15:38:13.374,3081,sequence,KCF,,False,,,,,,290,41,24,71,,,,,,0,0,0,0,0,0,0,0,False,-1,23.0
2026-04-02T15:38:13.406,3082,sequence,KCF,,False,,,,,,290,41,24,71,,,,,,0,0,0,0,0,0,0,0,False,-1,25.307
2026-04-02T15:38:13.436,3083,sequence,KCF,,False,,,,,,290,39,24,71,,,,,,0,0,0,0,0,0,0,0,False,-1,25.37
2026-04-02T15:38:13.468,3084,sequence,KCF,,False,,,,,,292,39,24,71,,,,,,0,0,0,0,0,0,0,0,False,-1,25.89
2026-04-02T15:38:13.495,3085,sequence,KCF,,False,,,,,,292,37,24,71,,,,,,0,0,0,0,0,0,0,0,False,-1,21.285
